id,source,source_url,exercise_id,variation_id,sex,bodyweight_label_lb,bodyweight_reference_kg,bodyweight_min_kg,bodyweight_max_kg,level,metric,value_kg,source_value_lb,notes
legion-male-bench-press-114-beginner,Legion Athletics strength standards,https://legionathletics.com/strength-standards/,bench-press,bench-press__standard,male,114,51.7,,53.8,beginner,absolute_e1rm,38.1,84,Original Legion chart lift name: Bench Press. Source row bodyweight: 114 lb. Converted from 84 lb to 38.1 kg.
legion-male-bench-press-114-novice,Legion Athletics strength standards,https://legionathletics.com/strength-standards/,bench-press,bench-press__standard,male,114,51.7,,53.8,novice,absolute_e1rm,48.5,107,Original Legion chart lift name: Bench Press. Source row bodyweight: 114 lb. Converted from 107 lb to 48.5 kg.
legion-male-bench-press-114-intermediate,Legion Athletics strength standards,https://legionathletics.com/strength-standards/,bench-press,bench-press__standard,male,114,51.7,,53.8,intermediate,absolute_e1rm,59,130,Original Legion chart lift name: Bench Press. Source row bodyweight: 114 lb. Converted from 130 lb to 59 kg.
legion-male-bench-press-114-advanced,Legion Athletics strength standards,https://legionathletics.com/strength-standards/,bench-press,bench-press__standard,male,114,51.7,,53.8,advanced,absolute_e1rm,81.2,179,Original Legion chart lift name: Bench Press. Source row bodyweight: 114 lb. Converted from 179 lb to 81.2 kg.
legion-male-bench-press-114-elite,Legion Athletics strength standards,https://legionathletics.com/strength-standards/,bench-press,bench-press__standard,male,114,51.7,,53.8,elite,absolute_e1rm,100.7,222,Original Legion chart lift name: Bench Press. Source row bodyweight: 114 lb. Converted from 222 lb to 100.7 kg.
legion-male-bench-press-123-beginner,Legion Athletics strength standards,https://legionathletics.com/strength-standards/,bench-press,bench-press__standard,male,123,55.8,53.8,57.8,beginner,absolute_e1rm,41.3,91,Original Legion chart lift name: Bench Press. Source row bodyweight: 123 lb. Converted from 91 lb to 41.3 kg.
legion-male-bench-press-123-novice,Legion Athletics strength standards,https://legionathletics.com/strength-standards/,bench-press,bench-press__standard,male,123,55.8,53.8,57.8,novice,absolute_e1rm,52.6,116,Original Legion chart lift name: Bench Press. Source row bodyweight: 123 lb. Converted from 116 lb to 52.6 kg.
legion-male-bench-press-123-intermediate,Legion Athletics strength standards,https://legionathletics.com/strength-standards/,bench-press,bench-press__standard,male,123,55.8,53.8,57.8,intermediate,absolute_e1rm,64.4,142,Original Legion chart lift name: Bench Press. Source row bodyweight: 123 lb. Converted from 142 lb to 64.4 kg.
legion-male-bench-press-123-advanced,Legion Athletics strength standards,https://legionathletics.com/strength-standards/,bench-press,bench-press__standard,male,123,55.8,53.8,57.8,advanced,absolute_e1rm,88,194,Original Legion chart lift name: Bench Press. Source row bodyweight: 123 lb. Converted from 194 lb to 88 kg.
legion-male-bench-press-123-elite,Legion Athletics strength standards,https://legionathletics.com/strength-standards/,bench-press,bench-press__standard,male,123,55.8,53.8,57.8,elite,absolute_e1rm,109.8,242,Original Legion chart lift name: Bench Press. Source row bodyweight: 123 lb. Converted from 242 lb to 109.8 kg.
legion-male-bench-press-132-beginner,Legion Athletics strength standards,https://legionathletics.com/strength-standards/,bench-press,bench-press__standard,male,132,59.9,57.8,63.5,beginner,absolute_e1rm,44.5,98,Original Legion chart lift name: Bench Press. Source row bodyweight: 132 lb. Converted from 98 lb to 44.5 kg.
legion-male-bench-press-132-novice,Legion Athletics strength standards,https://legionathletics.com/strength-standards/,bench-press,bench-press__standard,male,132,59.9,57.8,63.5,novice,absolute_e1rm,56.7,125,Original Legion chart lift name: Bench Press. Source row bodyweight: 132 lb. Converted from 125 lb to 56.7 kg.
legion-male-bench-press-132-intermediate,Legion Athletics strength standards,https://legionathletics.com/strength-standards/,bench-press,bench-press__standard,male,132,59.9,57.8,63.5,intermediate,absolute_e1rm,69.4,153,Original Legion chart lift name: Bench Press. Source row bodyweight: 132 lb. Converted from 153 lb to 69.4 kg.
legion-male-bench-press-132-advanced,Legion Athletics strength standards,https://legionathletics.com/strength-standards/,bench-press,bench-press__standard,male,132,59.9,57.8,63.5,advanced,absolute_e1rm,94.3,208,Original Legion chart lift name: Bench Press. Source row bodyweight: 132 lb. Converted from 208 lb to 94.3 kg.
legion-male-bench-press-132-elite,Legion Athletics strength standards,https://legionathletics.com/strength-standards/,bench-press,bench-press__standard,male,132,59.9,57.8,63.5,elite,absolute_e1rm,117.9,260,Original Legion chart lift name: Bench Press. Source row bodyweight: 132 lb. Converted from 260 lb to 117.9 kg.
legion-male-bench-press-148-beginner,Legion Athletics strength standards,https://legionathletics.com/strength-standards/,bench-press,bench-press__standard,male,148,67.1,63.5,71,beginner,absolute_e1rm,49.4,109,Original Legion chart lift name: Bench Press. Source row bodyweight: 148 lb. Converted from 109 lb to 49.4 kg.
legion-male-bench-press-148-novice,Legion Athletics strength standards,https://legionathletics.com/strength-standards/,bench-press,bench-press__standard,male,148,67.1,63.5,71,novice,absolute_e1rm,63.5,140,Original Legion chart lift name: Bench Press. Source row bodyweight: 148 lb. Converted from 140 lb to 63.5 kg.
legion-male-bench-press-148-intermediate,Legion Athletics strength standards,https://legionathletics.com/strength-standards/,bench-press,bench-press__standard,male,148,67.1,63.5,71,intermediate,absolute_e1rm,78,172,Original Legion chart lift name: Bench Press. Source row bodyweight: 148 lb. Converted from 172 lb to 78 kg.
legion-male-bench-press-148-advanced,Legion Athletics strength standards,https://legionathletics.com/strength-standards/,bench-press,bench-press__standard,male,148,67.1,63.5,71,advanced,absolute_e1rm,106.1,234,Original Legion chart lift name: Bench Press. Source row bodyweight: 148 lb. Converted from 234 lb to 106.1 kg.
legion-male-bench-press-148-elite,Legion Athletics strength standards,https://legionathletics.com/strength-standards/,bench-press,bench-press__standard,male,148,67.1,63.5,71,elite,absolute_e1rm,132,291,Original Legion chart lift name: Bench Press. Source row bodyweight: 148 lb. Converted from 291 lb to 132 kg.
legion-male-bench-press-165-beginner,Legion Athletics strength standards,https://legionathletics.com/strength-standards/,bench-press,bench-press__standard,male,165,74.8,71,78.5,beginner,absolute_e1rm,54,119,Original Legion chart lift name: Bench Press. Source row bodyweight: 165 lb. Converted from 119 lb to 54 kg.
legion-male-bench-press-165-novice,Legion Athletics strength standards,https://legionathletics.com/strength-standards/,bench-press,bench-press__standard,male,165,74.8,71,78.5,novice,absolute_e1rm,68.9,152,Original Legion chart lift name: Bench Press. Source row bodyweight: 165 lb. Converted from 152 lb to 68.9 kg.
legion-male-bench-press-165-intermediate,Legion Athletics strength standards,https://legionathletics.com/strength-standards/,bench-press,bench-press__standard,male,165,74.8,71,78.5,intermediate,absolute_e1rm,84.8,187,Original Legion chart lift name: Bench Press. Source row bodyweight: 165 lb. Converted from 187 lb to 84.8 kg.
legion-male-bench-press-165-advanced,Legion Athletics strength standards,https://legionathletics.com/strength-standards/,bench-press,bench-press__standard,male,165,74.8,71,78.5,advanced,absolute_e1rm,115.7,255,Original Legion chart lift name: Bench Press. Source row bodyweight: 165 lb. Converted from 255 lb to 115.7 kg.
legion-male-bench-press-165-elite,Legion Athletics strength standards,https://legionathletics.com/strength-standards/,bench-press,bench-press__standard,male,165,74.8,71,78.5,elite,absolute_e1rm,144.7,319,Original Legion chart lift name: Bench Press. Source row bodyweight: 165 lb. Converted from 319 lb to 144.7 kg.
legion-male-bench-press-181-beginner,Legion Athletics strength standards,https://legionathletics.com/strength-standards/,bench-press,bench-press__standard,male,181,82.1,78.5,86,beginner,absolute_e1rm,58.1,128,Original Legion chart lift name: Bench Press. Source row bodyweight: 181 lb. Converted from 128 lb to 58.1 kg.
legion-male-bench-press-181-novice,Legion Athletics strength standards,https://legionathletics.com/strength-standards/,bench-press,bench-press__standard,male,181,82.1,78.5,86,novice,absolute_e1rm,74.4,164,Original Legion chart lift name: Bench Press. Source row bodyweight: 181 lb. Converted from 164 lb to 74.4 kg.
legion-male-bench-press-181-intermediate,Legion Athletics strength standards,https://legionathletics.com/strength-standards/,bench-press,bench-press__standard,male,181,82.1,78.5,86,intermediate,absolute_e1rm,91.2,201,Original Legion chart lift name: Bench Press. Source row bodyweight: 181 lb. Converted from 201 lb to 91.2 kg.
legion-male-bench-press-181-advanced,Legion Athletics strength standards,https://legionathletics.com/strength-standards/,bench-press,bench-press__standard,male,181,82.1,78.5,86,advanced,absolute_e1rm,124.7,275,Original Legion chart lift name: Bench Press. Source row bodyweight: 181 lb. Converted from 275 lb to 124.7 kg.
legion-male-bench-press-181-elite,Legion Athletics strength standards,https://legionathletics.com/strength-standards/,bench-press,bench-press__standard,male,181,82.1,78.5,86,elite,absolute_e1rm,155.6,343,Original Legion chart lift name: Bench Press. Source row bodyweight: 181 lb. Converted from 343 lb to 155.6 kg.
legion-male-bench-press-198-beginner,Legion Athletics strength standards,https://legionathletics.com/strength-standards/,bench-press,bench-press__standard,male,198,89.8,86,94.8,beginner,absolute_e1rm,61.2,135,Original Legion chart lift name: Bench Press. Source row bodyweight: 198 lb. Converted from 135 lb to 61.2 kg.
legion-male-bench-press-198-novice,Legion Athletics strength standards,https://legionathletics.com/strength-standards/,bench-press,bench-press__standard,male,198,89.8,86,94.8,novice,absolute_e1rm,78.5,173,Original Legion chart lift name: Bench Press. Source row bodyweight: 198 lb. Converted from 173 lb to 78.5 kg.
legion-male-bench-press-198-intermediate,Legion Athletics strength standards,https://legionathletics.com/strength-standards/,bench-press,bench-press__standard,male,198,89.8,86,94.8,intermediate,absolute_e1rm,96.6,213,Original Legion chart lift name: Bench Press. Source row bodyweight: 198 lb. Converted from 213 lb to 96.6 kg.
legion-male-bench-press-198-advanced,Legion Athletics strength standards,https://legionathletics.com/strength-standards/,bench-press,bench-press__standard,male,198,89.8,86,94.8,advanced,absolute_e1rm,131.1,289,Original Legion chart lift name: Bench Press. Source row bodyweight: 198 lb. Converted from 289 lb to 131.1 kg.
legion-male-bench-press-198-elite,Legion Athletics strength standards,https://legionathletics.com/strength-standards/,bench-press,bench-press__standard,male,198,89.8,86,94.8,elite,absolute_e1rm,164.2,362,Original Legion chart lift name: Bench Press. Source row bodyweight: 198 lb. Converted from 362 lb to 164.2 kg.
legion-male-bench-press-220-beginner,Legion Athletics strength standards,https://legionathletics.com/strength-standards/,bench-press,bench-press__standard,male,220,99.8,94.8,104.8,beginner,absolute_e1rm,64.4,142,Original Legion chart lift name: Bench Press. Source row bodyweight: 220 lb. Converted from 142 lb to 64.4 kg.
legion-male-bench-press-220-novice,Legion Athletics strength standards,https://legionathletics.com/strength-standards/,bench-press,bench-press__standard,male,220,99.8,94.8,104.8,novice,absolute_e1rm,83,183,Original Legion chart lift name: Bench Press. Source row bodyweight: 220 lb. Converted from 183 lb to 83 kg.
legion-male-bench-press-220-intermediate,Legion Athletics strength standards,https://legionathletics.com/strength-standards/,bench-press,bench-press__standard,male,220,99.8,94.8,104.8,intermediate,absolute_e1rm,102.1,225,Original Legion chart lift name: Bench Press. Source row bodyweight: 220 lb. Converted from 225 lb to 102.1 kg.
legion-male-bench-press-220-advanced,Legion Athletics strength standards,https://legionathletics.com/strength-standards/,bench-press,bench-press__standard,male,220,99.8,94.8,104.8,advanced,absolute_e1rm,138.8,306,Original Legion chart lift name: Bench Press. Source row bodyweight: 220 lb. Converted from 306 lb to 138.8 kg.
legion-male-bench-press-220-elite,Legion Athletics strength standards,https://legionathletics.com/strength-standards/,bench-press,bench-press__standard,male,220,99.8,94.8,104.8,elite,absolute_e1rm,172.8,381,Original Legion chart lift name: Bench Press. Source row bodyweight: 220 lb. Converted from 381 lb to 172.8 kg.
legion-male-bench-press-242-beginner,Legion Athletics strength standards,https://legionathletics.com/strength-standards/,bench-press,bench-press__standard,male,242,109.8,104.8,117.3,beginner,absolute_e1rm,67.6,149,Original Legion chart lift name: Bench Press. Source row bodyweight: 242 lb. Converted from 149 lb to 67.6 kg.
legion-male-bench-press-242-novice,Legion Athletics strength standards,https://legionathletics.com/strength-standards/,bench-press,bench-press__standard,male,242,109.8,104.8,117.3,novice,absolute_e1rm,86.2,190,Original Legion chart lift name: Bench Press. Source row bodyweight: 242 lb. Converted from 190 lb to 86.2 kg.
legion-male-bench-press-242-intermediate,Legion Athletics strength standards,https://legionathletics.com/strength-standards/,bench-press,bench-press__standard,male,242,109.8,104.8,117.3,intermediate,absolute_e1rm,105.2,232,Original Legion chart lift name: Bench Press. Source row bodyweight: 242 lb. Converted from 232 lb to 105.2 kg.
legion-male-bench-press-242-advanced,Legion Athletics strength standards,https://legionathletics.com/strength-standards/,bench-press,bench-press__standard,male,242,109.8,104.8,117.3,advanced,absolute_e1rm,143.3,316,Original Legion chart lift name: Bench Press. Source row bodyweight: 242 lb. Converted from 316 lb to 143.3 kg.
legion-male-bench-press-242-elite,Legion Athletics strength standards,https://legionathletics.com/strength-standards/,bench-press,bench-press__standard,male,242,109.8,104.8,117.3,elite,absolute_e1rm,179.2,395,Original Legion chart lift name: Bench Press. Source row bodyweight: 242 lb. Converted from 395 lb to 179.2 kg.
legion-male-bench-press-275-beginner,Legion Athletics strength standards,https://legionathletics.com/strength-standards/,bench-press,bench-press__standard,male,275,124.7,117.3,134.7,beginner,absolute_e1rm,69.4,153,Original Legion chart lift name: Bench Press. Source row bodyweight: 275 lb. Converted from 153 lb to 69.4 kg.
legion-male-bench-press-275-novice,Legion Athletics strength standards,https://legionathletics.com/strength-standards/,bench-press,bench-press__standard,male,275,124.7,117.3,134.7,novice,absolute_e1rm,88.9,196,Original Legion chart lift name: Bench Press. Source row bodyweight: 275 lb. Converted from 196 lb to 88.9 kg.
legion-male-bench-press-275-intermediate,Legion Athletics strength standards,https://legionathletics.com/strength-standards/,bench-press,bench-press__standard,male,275,124.7,117.3,134.7,intermediate,absolute_e1rm,108.4,239,Original Legion chart lift name: Bench Press. Source row bodyweight: 275 lb. Converted from 239 lb to 108.4 kg.
legion-male-bench-press-275-advanced,Legion Athletics strength standards,https://legionathletics.com/strength-standards/,bench-press,bench-press__standard,male,275,124.7,117.3,134.7,advanced,absolute_e1rm,147.4,325,Original Legion chart lift name: Bench Press. Source row bodyweight: 275 lb. Converted from 325 lb to 147.4 kg.
legion-male-bench-press-275-elite,Legion Athletics strength standards,https://legionathletics.com/strength-standards/,bench-press,bench-press__standard,male,275,124.7,117.3,134.7,elite,absolute_e1rm,184.6,407,Original Legion chart lift name: Bench Press. Source row bodyweight: 275 lb. Converted from 407 lb to 184.6 kg.
legion-male-bench-press-319-beginner,Legion Athletics strength standards,https://legionathletics.com/strength-standards/,bench-press,bench-press__standard,male,319,144.7,134.7,144.9,beginner,absolute_e1rm,70.8,156,Original Legion chart lift name: Bench Press. Source row bodyweight: 319 lb. Converted from 156 lb to 70.8 kg.
legion-male-bench-press-319-novice,Legion Athletics strength standards,https://legionathletics.com/strength-standards/,bench-press,bench-press__standard,male,319,144.7,134.7,144.9,novice,absolute_e1rm,90.3,199,Original Legion chart lift name: Bench Press. Source row bodyweight: 319 lb. Converted from 199 lb to 90.3 kg.
legion-male-bench-press-319-intermediate,Legion Athletics strength standards,https://legionathletics.com/strength-standards/,bench-press,bench-press__standard,male,319,144.7,134.7,144.9,intermediate,absolute_e1rm,110.7,244,Original Legion chart lift name: Bench Press. Source row bodyweight: 319 lb. Converted from 244 lb to 110.7 kg.
legion-male-bench-press-319-advanced,Legion Athletics strength standards,https://legionathletics.com/strength-standards/,bench-press,bench-press__standard,male,319,144.7,134.7,144.9,advanced,absolute_e1rm,151,333,Original Legion chart lift name: Bench Press. Source row bodyweight: 319 lb. Converted from 333 lb to 151 kg.
legion-male-bench-press-319-elite,Legion Athletics strength standards,https://legionathletics.com/strength-standards/,bench-press,bench-press__standard,male,319,144.7,134.7,144.9,elite,absolute_e1rm,188.7,416,Original Legion chart lift name: Bench Press. Source row bodyweight: 319 lb. Converted from 416 lb to 188.7 kg.
legion-male-bench-press-320plus-beginner,Legion Athletics strength standards,https://legionathletics.com/strength-standards/,bench-press,bench-press__standard,male,320+,145.1,144.9,,beginner,absolute_e1rm,72.1,159,Original Legion chart lift name: Bench Press. Source row bodyweight: 320+ lb. Converted from 159 lb to 72.1 kg.
legion-male-bench-press-320plus-novice,Legion Athletics strength standards,https://legionathletics.com/strength-standards/,bench-press,bench-press__standard,male,320+,145.1,144.9,,novice,absolute_e1rm,92.5,204,Original Legion chart lift name: Bench Press. Source row bodyweight: 320+ lb. Converted from 204 lb to 92.5 kg.
legion-male-bench-press-320plus-intermediate,Legion Athletics strength standards,https://legionathletics.com/strength-standards/,bench-press,bench-press__standard,male,320+,145.1,144.9,,intermediate,absolute_e1rm,112.5,248,Original Legion chart lift name: Bench Press. Source row bodyweight: 320+ lb. Converted from 248 lb to 112.5 kg.
legion-male-bench-press-320plus-advanced,Legion Athletics strength standards,https://legionathletics.com/strength-standards/,bench-press,bench-press__standard,male,320+,145.1,144.9,,advanced,absolute_e1rm,154.2,340,Original Legion chart lift name: Bench Press. Source row bodyweight: 320+ lb. Converted from 340 lb to 154.2 kg.
legion-male-bench-press-320plus-elite,Legion Athletics strength standards,https://legionathletics.com/strength-standards/,bench-press,bench-press__standard,male,320+,145.1,144.9,,elite,absolute_e1rm,192.8,425,Original Legion chart lift name: Bench Press. Source row bodyweight: 320+ lb. Converted from 425 lb to 192.8 kg.
legion-male-overhead-press-114-beginner,Legion Athletics strength standards,https://legionathletics.com/strength-standards/,overhead-press,overhead-press__barbell,male,114,51.7,,53.8,beginner,absolute_e1rm,24,53,Original Legion chart lift name: Overhead Press. Source row bodyweight: 114 lb. Converted from 53 lb to 24 kg.
legion-male-overhead-press-114-novice,Legion Athletics strength standards,https://legionathletics.com/strength-standards/,overhead-press,overhead-press__barbell,male,114,51.7,,53.8,novice,absolute_e1rm,32.7,72,Original Legion chart lift name: Overhead Press. Source row bodyweight: 114 lb. Converted from 72 lb to 32.7 kg.
legion-male-overhead-press-114-intermediate,Legion Athletics strength standards,https://legionathletics.com/strength-standards/,overhead-press,overhead-press__barbell,male,114,51.7,,53.8,intermediate,absolute_e1rm,40.8,90,Original Legion chart lift name: Overhead Press. Source row bodyweight: 114 lb. Converted from 90 lb to 40.8 kg.
legion-male-overhead-press-114-advanced,Legion Athletics strength standards,https://legionathletics.com/strength-standards/,overhead-press,overhead-press__barbell,male,114,51.7,,53.8,advanced,absolute_e1rm,48.5,107,Original Legion chart lift name: Overhead Press. Source row bodyweight: 114 lb. Converted from 107 lb to 48.5 kg.
legion-male-overhead-press-114-elite,Legion Athletics strength standards,https://legionathletics.com/strength-standards/,overhead-press,overhead-press__barbell,male,114,51.7,,53.8,elite,absolute_e1rm,58.5,129,Original Legion chart lift name: Overhead Press. Source row bodyweight: 114 lb. Converted from 129 lb to 58.5 kg.
legion-male-overhead-press-123-beginner,Legion Athletics strength standards,https://legionathletics.com/strength-standards/,overhead-press,overhead-press__barbell,male,123,55.8,53.8,57.8,beginner,absolute_e1rm,25.9,57,Original Legion chart lift name: Overhead Press. Source row bodyweight: 123 lb. Converted from 57 lb to 25.9 kg.
legion-male-overhead-press-123-novice,Legion Athletics strength standards,https://legionathletics.com/strength-standards/,overhead-press,overhead-press__barbell,male,123,55.8,53.8,57.8,novice,absolute_e1rm,35.4,78,Original Legion chart lift name: Overhead Press. Source row bodyweight: 123 lb. Converted from 78 lb to 35.4 kg.
legion-male-overhead-press-123-intermediate,Legion Athletics strength standards,https://legionathletics.com/strength-standards/,overhead-press,overhead-press__barbell,male,123,55.8,53.8,57.8,intermediate,absolute_e1rm,44.5,98,Original Legion chart lift name: Overhead Press. Source row bodyweight: 123 lb. Converted from 98 lb to 44.5 kg.
legion-male-overhead-press-123-advanced,Legion Athletics strength standards,https://legionathletics.com/strength-standards/,overhead-press,overhead-press__barbell,male,123,55.8,53.8,57.8,advanced,absolute_e1rm,52.6,116,Original Legion chart lift name: Overhead Press. Source row bodyweight: 123 lb. Converted from 116 lb to 52.6 kg.
legion-male-overhead-press-123-elite,Legion Athletics strength standards,https://legionathletics.com/strength-standards/,overhead-press,overhead-press__barbell,male,123,55.8,53.8,57.8,elite,absolute_e1rm,64,141,Original Legion chart lift name: Overhead Press. Source row bodyweight: 123 lb. Converted from 141 lb to 64 kg.
legion-male-overhead-press-132-beginner,Legion Athletics strength standards,https://legionathletics.com/strength-standards/,overhead-press,overhead-press__barbell,male,132,59.9,57.8,63.5,beginner,absolute_e1rm,27.7,61,Original Legion chart lift name: Overhead Press. Source row bodyweight: 132 lb. Converted from 61 lb to 27.7 kg.
legion-male-overhead-press-132-novice,Legion Athletics strength standards,https://legionathletics.com/strength-standards/,overhead-press,overhead-press__barbell,male,132,59.9,57.8,63.5,novice,absolute_e1rm,38.1,84,Original Legion chart lift name: Overhead Press. Source row bodyweight: 132 lb. Converted from 84 lb to 38.1 kg.
legion-male-overhead-press-132-intermediate,Legion Athletics strength standards,https://legionathletics.com/strength-standards/,overhead-press,overhead-press__barbell,male,132,59.9,57.8,63.5,intermediate,absolute_e1rm,47.6,105,Original Legion chart lift name: Overhead Press. Source row bodyweight: 132 lb. Converted from 105 lb to 47.6 kg.
legion-male-overhead-press-132-advanced,Legion Athletics strength standards,https://legionathletics.com/strength-standards/,overhead-press,overhead-press__barbell,male,132,59.9,57.8,63.5,advanced,absolute_e1rm,56.7,125,Original Legion chart lift name: Overhead Press. Source row bodyweight: 132 lb. Converted from 125 lb to 56.7 kg.
legion-male-overhead-press-132-elite,Legion Athletics strength standards,https://legionathletics.com/strength-standards/,overhead-press,overhead-press__barbell,male,132,59.9,57.8,63.5,elite,absolute_e1rm,68.5,151,Original Legion chart lift name: Overhead Press. Source row bodyweight: 132 lb. Converted from 151 lb to 68.5 kg.
legion-male-overhead-press-148-beginner,Legion Athletics strength standards,https://legionathletics.com/strength-standards/,overhead-press,overhead-press__barbell,male,148,67.1,63.5,71,beginner,absolute_e1rm,31.3,69,Original Legion chart lift name: Overhead Press. Source row bodyweight: 148 lb. Converted from 69 lb to 31.3 kg.
legion-male-overhead-press-148-novice,Legion Athletics strength standards,https://legionathletics.com/strength-standards/,overhead-press,overhead-press__barbell,male,148,67.1,63.5,71,novice,absolute_e1rm,42.6,94,Original Legion chart lift name: Overhead Press. Source row bodyweight: 148 lb. Converted from 94 lb to 42.6 kg.
legion-male-overhead-press-148-intermediate,Legion Athletics strength standards,https://legionathletics.com/strength-standards/,overhead-press,overhead-press__barbell,male,148,67.1,63.5,71,intermediate,absolute_e1rm,54,119,Original Legion chart lift name: Overhead Press. Source row bodyweight: 148 lb. Converted from 119 lb to 54 kg.
legion-male-overhead-press-148-advanced,Legion Athletics strength standards,https://legionathletics.com/strength-standards/,overhead-press,overhead-press__barbell,male,148,67.1,63.5,71,advanced,absolute_e1rm,63.5,140,Original Legion chart lift name: Overhead Press. Source row bodyweight: 148 lb. Converted from 140 lb to 63.5 kg.
legion-male-overhead-press-148-elite,Legion Athletics strength standards,https://legionathletics.com/strength-standards/,overhead-press,overhead-press__barbell,male,148,67.1,63.5,71,elite,absolute_e1rm,76.7,169,Original Legion chart lift name: Overhead Press. Source row bodyweight: 148 lb. Converted from 169 lb to 76.7 kg.
legion-male-overhead-press-165-beginner,Legion Athletics strength standards,https://legionathletics.com/strength-standards/,overhead-press,overhead-press__barbell,male,165,74.8,71,78.5,beginner,absolute_e1rm,34,75,Original Legion chart lift name: Overhead Press. Source row bodyweight: 165 lb. Converted from 75 lb to 34 kg.
legion-male-overhead-press-165-novice,Legion Athletics strength standards,https://legionathletics.com/strength-standards/,overhead-press,overhead-press__barbell,male,165,74.8,71,78.5,novice,absolute_e1rm,46.3,102,Original Legion chart lift name: Overhead Press. Source row bodyweight: 165 lb. Converted from 102 lb to 46.3 kg.
legion-male-overhead-press-165-intermediate,Legion Athletics strength standards,https://legionathletics.com/strength-standards/,overhead-press,overhead-press__barbell,male,165,74.8,71,78.5,intermediate,absolute_e1rm,58.5,129,Original Legion chart lift name: Overhead Press. Source row bodyweight: 165 lb. Converted from 129 lb to 58.5 kg.
legion-male-overhead-press-165-advanced,Legion Athletics strength standards,https://legionathletics.com/strength-standards/,overhead-press,overhead-press__barbell,male,165,74.8,71,78.5,advanced,absolute_e1rm,69.4,153,Original Legion chart lift name: Overhead Press. Source row bodyweight: 165 lb. Converted from 153 lb to 69.4 kg.
legion-male-overhead-press-165-elite,Legion Athletics strength standards,https://legionathletics.com/strength-standards/,overhead-press,overhead-press__barbell,male,165,74.8,71,78.5,elite,absolute_e1rm,84.4,186,Original Legion chart lift name: Overhead Press. Source row bodyweight: 165 lb. Converted from 186 lb to 84.4 kg.
legion-male-overhead-press-181-beginner,Legion Athletics strength standards,https://legionathletics.com/strength-standards/,overhead-press,overhead-press__barbell,male,181,82.1,78.5,86,beginner,absolute_e1rm,36.7,81,Original Legion chart lift name: Overhead Press. Source row bodyweight: 181 lb. Converted from 81 lb to 36.7 kg.
legion-male-overhead-press-181-novice,Legion Athletics strength standards,https://legionathletics.com/strength-standards/,overhead-press,overhead-press__barbell,male,181,82.1,78.5,86,novice,absolute_e1rm,49.9,110,Original Legion chart lift name: Overhead Press. Source row bodyweight: 181 lb. Converted from 110 lb to 49.9 kg.
legion-male-overhead-press-181-intermediate,Legion Athletics strength standards,https://legionathletics.com/strength-standards/,overhead-press,overhead-press__barbell,male,181,82.1,78.5,86,intermediate,absolute_e1rm,62.6,138,Original Legion chart lift name: Overhead Press. Source row bodyweight: 181 lb. Converted from 138 lb to 62.6 kg.
legion-male-overhead-press-181-advanced,Legion Athletics strength standards,https://legionathletics.com/strength-standards/,overhead-press,overhead-press__barbell,male,181,82.1,78.5,86,advanced,absolute_e1rm,74.4,164,Original Legion chart lift name: Overhead Press. Source row bodyweight: 181 lb. Converted from 164 lb to 74.4 kg.
legion-male-overhead-press-181-elite,Legion Athletics strength standards,https://legionathletics.com/strength-standards/,overhead-press,overhead-press__barbell,male,181,82.1,78.5,86,elite,absolute_e1rm,98.9,218,Original Legion chart lift name: Overhead Press. Source row bodyweight: 181 lb. Converted from 218 lb to 98.9 kg.
legion-male-overhead-press-198-beginner,Legion Athletics strength standards,https://legionathletics.com/strength-standards/,overhead-press,overhead-press__barbell,male,198,89.8,86,94.8,beginner,absolute_e1rm,38.6,85,Original Legion chart lift name: Overhead Press. Source row bodyweight: 198 lb. Converted from 85 lb to 38.6 kg.
legion-male-overhead-press-198-novice,Legion Athletics strength standards,https://legionathletics.com/strength-standards/,overhead-press,overhead-press__barbell,male,198,89.8,86,94.8,novice,absolute_e1rm,52.6,116,Original Legion chart lift name: Overhead Press. Source row bodyweight: 198 lb. Converted from 116 lb to 52.6 kg.
legion-male-overhead-press-198-intermediate,Legion Athletics strength standards,https://legionathletics.com/strength-standards/,overhead-press,overhead-press__barbell,male,198,89.8,86,94.8,intermediate,absolute_e1rm,66.2,146,Original Legion chart lift name: Overhead Press. Source row bodyweight: 198 lb. Converted from 146 lb to 66.2 kg.
legion-male-overhead-press-198-advanced,Legion Athletics strength standards,https://legionathletics.com/strength-standards/,overhead-press,overhead-press__barbell,male,198,89.8,86,94.8,advanced,absolute_e1rm,78.5,173,Original Legion chart lift name: Overhead Press. Source row bodyweight: 198 lb. Converted from 173 lb to 78.5 kg.
legion-male-overhead-press-198-elite,Legion Athletics strength standards,https://legionathletics.com/strength-standards/,overhead-press,overhead-press__barbell,male,198,89.8,86,94.8,elite,absolute_e1rm,106.1,234,Original Legion chart lift name: Overhead Press. Source row bodyweight: 198 lb. Converted from 234 lb to 106.1 kg.
legion-male-overhead-press-220-beginner,Legion Athletics strength standards,https://legionathletics.com/strength-standards/,overhead-press,overhead-press__barbell,male,220,99.8,94.8,104.8,beginner,absolute_e1rm,40.4,89,Original Legion chart lift name: Overhead Press. Source row bodyweight: 220 lb. Converted from 89 lb to 40.4 kg.
legion-male-overhead-press-220-novice,Legion Athletics strength standards,https://legionathletics.com/strength-standards/,overhead-press,overhead-press__barbell,male,220,99.8,94.8,104.8,novice,absolute_e1rm,55.3,122,Original Legion chart lift name: Overhead Press. Source row bodyweight: 220 lb. Converted from 122 lb to 55.3 kg.
legion-male-overhead-press-220-intermediate,Legion Athletics strength standards,https://legionathletics.com/strength-standards/,overhead-press,overhead-press__barbell,male,220,99.8,94.8,104.8,intermediate,absolute_e1rm,70.3,155,Original Legion chart lift name: Overhead Press. Source row bodyweight: 220 lb. Converted from 155 lb to 70.3 kg.
legion-male-overhead-press-220-advanced,Legion Athletics strength standards,https://legionathletics.com/strength-standards/,overhead-press,overhead-press__barbell,male,220,99.8,94.8,104.8,advanced,absolute_e1rm,83,183,Original Legion chart lift name: Overhead Press. Source row bodyweight: 220 lb. Converted from 183 lb to 83 kg.
legion-male-overhead-press-220-elite,Legion Athletics strength standards,https://legionathletics.com/strength-standards/,overhead-press,overhead-press__barbell,male,220,99.8,94.8,104.8,elite,absolute_e1rm,115.7,255,Original Legion chart lift name: Overhead Press. Source row bodyweight: 220 lb. Converted from 255 lb to 115.7 kg.
legion-male-overhead-press-242-beginner,Legion Athletics strength standards,https://legionathletics.com/strength-standards/,overhead-press,overhead-press__barbell,male,242,109.8,104.8,117.3,beginner,absolute_e1rm,42.2,93,Original Legion chart lift name: Overhead Press. Source row bodyweight: 242 lb. Converted from 93 lb to 42.2 kg.
legion-male-overhead-press-242-novice,Legion Athletics strength standards,https://legionathletics.com/strength-standards/,overhead-press,overhead-press__barbell,male,242,109.8,104.8,117.3,novice,absolute_e1rm,57.6,127,Original Legion chart lift name: Overhead Press. Source row bodyweight: 242 lb. Converted from 127 lb to 57.6 kg.
legion-male-overhead-press-242-intermediate,Legion Athletics strength standards,https://legionathletics.com/strength-standards/,overhead-press,overhead-press__barbell,male,242,109.8,104.8,117.3,intermediate,absolute_e1rm,72.1,159,Original Legion chart lift name: Overhead Press. Source row bodyweight: 242 lb. Converted from 159 lb to 72.1 kg.
legion-male-overhead-press-242-advanced,Legion Athletics strength standards,https://legionathletics.com/strength-standards/,overhead-press,overhead-press__barbell,male,242,109.8,104.8,117.3,advanced,absolute_e1rm,85.7,189,Original Legion chart lift name: Overhead Press. Source row bodyweight: 242 lb. Converted from 189 lb to 85.7 kg.
legion-male-overhead-press-242-elite,Legion Athletics strength standards,https://legionathletics.com/strength-standards/,overhead-press,overhead-press__barbell,male,242,109.8,104.8,117.3,elite,absolute_e1rm,119.7,264,Original Legion chart lift name: Overhead Press. Source row bodyweight: 242 lb. Converted from 264 lb to 119.7 kg.
legion-male-overhead-press-275-beginner,Legion Athletics strength standards,https://legionathletics.com/strength-standards/,overhead-press,overhead-press__barbell,male,275,124.7,117.3,134.7,beginner,absolute_e1rm,43.5,96,Original Legion chart lift name: Overhead Press. Source row bodyweight: 275 lb. Converted from 96 lb to 43.5 kg.
legion-male-overhead-press-275-novice,Legion Athletics strength standards,https://legionathletics.com/strength-standards/,overhead-press,overhead-press__barbell,male,275,124.7,117.3,134.7,novice,absolute_e1rm,59.4,131,Original Legion chart lift name: Overhead Press. Source row bodyweight: 275 lb. Converted from 131 lb to 59.4 kg.
legion-male-overhead-press-275-intermediate,Legion Athletics strength standards,https://legionathletics.com/strength-standards/,overhead-press,overhead-press__barbell,male,275,124.7,117.3,134.7,intermediate,absolute_e1rm,74.4,164,Original Legion chart lift name: Overhead Press. Source row bodyweight: 275 lb. Converted from 164 lb to 74.4 kg.
legion-male-overhead-press-275-advanced,Legion Athletics strength standards,https://legionathletics.com/strength-standards/,overhead-press,overhead-press__barbell,male,275,124.7,117.3,134.7,advanced,absolute_e1rm,88,194,Original Legion chart lift name: Overhead Press. Source row bodyweight: 275 lb. Converted from 194 lb to 88 kg.
legion-male-overhead-press-275-elite,Legion Athletics strength standards,https://legionathletics.com/strength-standards/,overhead-press,overhead-press__barbell,male,275,124.7,117.3,134.7,elite,absolute_e1rm,123.4,272,Original Legion chart lift name: Overhead Press. Source row bodyweight: 275 lb. Converted from 272 lb to 123.4 kg.
legion-male-overhead-press-319-beginner,Legion Athletics strength standards,https://legionathletics.com/strength-standards/,overhead-press,overhead-press__barbell,male,319,144.7,134.7,144.9,beginner,absolute_e1rm,44.5,98,Original Legion chart lift name: Overhead Press. Source row bodyweight: 319 lb. Converted from 98 lb to 44.5 kg.
legion-male-overhead-press-319-novice,Legion Athletics strength standards,https://legionathletics.com/strength-standards/,overhead-press,overhead-press__barbell,male,319,144.7,134.7,144.9,novice,absolute_e1rm,60.3,133,Original Legion chart lift name: Overhead Press. Source row bodyweight: 319 lb. Converted from 133 lb to 60.3 kg.
legion-male-overhead-press-319-intermediate,Legion Athletics strength standards,https://legionathletics.com/strength-standards/,overhead-press,overhead-press__barbell,male,319,144.7,134.7,144.9,intermediate,absolute_e1rm,75.7,167,Original Legion chart lift name: Overhead Press. Source row bodyweight: 319 lb. Converted from 167 lb to 75.7 kg.
legion-male-overhead-press-319-advanced,Legion Athletics strength standards,https://legionathletics.com/strength-standards/,overhead-press,overhead-press__barbell,male,319,144.7,134.7,144.9,advanced,absolute_e1rm,90.3,199,Original Legion chart lift name: Overhead Press. Source row bodyweight: 319 lb. Converted from 199 lb to 90.3 kg.
legion-male-overhead-press-319-elite,Legion Athletics strength standards,https://legionathletics.com/strength-standards/,overhead-press,overhead-press__barbell,male,319,144.7,134.7,144.9,elite,absolute_e1rm,126.1,278,Original Legion chart lift name: Overhead Press. Source row bodyweight: 319 lb. Converted from 278 lb to 126.1 kg.
legion-male-overhead-press-320plus-beginner,Legion Athletics strength standards,https://legionathletics.com/strength-standards/,overhead-press,overhead-press__barbell,male,320+,145.1,144.9,,beginner,absolute_e1rm,45.4,100,Original Legion chart lift name: Overhead Press. Source row bodyweight: 320+ lb. Converted from 100 lb to 45.4 kg.
legion-male-overhead-press-320plus-novice,Legion Athletics strength standards,https://legionathletics.com/strength-standards/,overhead-press,overhead-press__barbell,male,320+,145.1,144.9,,novice,absolute_e1rm,61.7,136,Original Legion chart lift name: Overhead Press. Source row bodyweight: 320+ lb. Converted from 136 lb to 61.7 kg.
legion-male-overhead-press-320plus-intermediate,Legion Athletics strength standards,https://legionathletics.com/strength-standards/,overhead-press,overhead-press__barbell,male,320+,145.1,144.9,,intermediate,absolute_e1rm,77.6,171,Original Legion chart lift name: Overhead Press. Source row bodyweight: 320+ lb. Converted from 171 lb to 77.6 kg.
legion-male-overhead-press-320plus-advanced,Legion Athletics strength standards,https://legionathletics.com/strength-standards/,overhead-press,overhead-press__barbell,male,320+,145.1,144.9,,advanced,absolute_e1rm,92.1,203,Original Legion chart lift name: Overhead Press. Source row bodyweight: 320+ lb. Converted from 203 lb to 92.1 kg.
legion-male-overhead-press-320plus-elite,Legion Athletics strength standards,https://legionathletics.com/strength-standards/,overhead-press,overhead-press__barbell,male,320+,145.1,144.9,,elite,absolute_e1rm,128.8,284,Original Legion chart lift name: Overhead Press. Source row bodyweight: 320+ lb. Converted from 284 lb to 128.8 kg.
legion-male-squat-114-beginner,Legion Athletics strength standards,https://legionathletics.com/strength-standards/,squat,squat__standard,male,114,51.7,,53.8,beginner,absolute_e1rm,35.4,78,Original Legion chart lift name: Squat. Source row bodyweight: 114 lb. Converted from 78 lb to 35.4 kg.
legion-male-squat-114-novice,Legion Athletics strength standards,https://legionathletics.com/strength-standards/,squat,squat__standard,male,114,51.7,,53.8,novice,absolute_e1rm,65.3,144,Original Legion chart lift name: Squat. Source row bodyweight: 114 lb. Converted from 144 lb to 65.3 kg.
legion-male-squat-114-intermediate,Legion Athletics strength standards,https://legionathletics.com/strength-standards/,squat,squat__standard,male,114,51.7,,53.8,intermediate,absolute_e1rm,78.9,174,Original Legion chart lift name: Squat. Source row bodyweight: 114 lb. Converted from 174 lb to 78.9 kg.
legion-male-squat-114-advanced,Legion Athletics strength standards,https://legionathletics.com/strength-standards/,squat,squat__standard,male,114,51.7,,53.8,advanced,absolute_e1rm,108.9,240,Original Legion chart lift name: Squat. Source row bodyweight: 114 lb. Converted from 240 lb to 108.9 kg.
legion-male-squat-114-elite,Legion Athletics strength standards,https://legionathletics.com/strength-standards/,squat,squat__standard,male,114,51.7,,53.8,elite,absolute_e1rm,145.1,320,Original Legion chart lift name: Squat. Source row bodyweight: 114 lb. Converted from 320 lb to 145.1 kg.
legion-male-squat-123-beginner,Legion Athletics strength standards,https://legionathletics.com/strength-standards/,squat,squat__standard,male,123,55.8,53.8,57.8,beginner,absolute_e1rm,38.1,84,Original Legion chart lift name: Squat. Source row bodyweight: 123 lb. Converted from 84 lb to 38.1 kg.
legion-male-squat-123-novice,Legion Athletics strength standards,https://legionathletics.com/strength-standards/,squat,squat__standard,male,123,55.8,53.8,57.8,novice,absolute_e1rm,70.3,155,Original Legion chart lift name: Squat. Source row bodyweight: 123 lb. Converted from 155 lb to 70.3 kg.
legion-male-squat-123-intermediate,Legion Athletics strength standards,https://legionathletics.com/strength-standards/,squat,squat__standard,male,123,55.8,53.8,57.8,intermediate,absolute_e1rm,86.2,190,Original Legion chart lift name: Squat. Source row bodyweight: 123 lb. Converted from 190 lb to 86.2 kg.
legion-male-squat-123-advanced,Legion Athletics strength standards,https://legionathletics.com/strength-standards/,squat,squat__standard,male,123,55.8,53.8,57.8,advanced,absolute_e1rm,117.5,259,Original Legion chart lift name: Squat. Source row bodyweight: 123 lb. Converted from 259 lb to 117.5 kg.
legion-male-squat-123-elite,Legion Athletics strength standards,https://legionathletics.com/strength-standards/,squat,squat__standard,male,123,55.8,53.8,57.8,elite,absolute_e1rm,156.9,346,Original Legion chart lift name: Squat. Source row bodyweight: 123 lb. Converted from 346 lb to 156.9 kg.
legion-male-squat-132-beginner,Legion Athletics strength standards,https://legionathletics.com/strength-standards/,squat,squat__standard,male,132,59.9,57.8,63.5,beginner,absolute_e1rm,41.3,91,Original Legion chart lift name: Squat. Source row bodyweight: 132 lb. Converted from 91 lb to 41.3 kg.
legion-male-squat-132-novice,Legion Athletics strength standards,https://legionathletics.com/strength-standards/,squat,squat__standard,male,132,59.9,57.8,63.5,novice,absolute_e1rm,76.2,168,Original Legion chart lift name: Squat. Source row bodyweight: 132 lb. Converted from 168 lb to 76.2 kg.
legion-male-squat-132-intermediate,Legion Athletics strength standards,https://legionathletics.com/strength-standards/,squat,squat__standard,male,132,59.9,57.8,63.5,intermediate,absolute_e1rm,93,205,Original Legion chart lift name: Squat. Source row bodyweight: 132 lb. Converted from 205 lb to 93 kg.
legion-male-squat-132-advanced,Legion Athletics strength standards,https://legionathletics.com/strength-standards/,squat,squat__standard,male,132,59.9,57.8,63.5,advanced,absolute_e1rm,126.1,278,Original Legion chart lift name: Squat. Source row bodyweight: 132 lb. Converted from 278 lb to 126.1 kg.
legion-male-squat-132-elite,Legion Athletics strength standards,https://legionathletics.com/strength-standards/,squat,squat__standard,male,132,59.9,57.8,63.5,elite,absolute_e1rm,167.4,369,Original Legion chart lift name: Squat. Source row bodyweight: 132 lb. Converted from 369 lb to 167.4 kg.
legion-male-squat-148-beginner,Legion Athletics strength standards,https://legionathletics.com/strength-standards/,squat,squat__standard,male,148,67.1,63.5,71,beginner,absolute_e1rm,45.8,101,Original Legion chart lift name: Squat. Source row bodyweight: 148 lb. Converted from 101 lb to 45.8 kg.
legion-male-squat-148-novice,Legion Athletics strength standards,https://legionathletics.com/strength-standards/,squat,squat__standard,male,148,67.1,63.5,71,novice,absolute_e1rm,85.3,188,Original Legion chart lift name: Squat. Source row bodyweight: 148 lb. Converted from 188 lb to 85.3 kg.
legion-male-squat-148-intermediate,Legion Athletics strength standards,https://legionathletics.com/strength-standards/,squat,squat__standard,male,148,67.1,63.5,71,intermediate,absolute_e1rm,104.3,230,Original Legion chart lift name: Squat. Source row bodyweight: 148 lb. Converted from 230 lb to 104.3 kg.
legion-male-squat-148-advanced,Legion Athletics strength standards,https://legionathletics.com/strength-standards/,squat,squat__standard,male,148,67.1,63.5,71,advanced,absolute_e1rm,142,313,Original Legion chart lift name: Squat. Source row bodyweight: 148 lb. Converted from 313 lb to 142 kg.
legion-male-squat-148-elite,Legion Athletics strength standards,https://legionathletics.com/strength-standards/,squat,squat__standard,male,148,67.1,63.5,71,elite,absolute_e1rm,186,410,Original Legion chart lift name: Squat. Source row bodyweight: 148 lb. Converted from 410 lb to 186 kg.
legion-male-squat-165-beginner,Legion Athletics strength standards,https://legionathletics.com/strength-standards/,squat,squat__standard,male,165,74.8,71,78.5,beginner,absolute_e1rm,49.9,110,Original Legion chart lift name: Squat. Source row bodyweight: 165 lb. Converted from 110 lb to 49.9 kg.
legion-male-squat-165-novice,Legion Athletics strength standards,https://legionathletics.com/strength-standards/,squat,squat__standard,male,165,74.8,71,78.5,novice,absolute_e1rm,92.5,204,Original Legion chart lift name: Squat. Source row bodyweight: 165 lb. Converted from 204 lb to 92.5 kg.
legion-male-squat-165-intermediate,Legion Athletics strength standards,https://legionathletics.com/strength-standards/,squat,squat__standard,male,165,74.8,71,78.5,intermediate,absolute_e1rm,113.4,250,Original Legion chart lift name: Squat. Source row bodyweight: 165 lb. Converted from 250 lb to 113.4 kg.
legion-male-squat-165-advanced,Legion Athletics strength standards,https://legionathletics.com/strength-standards/,squat,squat__standard,male,165,74.8,71,78.5,advanced,absolute_e1rm,155.1,342,Original Legion chart lift name: Squat. Source row bodyweight: 165 lb. Converted from 342 lb to 155.1 kg.
legion-male-squat-165-elite,Legion Athletics strength standards,https://legionathletics.com/strength-standards/,squat,squat__standard,male,165,74.8,71,78.5,elite,absolute_e1rm,201.8,445,Original Legion chart lift name: Squat. Source row bodyweight: 165 lb. Converted from 445 lb to 201.8 kg.
legion-male-squat-181-beginner,Legion Athletics strength standards,https://legionathletics.com/strength-standards/,squat,squat__standard,male,181,82.1,78.5,86,beginner,absolute_e1rm,54,119,Original Legion chart lift name: Squat. Source row bodyweight: 181 lb. Converted from 119 lb to 54 kg.
legion-male-squat-181-novice,Legion Athletics strength standards,https://legionathletics.com/strength-standards/,squat,squat__standard,male,181,82.1,78.5,86,novice,absolute_e1rm,99.8,220,Original Legion chart lift name: Squat. Source row bodyweight: 181 lb. Converted from 220 lb to 99.8 kg.
legion-male-squat-181-intermediate,Legion Athletics strength standards,https://legionathletics.com/strength-standards/,squat,squat__standard,male,181,82.1,78.5,86,intermediate,absolute_e1rm,122,269,Original Legion chart lift name: Squat. Source row bodyweight: 181 lb. Converted from 269 lb to 122 kg.
legion-male-squat-181-advanced,Legion Athletics strength standards,https://legionathletics.com/strength-standards/,squat,squat__standard,male,181,82.1,78.5,86,advanced,absolute_e1rm,166.5,367,Original Legion chart lift name: Squat. Source row bodyweight: 181 lb. Converted from 367 lb to 166.5 kg.
legion-male-squat-181-elite,Legion Athletics strength standards,https://legionathletics.com/strength-standards/,squat,squat__standard,male,181,82.1,78.5,86,elite,absolute_e1rm,217.3,479,Original Legion chart lift name: Squat. Source row bodyweight: 181 lb. Converted from 479 lb to 217.3 kg.
legion-male-squat-198-beginner,Legion Athletics strength standards,https://legionathletics.com/strength-standards/,squat,squat__standard,male,198,89.8,86,94.8,beginner,absolute_e1rm,56.7,125,Original Legion chart lift name: Squat. Source row bodyweight: 198 lb. Converted from 125 lb to 56.7 kg.
legion-male-squat-198-novice,Legion Athletics strength standards,https://legionathletics.com/strength-standards/,squat,squat__standard,male,198,89.8,86,94.8,novice,absolute_e1rm,105.2,232,Original Legion chart lift name: Squat. Source row bodyweight: 198 lb. Converted from 232 lb to 105.2 kg.
legion-male-squat-198-intermediate,Legion Athletics strength standards,https://legionathletics.com/strength-standards/,squat,squat__standard,male,198,89.8,86,94.8,intermediate,absolute_e1rm,129.3,285,Original Legion chart lift name: Squat. Source row bodyweight: 198 lb. Converted from 285 lb to 129.3 kg.
legion-male-squat-198-advanced,Legion Athletics strength standards,https://legionathletics.com/strength-standards/,squat,squat__standard,male,198,89.8,86,94.8,advanced,absolute_e1rm,175.5,387,Original Legion chart lift name: Squat. Source row bodyweight: 198 lb. Converted from 387 lb to 175.5 kg.
legion-male-squat-198-elite,Legion Athletics strength standards,https://legionathletics.com/strength-standards/,squat,squat__standard,male,198,89.8,86,94.8,elite,absolute_e1rm,228.6,504,Original Legion chart lift name: Squat. Source row bodyweight: 198 lb. Converted from 504 lb to 228.6 kg.
legion-male-squat-220-beginner,Legion Athletics strength standards,https://legionathletics.com/strength-standards/,squat,squat__standard,male,220,99.8,94.8,104.8,beginner,absolute_e1rm,59.9,132,Original Legion chart lift name: Squat. Source row bodyweight: 220 lb. Converted from 132 lb to 59.9 kg.
legion-male-squat-220-novice,Legion Athletics strength standards,https://legionathletics.com/strength-standards/,squat,squat__standard,male,220,99.8,94.8,104.8,novice,absolute_e1rm,110.7,244,Original Legion chart lift name: Squat. Source row bodyweight: 220 lb. Converted from 244 lb to 110.7 kg.
legion-male-squat-220-intermediate,Legion Athletics strength standards,https://legionathletics.com/strength-standards/,squat,squat__standard,male,220,99.8,94.8,104.8,intermediate,absolute_e1rm,136.5,301,Original Legion chart lift name: Squat. Source row bodyweight: 220 lb. Converted from 301 lb to 136.5 kg.
legion-male-squat-220-advanced,Legion Athletics strength standards,https://legionathletics.com/strength-standards/,squat,squat__standard,male,220,99.8,94.8,104.8,advanced,absolute_e1rm,185.5,409,Original Legion chart lift name: Squat. Source row bodyweight: 220 lb. Converted from 409 lb to 185.5 kg.
legion-male-squat-220-elite,Legion Athletics strength standards,https://legionathletics.com/strength-standards/,squat,squat__standard,male,220,99.8,94.8,104.8,elite,absolute_e1rm,241.3,532,Original Legion chart lift name: Squat. Source row bodyweight: 220 lb. Converted from 532 lb to 241.3 kg.
legion-male-squat-242-beginner,Legion Athletics strength standards,https://legionathletics.com/strength-standards/,squat,squat__standard,male,242,109.8,104.8,117.3,beginner,absolute_e1rm,62.1,137,Original Legion chart lift name: Squat. Source row bodyweight: 242 lb. Converted from 137 lb to 62.1 kg.
legion-male-squat-242-novice,Legion Athletics strength standards,https://legionathletics.com/strength-standards/,squat,squat__standard,male,242,109.8,104.8,117.3,novice,absolute_e1rm,115.7,255,Original Legion chart lift name: Squat. Source row bodyweight: 242 lb. Converted from 255 lb to 115.7 kg.
legion-male-squat-242-intermediate,Legion Athletics strength standards,https://legionathletics.com/strength-standards/,squat,squat__standard,male,242,109.8,104.8,117.3,intermediate,absolute_e1rm,141.1,311,Original Legion chart lift name: Squat. Source row bodyweight: 242 lb. Converted from 311 lb to 141.1 kg.
legion-male-squat-242-advanced,Legion Athletics strength standards,https://legionathletics.com/strength-standards/,squat,squat__standard,male,242,109.8,104.8,117.3,advanced,absolute_e1rm,191.9,423,Original Legion chart lift name: Squat. Source row bodyweight: 242 lb. Converted from 423 lb to 191.9 kg.
legion-male-squat-242-elite,Legion Athletics strength standards,https://legionathletics.com/strength-standards/,squat,squat__standard,male,242,109.8,104.8,117.3,elite,absolute_e1rm,249.9,551,Original Legion chart lift name: Squat. Source row bodyweight: 242 lb. Converted from 551 lb to 249.9 kg.
legion-male-squat-275-beginner,Legion Athletics strength standards,https://legionathletics.com/strength-standards/,squat,squat__standard,male,275,124.7,117.3,134.7,beginner,absolute_e1rm,64,141,Original Legion chart lift name: Squat. Source row bodyweight: 275 lb. Converted from 141 lb to 64 kg.
legion-male-squat-275-novice,Legion Athletics strength standards,https://legionathletics.com/strength-standards/,squat,squat__standard,male,275,124.7,117.3,134.7,novice,absolute_e1rm,118.4,261,Original Legion chart lift name: Squat. Source row bodyweight: 275 lb. Converted from 261 lb to 118.4 kg.
legion-male-squat-275-intermediate,Legion Athletics strength standards,https://legionathletics.com/strength-standards/,squat,squat__standard,male,275,124.7,117.3,134.7,intermediate,absolute_e1rm,144.7,319,Original Legion chart lift name: Squat. Source row bodyweight: 275 lb. Converted from 319 lb to 144.7 kg.
legion-male-squat-275-advanced,Legion Athletics strength standards,https://legionathletics.com/strength-standards/,squat,squat__standard,male,275,124.7,117.3,134.7,advanced,absolute_e1rm,197.3,435,Original Legion chart lift name: Squat. Source row bodyweight: 275 lb. Converted from 435 lb to 197.3 kg.
legion-male-squat-275-elite,Legion Athletics strength standards,https://legionathletics.com/strength-standards/,squat,squat__standard,male,275,124.7,117.3,134.7,elite,absolute_e1rm,257.2,567,Original Legion chart lift name: Squat. Source row bodyweight: 275 lb. Converted from 567 lb to 257.2 kg.
legion-male-squat-319-beginner,Legion Athletics strength standards,https://legionathletics.com/strength-standards/,squat,squat__standard,male,319,144.7,134.7,144.9,beginner,absolute_e1rm,65.3,144,Original Legion chart lift name: Squat. Source row bodyweight: 319 lb. Converted from 144 lb to 65.3 kg.
legion-male-squat-319-novice,Legion Athletics strength standards,https://legionathletics.com/strength-standards/,squat,squat__standard,male,319,144.7,134.7,144.9,novice,absolute_e1rm,121.1,267,Original Legion chart lift name: Squat. Source row bodyweight: 319 lb. Converted from 267 lb to 121.1 kg.
legion-male-squat-319-intermediate,Legion Athletics strength standards,https://legionathletics.com/strength-standards/,squat,squat__standard,male,319,144.7,134.7,144.9,intermediate,absolute_e1rm,147.9,326,Original Legion chart lift name: Squat. Source row bodyweight: 319 lb. Converted from 326 lb to 147.9 kg.
legion-male-squat-319-advanced,Legion Athletics strength standards,https://legionathletics.com/strength-standards/,squat,squat__standard,male,319,144.7,134.7,144.9,advanced,absolute_e1rm,201.8,445,Original Legion chart lift name: Squat. Source row bodyweight: 319 lb. Converted from 445 lb to 201.8 kg.
legion-male-squat-319-elite,Legion Athletics strength standards,https://legionathletics.com/strength-standards/,squat,squat__standard,male,319,144.7,134.7,144.9,elite,absolute_e1rm,263.1,580,Original Legion chart lift name: Squat. Source row bodyweight: 319 lb. Converted from 580 lb to 263.1 kg.
legion-male-squat-320plus-beginner,Legion Athletics strength standards,https://legionathletics.com/strength-standards/,squat,squat__standard,male,320+,145.1,144.9,,beginner,absolute_e1rm,66.7,147,Original Legion chart lift name: Squat. Source row bodyweight: 320+ lb. Converted from 147 lb to 66.7 kg.
legion-male-squat-320plus-novice,Legion Athletics strength standards,https://legionathletics.com/strength-standards/,squat,squat__standard,male,320+,145.1,144.9,,novice,absolute_e1rm,123.4,272,Original Legion chart lift name: Squat. Source row bodyweight: 320+ lb. Converted from 272 lb to 123.4 kg.
legion-male-squat-320plus-intermediate,Legion Athletics strength standards,https://legionathletics.com/strength-standards/,squat,squat__standard,male,320+,145.1,144.9,,intermediate,absolute_e1rm,150.6,332,Original Legion chart lift name: Squat. Source row bodyweight: 320+ lb. Converted from 332 lb to 150.6 kg.
legion-male-squat-320plus-advanced,Legion Athletics strength standards,https://legionathletics.com/strength-standards/,squat,squat__standard,male,320+,145.1,144.9,,advanced,absolute_e1rm,205.9,454,Original Legion chart lift name: Squat. Source row bodyweight: 320+ lb. Converted from 454 lb to 205.9 kg.
legion-male-squat-320plus-elite,Legion Athletics strength standards,https://legionathletics.com/strength-standards/,squat,squat__standard,male,320+,145.1,144.9,,elite,absolute_e1rm,269,593,Original Legion chart lift name: Squat. Source row bodyweight: 320+ lb. Converted from 593 lb to 269 kg.
legion-male-deadlift-114-beginner,Legion Athletics strength standards,https://legionathletics.com/strength-standards/,deadlift,deadlift__standard,male,114,51.7,,53.8,beginner,absolute_e1rm,44,97,Original Legion chart lift name: Deadlift. Source row bodyweight: 114 lb. Converted from 97 lb to 44 kg.
legion-male-deadlift-114-novice,Legion Athletics strength standards,https://legionathletics.com/strength-standards/,deadlift,deadlift__standard,male,114,51.7,,53.8,novice,absolute_e1rm,81.2,179,Original Legion chart lift name: Deadlift. Source row bodyweight: 114 lb. Converted from 179 lb to 81.2 kg.
legion-male-deadlift-114-intermediate,Legion Athletics strength standards,https://legionathletics.com/strength-standards/,deadlift,deadlift__standard,male,114,51.7,,53.8,intermediate,absolute_e1rm,92.5,204,Original Legion chart lift name: Deadlift. Source row bodyweight: 114 lb. Converted from 204 lb to 92.5 kg.
legion-male-deadlift-114-advanced,Legion Athletics strength standards,https://legionathletics.com/strength-standards/,deadlift,deadlift__standard,male,114,51.7,,53.8,advanced,absolute_e1rm,135.6,299,Original Legion chart lift name: Deadlift. Source row bodyweight: 114 lb. Converted from 299 lb to 135.6 kg.
legion-male-deadlift-114-elite,Legion Athletics strength standards,https://legionathletics.com/strength-standards/,deadlift,deadlift__standard,male,114,51.7,,53.8,elite,absolute_e1rm,175.5,387,Original Legion chart lift name: Deadlift. Source row bodyweight: 114 lb. Converted from 387 lb to 175.5 kg.
legion-male-deadlift-123-beginner,Legion Athletics strength standards,https://legionathletics.com/strength-standards/,deadlift,deadlift__standard,male,123,55.8,53.8,57.8,beginner,absolute_e1rm,47.6,105,Original Legion chart lift name: Deadlift. Source row bodyweight: 123 lb. Converted from 105 lb to 47.6 kg.
legion-male-deadlift-123-novice,Legion Athletics strength standards,https://legionathletics.com/strength-standards/,deadlift,deadlift__standard,male,123,55.8,53.8,57.8,novice,absolute_e1rm,88,194,Original Legion chart lift name: Deadlift. Source row bodyweight: 123 lb. Converted from 194 lb to 88 kg.
legion-male-deadlift-123-intermediate,Legion Athletics strength standards,https://legionathletics.com/strength-standards/,deadlift,deadlift__standard,male,123,55.8,53.8,57.8,intermediate,absolute_e1rm,100.7,222,Original Legion chart lift name: Deadlift. Source row bodyweight: 123 lb. Converted from 222 lb to 100.7 kg.
legion-male-deadlift-123-advanced,Legion Athletics strength standards,https://legionathletics.com/strength-standards/,deadlift,deadlift__standard,male,123,55.8,53.8,57.8,advanced,absolute_e1rm,145.1,320,Original Legion chart lift name: Deadlift. Source row bodyweight: 123 lb. Converted from 320 lb to 145.1 kg.
legion-male-deadlift-123-elite,Legion Athletics strength standards,https://legionathletics.com/strength-standards/,deadlift,deadlift__standard,male,123,55.8,53.8,57.8,elite,absolute_e1rm,187.8,414,Original Legion chart lift name: Deadlift. Source row bodyweight: 123 lb. Converted from 414 lb to 187.8 kg.
legion-male-deadlift-132-beginner,Legion Athletics strength standards,https://legionathletics.com/strength-standards/,deadlift,deadlift__standard,male,132,59.9,57.8,63.5,beginner,absolute_e1rm,51.3,113,Original Legion chart lift name: Deadlift. Source row bodyweight: 132 lb. Converted from 113 lb to 51.3 kg.
legion-male-deadlift-132-novice,Legion Athletics strength standards,https://legionathletics.com/strength-standards/,deadlift,deadlift__standard,male,132,59.9,57.8,63.5,novice,absolute_e1rm,94.8,209,Original Legion chart lift name: Deadlift. Source row bodyweight: 132 lb. Converted from 209 lb to 94.8 kg.
legion-male-deadlift-132-intermediate,Legion Athletics strength standards,https://legionathletics.com/strength-standards/,deadlift,deadlift__standard,male,132,59.9,57.8,63.5,intermediate,absolute_e1rm,108.4,239,Original Legion chart lift name: Deadlift. Source row bodyweight: 132 lb. Converted from 239 lb to 108.4 kg.
legion-male-deadlift-132-advanced,Legion Athletics strength standards,https://legionathletics.com/strength-standards/,deadlift,deadlift__standard,male,132,59.9,57.8,63.5,advanced,absolute_e1rm,155.1,342,Original Legion chart lift name: Deadlift. Source row bodyweight: 132 lb. Converted from 342 lb to 155.1 kg.
legion-male-deadlift-132-elite,Legion Athletics strength standards,https://legionathletics.com/strength-standards/,deadlift,deadlift__standard,male,132,59.9,57.8,63.5,elite,absolute_e1rm,198.7,438,Original Legion chart lift name: Deadlift. Source row bodyweight: 132 lb. Converted from 438 lb to 198.7 kg.
legion-male-deadlift-148-beginner,Legion Athletics strength standards,https://legionathletics.com/strength-standards/,deadlift,deadlift__standard,male,148,67.1,63.5,71,beginner,absolute_e1rm,57.2,126,Original Legion chart lift name: Deadlift. Source row bodyweight: 148 lb. Converted from 126 lb to 57.2 kg.
legion-male-deadlift-148-novice,Legion Athletics strength standards,https://legionathletics.com/strength-standards/,deadlift,deadlift__standard,male,148,67.1,63.5,71,novice,absolute_e1rm,106.1,234,Original Legion chart lift name: Deadlift. Source row bodyweight: 148 lb. Converted from 234 lb to 106.1 kg.
legion-male-deadlift-148-intermediate,Legion Athletics strength standards,https://legionathletics.com/strength-standards/,deadlift,deadlift__standard,male,148,67.1,63.5,71,intermediate,absolute_e1rm,122,269,Original Legion chart lift name: Deadlift. Source row bodyweight: 148 lb. Converted from 269 lb to 122 kg.
legion-male-deadlift-148-advanced,Legion Athletics strength standards,https://legionathletics.com/strength-standards/,deadlift,deadlift__standard,male,148,67.1,63.5,71,advanced,absolute_e1rm,172.4,380,Original Legion chart lift name: Deadlift. Source row bodyweight: 148 lb. Converted from 380 lb to 172.4 kg.
legion-male-deadlift-148-elite,Legion Athletics strength standards,https://legionathletics.com/strength-standards/,deadlift,deadlift__standard,male,148,67.1,63.5,71,elite,absolute_e1rm,218.6,482,Original Legion chart lift name: Deadlift. Source row bodyweight: 148 lb. Converted from 482 lb to 218.6 kg.
legion-male-deadlift-165-beginner,Legion Athletics strength standards,https://legionathletics.com/strength-standards/,deadlift,deadlift__standard,male,165,74.8,71,78.5,beginner,absolute_e1rm,62.1,137,Original Legion chart lift name: Deadlift. Source row bodyweight: 165 lb. Converted from 137 lb to 62.1 kg.
legion-male-deadlift-165-novice,Legion Athletics strength standards,https://legionathletics.com/strength-standards/,deadlift,deadlift__standard,male,165,74.8,71,78.5,novice,absolute_e1rm,115.2,254,Original Legion chart lift name: Deadlift. Source row bodyweight: 165 lb. Converted from 254 lb to 115.2 kg.
legion-male-deadlift-165-intermediate,Legion Athletics strength standards,https://legionathletics.com/strength-standards/,deadlift,deadlift__standard,male,165,74.8,71,78.5,intermediate,absolute_e1rm,132.9,293,Original Legion chart lift name: Deadlift. Source row bodyweight: 165 lb. Converted from 293 lb to 132.9 kg.
legion-male-deadlift-165-advanced,Legion Athletics strength standards,https://legionathletics.com/strength-standards/,deadlift,deadlift__standard,male,165,74.8,71,78.5,advanced,absolute_e1rm,186.4,411,Original Legion chart lift name: Deadlift. Source row bodyweight: 165 lb. Converted from 411 lb to 186.4 kg.
legion-male-deadlift-165-elite,Legion Athletics strength standards,https://legionathletics.com/strength-standards/,deadlift,deadlift__standard,male,165,74.8,71,78.5,elite,absolute_e1rm,235,518,Original Legion chart lift name: Deadlift. Source row bodyweight: 165 lb. Converted from 518 lb to 235 kg.
legion-male-deadlift-181-beginner,Legion Athletics strength standards,https://legionathletics.com/strength-standards/,deadlift,deadlift__standard,male,181,82.1,78.5,86,beginner,absolute_e1rm,67.1,148,Original Legion chart lift name: Deadlift. Source row bodyweight: 181 lb. Converted from 148 lb to 67.1 kg.
legion-male-deadlift-181-novice,Legion Athletics strength standards,https://legionathletics.com/strength-standards/,deadlift,deadlift__standard,male,181,82.1,78.5,86,novice,absolute_e1rm,124.3,274,Original Legion chart lift name: Deadlift. Source row bodyweight: 181 lb. Converted from 274 lb to 124.3 kg.
legion-male-deadlift-181-intermediate,Legion Athletics strength standards,https://legionathletics.com/strength-standards/,deadlift,deadlift__standard,male,181,82.1,78.5,86,intermediate,absolute_e1rm,142.9,315,Original Legion chart lift name: Deadlift. Source row bodyweight: 181 lb. Converted from 315 lb to 142.9 kg.
legion-male-deadlift-181-advanced,Legion Athletics strength standards,https://legionathletics.com/strength-standards/,deadlift,deadlift__standard,male,181,82.1,78.5,86,advanced,absolute_e1rm,198.7,438,Original Legion chart lift name: Deadlift. Source row bodyweight: 181 lb. Converted from 438 lb to 198.7 kg.
legion-male-deadlift-181-elite,Legion Athletics strength standards,https://legionathletics.com/strength-standards/,deadlift,deadlift__standard,male,181,82.1,78.5,86,elite,absolute_e1rm,248.6,548,Original Legion chart lift name: Deadlift. Source row bodyweight: 181 lb. Converted from 548 lb to 248.6 kg.
legion-male-deadlift-198-beginner,Legion Athletics strength standards,https://legionathletics.com/strength-standards/,deadlift,deadlift__standard,male,198,89.8,86,94.8,beginner,absolute_e1rm,70.8,156,Original Legion chart lift name: Deadlift. Source row bodyweight: 198 lb. Converted from 156 lb to 70.8 kg.
legion-male-deadlift-198-novice,Legion Athletics strength standards,https://legionathletics.com/strength-standards/,deadlift,deadlift__standard,male,198,89.8,86,94.8,novice,absolute_e1rm,131.1,289,Original Legion chart lift name: Deadlift. Source row bodyweight: 198 lb. Converted from 289 lb to 131.1 kg.
legion-male-deadlift-198-intermediate,Legion Athletics strength standards,https://legionathletics.com/strength-standards/,deadlift,deadlift__standard,male,198,89.8,86,94.8,intermediate,absolute_e1rm,151,333,Original Legion chart lift name: Deadlift. Source row bodyweight: 198 lb. Converted from 333 lb to 151 kg.
legion-male-deadlift-198-advanced,Legion Athletics strength standards,https://legionathletics.com/strength-standards/,deadlift,deadlift__standard,male,198,89.8,86,94.8,advanced,absolute_e1rm,207.3,457,Original Legion chart lift name: Deadlift. Source row bodyweight: 198 lb. Converted from 457 lb to 207.3 kg.
legion-male-deadlift-198-elite,Legion Athletics strength standards,https://legionathletics.com/strength-standards/,deadlift,deadlift__standard,male,198,89.8,86,94.8,elite,absolute_e1rm,257.2,567,Original Legion chart lift name: Deadlift. Source row bodyweight: 198 lb. Converted from 567 lb to 257.2 kg.
legion-male-deadlift-220-beginner,Legion Athletics strength standards,https://legionathletics.com/strength-standards/,deadlift,deadlift__standard,male,220,99.8,94.8,104.8,beginner,absolute_e1rm,74.4,164,Original Legion chart lift name: Deadlift. Source row bodyweight: 220 lb. Converted from 164 lb to 74.4 kg.
legion-male-deadlift-220-novice,Legion Athletics strength standards,https://legionathletics.com/strength-standards/,deadlift,deadlift__standard,male,220,99.8,94.8,104.8,novice,absolute_e1rm,138.3,305,Original Legion chart lift name: Deadlift. Source row bodyweight: 220 lb. Converted from 305 lb to 138.3 kg.
legion-male-deadlift-220-intermediate,Legion Athletics strength standards,https://legionathletics.com/strength-standards/,deadlift,deadlift__standard,male,220,99.8,94.8,104.8,intermediate,absolute_e1rm,159.2,351,Original Legion chart lift name: Deadlift. Source row bodyweight: 220 lb. Converted from 351 lb to 159.2 kg.
legion-male-deadlift-220-advanced,Legion Athletics strength standards,https://legionathletics.com/strength-standards/,deadlift,deadlift__standard,male,220,99.8,94.8,104.8,advanced,absolute_e1rm,217.3,479,Original Legion chart lift name: Deadlift. Source row bodyweight: 220 lb. Converted from 479 lb to 217.3 kg.
legion-male-deadlift-220-elite,Legion Athletics strength standards,https://legionathletics.com/strength-standards/,deadlift,deadlift__standard,male,220,99.8,94.8,104.8,elite,absolute_e1rm,265.8,586,Original Legion chart lift name: Deadlift. Source row bodyweight: 220 lb. Converted from 586 lb to 265.8 kg.
legion-male-deadlift-242-beginner,Legion Athletics strength standards,https://legionathletics.com/strength-standards/,deadlift,deadlift__standard,male,242,109.8,104.8,117.3,beginner,absolute_e1rm,78,172,Original Legion chart lift name: Deadlift. Source row bodyweight: 242 lb. Converted from 172 lb to 78 kg.
legion-male-deadlift-242-novice,Legion Athletics strength standards,https://legionathletics.com/strength-standards/,deadlift,deadlift__standard,male,242,109.8,104.8,117.3,novice,absolute_e1rm,144.2,318,Original Legion chart lift name: Deadlift. Source row bodyweight: 242 lb. Converted from 318 lb to 144.2 kg.
legion-male-deadlift-242-intermediate,Legion Athletics strength standards,https://legionathletics.com/strength-standards/,deadlift,deadlift__standard,male,242,109.8,104.8,117.3,intermediate,absolute_e1rm,164.7,363,Original Legion chart lift name: Deadlift. Source row bodyweight: 242 lb. Converted from 363 lb to 164.7 kg.
legion-male-deadlift-242-advanced,Legion Athletics strength standards,https://legionathletics.com/strength-standards/,deadlift,deadlift__standard,male,242,109.8,104.8,117.3,advanced,absolute_e1rm,222.3,490,Original Legion chart lift name: Deadlift. Source row bodyweight: 242 lb. Converted from 490 lb to 222.3 kg.
legion-male-deadlift-242-elite,Legion Athletics strength standards,https://legionathletics.com/strength-standards/,deadlift,deadlift__standard,male,242,109.8,104.8,117.3,elite,absolute_e1rm,270.3,596,Original Legion chart lift name: Deadlift. Source row bodyweight: 242 lb. Converted from 596 lb to 270.3 kg.
legion-male-deadlift-275-beginner,Legion Athletics strength standards,https://legionathletics.com/strength-standards/,deadlift,deadlift__standard,male,275,124.7,117.3,134.7,beginner,absolute_e1rm,79.8,176,Original Legion chart lift name: Deadlift. Source row bodyweight: 275 lb. Converted from 176 lb to 79.8 kg.
legion-male-deadlift-275-novice,Legion Athletics strength standards,https://legionathletics.com/strength-standards/,deadlift,deadlift__standard,male,275,124.7,117.3,134.7,novice,absolute_e1rm,147.9,326,Original Legion chart lift name: Deadlift. Source row bodyweight: 275 lb. Converted from 326 lb to 147.9 kg.
legion-male-deadlift-275-intermediate,Legion Athletics strength standards,https://legionathletics.com/strength-standards/,deadlift,deadlift__standard,male,275,124.7,117.3,134.7,intermediate,absolute_e1rm,169.2,373,Original Legion chart lift name: Deadlift. Source row bodyweight: 275 lb. Converted from 373 lb to 169.2 kg.
legion-male-deadlift-275-advanced,Legion Athletics strength standards,https://legionathletics.com/strength-standards/,deadlift,deadlift__standard,male,275,124.7,117.3,134.7,advanced,absolute_e1rm,226.3,499,Original Legion chart lift name: Deadlift. Source row bodyweight: 275 lb. Converted from 499 lb to 226.3 kg.
legion-male-deadlift-275-elite,Legion Athletics strength standards,https://legionathletics.com/strength-standards/,deadlift,deadlift__standard,male,275,124.7,117.3,134.7,elite,absolute_e1rm,273.1,602,Original Legion chart lift name: Deadlift. Source row bodyweight: 275 lb. Converted from 602 lb to 273.1 kg.
legion-male-deadlift-319-beginner,Legion Athletics strength standards,https://legionathletics.com/strength-standards/,deadlift,deadlift__standard,male,319,144.7,134.7,144.9,beginner,absolute_e1rm,81.6,180,Original Legion chart lift name: Deadlift. Source row bodyweight: 319 lb. Converted from 180 lb to 81.6 kg.
legion-male-deadlift-319-novice,Legion Athletics strength standards,https://legionathletics.com/strength-standards/,deadlift,deadlift__standard,male,319,144.7,134.7,144.9,novice,absolute_e1rm,151,333,Original Legion chart lift name: Deadlift. Source row bodyweight: 319 lb. Converted from 333 lb to 151 kg.
legion-male-deadlift-319-intermediate,Legion Athletics strength standards,https://legionathletics.com/strength-standards/,deadlift,deadlift__standard,male,319,144.7,134.7,144.9,intermediate,absolute_e1rm,172.8,381,Original Legion chart lift name: Deadlift. Source row bodyweight: 319 lb. Converted from 381 lb to 172.8 kg.
legion-male-deadlift-319-advanced,Legion Athletics strength standards,https://legionathletics.com/strength-standards/,deadlift,deadlift__standard,male,319,144.7,134.7,144.9,advanced,absolute_e1rm,229.5,506,Original Legion chart lift name: Deadlift. Source row bodyweight: 319 lb. Converted from 506 lb to 229.5 kg.
legion-male-deadlift-319-elite,Legion Athletics strength standards,https://legionathletics.com/strength-standards/,deadlift,deadlift__standard,male,319,144.7,134.7,144.9,elite,absolute_e1rm,275.8,608,Original Legion chart lift name: Deadlift. Source row bodyweight: 319 lb. Converted from 608 lb to 275.8 kg.
legion-male-deadlift-320plus-beginner,Legion Athletics strength standards,https://legionathletics.com/strength-standards/,deadlift,deadlift__standard,male,320+,145.1,144.9,,beginner,absolute_e1rm,83,183,Original Legion chart lift name: Deadlift. Source row bodyweight: 320+ lb. Converted from 183 lb to 83 kg.
legion-male-deadlift-320plus-novice,Legion Athletics strength standards,https://legionathletics.com/strength-standards/,deadlift,deadlift__standard,male,320+,145.1,144.9,,novice,absolute_e1rm,154.2,340,Original Legion chart lift name: Deadlift. Source row bodyweight: 320+ lb. Converted from 340 lb to 154.2 kg.
legion-male-deadlift-320plus-intermediate,Legion Athletics strength standards,https://legionathletics.com/strength-standards/,deadlift,deadlift__standard,male,320+,145.1,144.9,,intermediate,absolute_e1rm,176,388,Original Legion chart lift name: Deadlift. Source row bodyweight: 320+ lb. Converted from 388 lb to 176 kg.
legion-male-deadlift-320plus-advanced,Legion Athletics strength standards,https://legionathletics.com/strength-standards/,deadlift,deadlift__standard,male,320+,145.1,144.9,,advanced,absolute_e1rm,232.2,512,Original Legion chart lift name: Deadlift. Source row bodyweight: 320+ lb. Converted from 512 lb to 232.2 kg.
legion-male-deadlift-320plus-elite,Legion Athletics strength standards,https://legionathletics.com/strength-standards/,deadlift,deadlift__standard,male,320+,145.1,144.9,,elite,absolute_e1rm,279.9,617,Original Legion chart lift name: Deadlift. Source row bodyweight: 320+ lb. Converted from 617 lb to 279.9 kg.
legion-female-bench-press-97-beginner,Legion Athletics strength standards,https://legionathletics.com/strength-standards/,bench-press,bench-press__standard,female,97,44,,45.8,beginner,absolute_e1rm,22.2,49,Original Legion chart lift name: Bench Press. Source row bodyweight: 97 lb. Converted from 49 lb to 22.2 kg.
legion-female-bench-press-97-novice,Legion Athletics strength standards,https://legionathletics.com/strength-standards/,bench-press,bench-press__standard,female,97,44,,45.8,novice,absolute_e1rm,28.6,63,Original Legion chart lift name: Bench Press. Source row bodyweight: 97 lb. Converted from 63 lb to 28.6 kg.
legion-female-bench-press-97-intermediate,Legion Athletics strength standards,https://legionathletics.com/strength-standards/,bench-press,bench-press__standard,female,97,44,,45.8,intermediate,absolute_e1rm,33.1,73,Original Legion chart lift name: Bench Press. Source row bodyweight: 97 lb. Converted from 73 lb to 33.1 kg.
legion-female-bench-press-97-advanced,Legion Athletics strength standards,https://legionathletics.com/strength-standards/,bench-press,bench-press__standard,female,97,44,,45.8,advanced,absolute_e1rm,42.6,94,Original Legion chart lift name: Bench Press. Source row bodyweight: 97 lb. Converted from 94 lb to 42.6 kg.
legion-female-bench-press-97-elite,Legion Athletics strength standards,https://legionathletics.com/strength-standards/,bench-press,bench-press__standard,female,97,44,,45.8,elite,absolute_e1rm,52.6,116,Original Legion chart lift name: Bench Press. Source row bodyweight: 97 lb. Converted from 116 lb to 52.6 kg.
legion-female-bench-press-105-beginner,Legion Athletics strength standards,https://legionathletics.com/strength-standards/,bench-press,bench-press__standard,female,105,47.6,45.8,49.7,beginner,absolute_e1rm,24,53,Original Legion chart lift name: Bench Press. Source row bodyweight: 105 lb. Converted from 53 lb to 24 kg.
legion-female-bench-press-105-novice,Legion Athletics strength standards,https://legionathletics.com/strength-standards/,bench-press,bench-press__standard,female,105,47.6,45.8,49.7,novice,absolute_e1rm,30.8,68,Original Legion chart lift name: Bench Press. Source row bodyweight: 105 lb. Converted from 68 lb to 30.8 kg.
legion-female-bench-press-105-intermediate,Legion Athletics strength standards,https://legionathletics.com/strength-standards/,bench-press,bench-press__standard,female,105,47.6,45.8,49.7,intermediate,absolute_e1rm,35.8,79,Original Legion chart lift name: Bench Press. Source row bodyweight: 105 lb. Converted from 79 lb to 35.8 kg.
legion-female-bench-press-105-advanced,Legion Athletics strength standards,https://legionathletics.com/strength-standards/,bench-press,bench-press__standard,female,105,47.6,45.8,49.7,advanced,absolute_e1rm,46.3,102,Original Legion chart lift name: Bench Press. Source row bodyweight: 105 lb. Converted from 102 lb to 46.3 kg.
legion-female-bench-press-105-elite,Legion Athletics strength standards,https://legionathletics.com/strength-standards/,bench-press,bench-press__standard,female,105,47.6,45.8,49.7,elite,absolute_e1rm,56.2,124,Original Legion chart lift name: Bench Press. Source row bodyweight: 105 lb. Converted from 124 lb to 56.2 kg.
legion-female-bench-press-114-beginner,Legion Athletics strength standards,https://legionathletics.com/strength-standards/,bench-press,bench-press__standard,female,114,51.7,49.7,53.8,beginner,absolute_e1rm,25.9,57,Original Legion chart lift name: Bench Press. Source row bodyweight: 114 lb. Converted from 57 lb to 25.9 kg.
legion-female-bench-press-114-novice,Legion Athletics strength standards,https://legionathletics.com/strength-standards/,bench-press,bench-press__standard,female,114,51.7,49.7,53.8,novice,absolute_e1rm,33.1,73,Original Legion chart lift name: Bench Press. Source row bodyweight: 114 lb. Converted from 73 lb to 33.1 kg.
legion-female-bench-press-114-intermediate,Legion Athletics strength standards,https://legionathletics.com/strength-standards/,bench-press,bench-press__standard,female,114,51.7,49.7,53.8,intermediate,absolute_e1rm,38.6,85,Original Legion chart lift name: Bench Press. Source row bodyweight: 114 lb. Converted from 85 lb to 38.6 kg.
legion-female-bench-press-114-advanced,Legion Athletics strength standards,https://legionathletics.com/strength-standards/,bench-press,bench-press__standard,female,114,51.7,49.7,53.8,advanced,absolute_e1rm,49.4,109,Original Legion chart lift name: Bench Press. Source row bodyweight: 114 lb. Converted from 109 lb to 49.4 kg.
legion-female-bench-press-114-elite,Legion Athletics strength standards,https://legionathletics.com/strength-standards/,bench-press,bench-press__standard,female,114,51.7,49.7,53.8,elite,absolute_e1rm,60.3,133,Original Legion chart lift name: Bench Press. Source row bodyweight: 114 lb. Converted from 133 lb to 60.3 kg.
legion-female-bench-press-123-beginner,Legion Athletics strength standards,https://legionathletics.com/strength-standards/,bench-press,bench-press__standard,female,123,55.8,53.8,57.8,beginner,absolute_e1rm,27.2,60,Original Legion chart lift name: Bench Press. Source row bodyweight: 123 lb. Converted from 60 lb to 27.2 kg.
legion-female-bench-press-123-novice,Legion Athletics strength standards,https://legionathletics.com/strength-standards/,bench-press,bench-press__standard,female,123,55.8,53.8,57.8,novice,absolute_e1rm,34.9,77,Original Legion chart lift name: Bench Press. Source row bodyweight: 123 lb. Converted from 77 lb to 34.9 kg.
legion-female-bench-press-123-intermediate,Legion Athletics strength standards,https://legionathletics.com/strength-standards/,bench-press,bench-press__standard,female,123,55.8,53.8,57.8,intermediate,absolute_e1rm,40.8,90,Original Legion chart lift name: Bench Press. Source row bodyweight: 123 lb. Converted from 90 lb to 40.8 kg.
legion-female-bench-press-123-advanced,Legion Athletics strength standards,https://legionathletics.com/strength-standards/,bench-press,bench-press__standard,female,123,55.8,53.8,57.8,advanced,absolute_e1rm,52.6,116,Original Legion chart lift name: Bench Press. Source row bodyweight: 123 lb. Converted from 116 lb to 52.6 kg.
legion-female-bench-press-123-elite,Legion Athletics strength standards,https://legionathletics.com/strength-standards/,bench-press,bench-press__standard,female,123,55.8,53.8,57.8,elite,absolute_e1rm,64.4,142,Original Legion chart lift name: Bench Press. Source row bodyweight: 123 lb. Converted from 142 lb to 64.4 kg.
legion-female-bench-press-132-beginner,Legion Athletics strength standards,https://legionathletics.com/strength-standards/,bench-press,bench-press__standard,female,132,59.9,57.8,63.5,beginner,absolute_e1rm,29,64,Original Legion chart lift name: Bench Press. Source row bodyweight: 132 lb. Converted from 64 lb to 29 kg.
legion-female-bench-press-132-novice,Legion Athletics strength standards,https://legionathletics.com/strength-standards/,bench-press,bench-press__standard,female,132,59.9,57.8,63.5,novice,absolute_e1rm,37.2,82,Original Legion chart lift name: Bench Press. Source row bodyweight: 132 lb. Converted from 82 lb to 37.2 kg.
legion-female-bench-press-132-intermediate,Legion Athletics strength standards,https://legionathletics.com/strength-standards/,bench-press,bench-press__standard,female,132,59.9,57.8,63.5,intermediate,absolute_e1rm,43.1,95,Original Legion chart lift name: Bench Press. Source row bodyweight: 132 lb. Converted from 95 lb to 43.1 kg.
legion-female-bench-press-132-advanced,Legion Athletics strength standards,https://legionathletics.com/strength-standards/,bench-press,bench-press__standard,female,132,59.9,57.8,63.5,advanced,absolute_e1rm,55.3,122,Original Legion chart lift name: Bench Press. Source row bodyweight: 132 lb. Converted from 122 lb to 55.3 kg.
legion-female-bench-press-132-elite,Legion Athletics strength standards,https://legionathletics.com/strength-standards/,bench-press,bench-press__standard,female,132,59.9,57.8,63.5,elite,absolute_e1rm,68,150,Original Legion chart lift name: Bench Press. Source row bodyweight: 132 lb. Converted from 150 lb to 68 kg.
legion-female-bench-press-148-beginner,Legion Athletics strength standards,https://legionathletics.com/strength-standards/,bench-press,bench-press__standard,female,148,67.1,63.5,71,beginner,absolute_e1rm,31.8,70,Original Legion chart lift name: Bench Press. Source row bodyweight: 148 lb. Converted from 70 lb to 31.8 kg.
legion-female-bench-press-148-novice,Legion Athletics strength standards,https://legionathletics.com/strength-standards/,bench-press,bench-press__standard,female,148,67.1,63.5,71,novice,absolute_e1rm,40.8,90,Original Legion chart lift name: Bench Press. Source row bodyweight: 148 lb. Converted from 90 lb to 40.8 kg.
legion-female-bench-press-148-intermediate,Legion Athletics strength standards,https://legionathletics.com/strength-standards/,bench-press,bench-press__standard,female,148,67.1,63.5,71,intermediate,absolute_e1rm,47.6,105,Original Legion chart lift name: Bench Press. Source row bodyweight: 148 lb. Converted from 105 lb to 47.6 kg.
legion-female-bench-press-148-advanced,Legion Athletics strength standards,https://legionathletics.com/strength-standards/,bench-press,bench-press__standard,female,148,67.1,63.5,71,advanced,absolute_e1rm,61.2,135,Original Legion chart lift name: Bench Press. Source row bodyweight: 148 lb. Converted from 135 lb to 61.2 kg.
legion-female-bench-press-148-elite,Legion Athletics strength standards,https://legionathletics.com/strength-standards/,bench-press,bench-press__standard,female,148,67.1,63.5,71,elite,absolute_e1rm,74.8,165,Original Legion chart lift name: Bench Press. Source row bodyweight: 148 lb. Converted from 165 lb to 74.8 kg.
legion-female-bench-press-165-beginner,Legion Athletics strength standards,https://legionathletics.com/strength-standards/,bench-press,bench-press__standard,female,165,74.8,71,78.5,beginner,absolute_e1rm,34.5,76,Original Legion chart lift name: Bench Press. Source row bodyweight: 165 lb. Converted from 76 lb to 34.5 kg.
legion-female-bench-press-165-novice,Legion Athletics strength standards,https://legionathletics.com/strength-standards/,bench-press,bench-press__standard,female,165,74.8,71,78.5,novice,absolute_e1rm,44,97,Original Legion chart lift name: Bench Press. Source row bodyweight: 165 lb. Converted from 97 lb to 44 kg.
legion-female-bench-press-165-intermediate,Legion Athletics strength standards,https://legionathletics.com/strength-standards/,bench-press,bench-press__standard,female,165,74.8,71,78.5,intermediate,absolute_e1rm,51.3,113,Original Legion chart lift name: Bench Press. Source row bodyweight: 165 lb. Converted from 113 lb to 51.3 kg.
legion-female-bench-press-165-advanced,Legion Athletics strength standards,https://legionathletics.com/strength-standards/,bench-press,bench-press__standard,female,165,74.8,71,78.5,advanced,absolute_e1rm,66.2,146,Original Legion chart lift name: Bench Press. Source row bodyweight: 165 lb. Converted from 146 lb to 66.2 kg.
legion-female-bench-press-165-elite,Legion Athletics strength standards,https://legionathletics.com/strength-standards/,bench-press,bench-press__standard,female,165,74.8,71,78.5,elite,absolute_e1rm,83,183,Original Legion chart lift name: Bench Press. Source row bodyweight: 165 lb. Converted from 183 lb to 83 kg.
legion-female-bench-press-181-beginner,Legion Athletics strength standards,https://legionathletics.com/strength-standards/,bench-press,bench-press__standard,female,181,82.1,78.5,86,beginner,absolute_e1rm,36.7,81,Original Legion chart lift name: Bench Press. Source row bodyweight: 181 lb. Converted from 81 lb to 36.7 kg.
legion-female-bench-press-181-novice,Legion Athletics strength standards,https://legionathletics.com/strength-standards/,bench-press,bench-press__standard,female,181,82.1,78.5,86,novice,absolute_e1rm,47.2,104,Original Legion chart lift name: Bench Press. Source row bodyweight: 181 lb. Converted from 104 lb to 47.2 kg.
legion-female-bench-press-181-intermediate,Legion Athletics strength standards,https://legionathletics.com/strength-standards/,bench-press,bench-press__standard,female,181,82.1,78.5,86,intermediate,absolute_e1rm,55.3,122,Original Legion chart lift name: Bench Press. Source row bodyweight: 181 lb. Converted from 122 lb to 55.3 kg.
legion-female-bench-press-181-advanced,Legion Athletics strength standards,https://legionathletics.com/strength-standards/,bench-press,bench-press__standard,female,181,82.1,78.5,86,advanced,absolute_e1rm,71.7,158,Original Legion chart lift name: Bench Press. Source row bodyweight: 181 lb. Converted from 158 lb to 71.7 kg.
legion-female-bench-press-181-elite,Legion Athletics strength standards,https://legionathletics.com/strength-standards/,bench-press,bench-press__standard,female,181,82.1,78.5,86,elite,absolute_e1rm,87.1,192,Original Legion chart lift name: Bench Press. Source row bodyweight: 181 lb. Converted from 192 lb to 87.1 kg.
legion-female-bench-press-198-beginner,Legion Athletics strength standards,https://legionathletics.com/strength-standards/,bench-press,bench-press__standard,female,198,89.8,86,90,beginner,absolute_e1rm,39.9,88,Original Legion chart lift name: Bench Press. Source row bodyweight: 198 lb. Converted from 88 lb to 39.9 kg.
legion-female-bench-press-198-novice,Legion Athletics strength standards,https://legionathletics.com/strength-standards/,bench-press,bench-press__standard,female,198,89.8,86,90,novice,absolute_e1rm,50.8,112,Original Legion chart lift name: Bench Press. Source row bodyweight: 198 lb. Converted from 112 lb to 50.8 kg.
legion-female-bench-press-198-intermediate,Legion Athletics strength standards,https://legionathletics.com/strength-standards/,bench-press,bench-press__standard,female,198,89.8,86,90,intermediate,absolute_e1rm,59,130,Original Legion chart lift name: Bench Press. Source row bodyweight: 198 lb. Converted from 130 lb to 59 kg.
legion-female-bench-press-198-advanced,Legion Athletics strength standards,https://legionathletics.com/strength-standards/,bench-press,bench-press__standard,female,198,89.8,86,90,advanced,absolute_e1rm,75.7,167,Original Legion chart lift name: Bench Press. Source row bodyweight: 198 lb. Converted from 167 lb to 75.7 kg.
legion-female-bench-press-198-elite,Legion Athletics strength standards,https://legionathletics.com/strength-standards/,bench-press,bench-press__standard,female,198,89.8,86,90,elite,absolute_e1rm,93,205,Original Legion chart lift name: Bench Press. Source row bodyweight: 198 lb. Converted from 205 lb to 93 kg.
legion-female-bench-press-199plus-beginner,Legion Athletics strength standards,https://legionathletics.com/strength-standards/,bench-press,bench-press__standard,female,199+,90.3,90,,beginner,absolute_e1rm,41.7,92,Original Legion chart lift name: Bench Press. Source row bodyweight: 199+ lb. Converted from 92 lb to 41.7 kg.
legion-female-bench-press-199plus-novice,Legion Athletics strength standards,https://legionathletics.com/strength-standards/,bench-press,bench-press__standard,female,199+,90.3,90,,novice,absolute_e1rm,53.5,118,Original Legion chart lift name: Bench Press. Source row bodyweight: 199+ lb. Converted from 118 lb to 53.5 kg.
legion-female-bench-press-199plus-intermediate,Legion Athletics strength standards,https://legionathletics.com/strength-standards/,bench-press,bench-press__standard,female,199+,90.3,90,,intermediate,absolute_e1rm,62.1,137,Original Legion chart lift name: Bench Press. Source row bodyweight: 199+ lb. Converted from 137 lb to 62.1 kg.
legion-female-bench-press-199plus-advanced,Legion Athletics strength standards,https://legionathletics.com/strength-standards/,bench-press,bench-press__standard,female,199+,90.3,90,,advanced,absolute_e1rm,80.3,177,Original Legion chart lift name: Bench Press. Source row bodyweight: 199+ lb. Converted from 177 lb to 80.3 kg.
legion-female-bench-press-199plus-elite,Legion Athletics strength standards,https://legionathletics.com/strength-standards/,bench-press,bench-press__standard,female,199+,90.3,90,,elite,absolute_e1rm,98.4,217,Original Legion chart lift name: Bench Press. Source row bodyweight: 199+ lb. Converted from 217 lb to 98.4 kg.
legion-female-overhead-press-97-beginner,Legion Athletics strength standards,https://legionathletics.com/strength-standards/,overhead-press,overhead-press__barbell,female,97,44,,45.8,beginner,absolute_e1rm,14.1,31,Original Legion chart lift name: Overhead Press. Source row bodyweight: 97 lb. Converted from 31 lb to 14.1 kg.
legion-female-overhead-press-97-novice,Legion Athletics strength standards,https://legionathletics.com/strength-standards/,overhead-press,overhead-press__barbell,female,97,44,,45.8,novice,absolute_e1rm,19.1,42,Original Legion chart lift name: Overhead Press. Source row bodyweight: 97 lb. Converted from 42 lb to 19.1 kg.
legion-female-overhead-press-97-intermediate,Legion Athletics strength standards,https://legionathletics.com/strength-standards/,overhead-press,overhead-press__barbell,female,97,44,,45.8,intermediate,absolute_e1rm,22.7,50,Original Legion chart lift name: Overhead Press. Source row bodyweight: 97 lb. Converted from 50 lb to 22.7 kg.
legion-female-overhead-press-97-advanced,Legion Athletics strength standards,https://legionathletics.com/strength-standards/,overhead-press,overhead-press__barbell,female,97,44,,45.8,advanced,absolute_e1rm,29.9,66,Original Legion chart lift name: Overhead Press. Source row bodyweight: 97 lb. Converted from 66 lb to 29.9 kg.
legion-female-overhead-press-97-elite,Legion Athletics strength standards,https://legionathletics.com/strength-standards/,overhead-press,overhead-press__barbell,female,97,44,,45.8,elite,absolute_e1rm,38.6,85,Original Legion chart lift name: Overhead Press. Source row bodyweight: 97 lb. Converted from 85 lb to 38.6 kg.
legion-female-overhead-press-105-beginner,Legion Athletics strength standards,https://legionathletics.com/strength-standards/,overhead-press,overhead-press__barbell,female,105,47.6,45.8,49.7,beginner,absolute_e1rm,15,33,Original Legion chart lift name: Overhead Press. Source row bodyweight: 105 lb. Converted from 33 lb to 15 kg.
legion-female-overhead-press-105-novice,Legion Athletics strength standards,https://legionathletics.com/strength-standards/,overhead-press,overhead-press__barbell,female,105,47.6,45.8,49.7,novice,absolute_e1rm,20.9,46,Original Legion chart lift name: Overhead Press. Source row bodyweight: 105 lb. Converted from 46 lb to 20.9 kg.
legion-female-overhead-press-105-intermediate,Legion Athletics strength standards,https://legionathletics.com/strength-standards/,overhead-press,overhead-press__barbell,female,105,47.6,45.8,49.7,intermediate,absolute_e1rm,24,53,Original Legion chart lift name: Overhead Press. Source row bodyweight: 105 lb. Converted from 53 lb to 24 kg.
legion-female-overhead-press-105-advanced,Legion Athletics strength standards,https://legionathletics.com/strength-standards/,overhead-press,overhead-press__barbell,female,105,47.6,45.8,49.7,advanced,absolute_e1rm,32.2,71,Original Legion chart lift name: Overhead Press. Source row bodyweight: 105 lb. Converted from 71 lb to 32.2 kg.
legion-female-overhead-press-105-elite,Legion Athletics strength standards,https://legionathletics.com/strength-standards/,overhead-press,overhead-press__barbell,female,105,47.6,45.8,49.7,elite,absolute_e1rm,41.3,91,Original Legion chart lift name: Overhead Press. Source row bodyweight: 105 lb. Converted from 91 lb to 41.3 kg.
legion-female-overhead-press-114-beginner,Legion Athletics strength standards,https://legionathletics.com/strength-standards/,overhead-press,overhead-press__barbell,female,114,51.7,49.7,53.8,beginner,absolute_e1rm,16.3,36,Original Legion chart lift name: Overhead Press. Source row bodyweight: 114 lb. Converted from 36 lb to 16.3 kg.
legion-female-overhead-press-114-novice,Legion Athletics strength standards,https://legionathletics.com/strength-standards/,overhead-press,overhead-press__barbell,female,114,51.7,49.7,53.8,novice,absolute_e1rm,22.2,49,Original Legion chart lift name: Overhead Press. Source row bodyweight: 114 lb. Converted from 49 lb to 22.2 kg.
legion-female-overhead-press-114-intermediate,Legion Athletics strength standards,https://legionathletics.com/strength-standards/,overhead-press,overhead-press__barbell,female,114,51.7,49.7,53.8,intermediate,absolute_e1rm,26.3,58,Original Legion chart lift name: Overhead Press. Source row bodyweight: 114 lb. Converted from 58 lb to 26.3 kg.
legion-female-overhead-press-114-advanced,Legion Athletics strength standards,https://legionathletics.com/strength-standards/,overhead-press,overhead-press__barbell,female,114,51.7,49.7,53.8,advanced,absolute_e1rm,34.5,76,Original Legion chart lift name: Overhead Press. Source row bodyweight: 114 lb. Converted from 76 lb to 34.5 kg.
legion-female-overhead-press-114-elite,Legion Athletics strength standards,https://legionathletics.com/strength-standards/,overhead-press,overhead-press__barbell,female,114,51.7,49.7,53.8,elite,absolute_e1rm,44,97,Original Legion chart lift name: Overhead Press. Source row bodyweight: 114 lb. Converted from 97 lb to 44 kg.
legion-female-overhead-press-123-beginner,Legion Athletics strength standards,https://legionathletics.com/strength-standards/,overhead-press,overhead-press__barbell,female,123,55.8,53.8,57.8,beginner,absolute_e1rm,17.2,38,Original Legion chart lift name: Overhead Press. Source row bodyweight: 123 lb. Converted from 38 lb to 17.2 kg.
legion-female-overhead-press-123-novice,Legion Athletics strength standards,https://legionathletics.com/strength-standards/,overhead-press,overhead-press__barbell,female,123,55.8,53.8,57.8,novice,absolute_e1rm,23.6,52,Original Legion chart lift name: Overhead Press. Source row bodyweight: 123 lb. Converted from 52 lb to 23.6 kg.
legion-female-overhead-press-123-intermediate,Legion Athletics strength standards,https://legionathletics.com/strength-standards/,overhead-press,overhead-press__barbell,female,123,55.8,53.8,57.8,intermediate,absolute_e1rm,27.7,61,Original Legion chart lift name: Overhead Press. Source row bodyweight: 123 lb. Converted from 61 lb to 27.7 kg.
legion-female-overhead-press-123-advanced,Legion Athletics strength standards,https://legionathletics.com/strength-standards/,overhead-press,overhead-press__barbell,female,123,55.8,53.8,57.8,advanced,absolute_e1rm,36.7,81,Original Legion chart lift name: Overhead Press. Source row bodyweight: 123 lb. Converted from 81 lb to 36.7 kg.
legion-female-overhead-press-123-elite,Legion Athletics strength standards,https://legionathletics.com/strength-standards/,overhead-press,overhead-press__barbell,female,123,55.8,53.8,57.8,elite,absolute_e1rm,47.2,104,Original Legion chart lift name: Overhead Press. Source row bodyweight: 123 lb. Converted from 104 lb to 47.2 kg.
legion-female-overhead-press-132-beginner,Legion Athletics strength standards,https://legionathletics.com/strength-standards/,overhead-press,overhead-press__barbell,female,132,59.9,57.8,63.5,beginner,absolute_e1rm,18.1,40,Original Legion chart lift name: Overhead Press. Source row bodyweight: 132 lb. Converted from 40 lb to 18.1 kg.
legion-female-overhead-press-132-novice,Legion Athletics strength standards,https://legionathletics.com/strength-standards/,overhead-press,overhead-press__barbell,female,132,59.9,57.8,63.5,novice,absolute_e1rm,24.9,55,Original Legion chart lift name: Overhead Press. Source row bodyweight: 132 lb. Converted from 55 lb to 24.9 kg.
legion-female-overhead-press-132-intermediate,Legion Athletics strength standards,https://legionathletics.com/strength-standards/,overhead-press,overhead-press__barbell,female,132,59.9,57.8,63.5,intermediate,absolute_e1rm,29.5,65,Original Legion chart lift name: Overhead Press. Source row bodyweight: 132 lb. Converted from 65 lb to 29.5 kg.
legion-female-overhead-press-132-advanced,Legion Athletics strength standards,https://legionathletics.com/strength-standards/,overhead-press,overhead-press__barbell,female,132,59.9,57.8,63.5,advanced,absolute_e1rm,38.6,85,Original Legion chart lift name: Overhead Press. Source row bodyweight: 132 lb. Converted from 85 lb to 38.6 kg.
legion-female-overhead-press-132-elite,Legion Athletics strength standards,https://legionathletics.com/strength-standards/,overhead-press,overhead-press__barbell,female,132,59.9,57.8,63.5,elite,absolute_e1rm,49.9,110,Original Legion chart lift name: Overhead Press. Source row bodyweight: 132 lb. Converted from 110 lb to 49.9 kg.
legion-female-overhead-press-148-beginner,Legion Athletics strength standards,https://legionathletics.com/strength-standards/,overhead-press,overhead-press__barbell,female,148,67.1,63.5,71,beginner,absolute_e1rm,20,44,Original Legion chart lift name: Overhead Press. Source row bodyweight: 148 lb. Converted from 44 lb to 20 kg.
legion-female-overhead-press-148-novice,Legion Athletics strength standards,https://legionathletics.com/strength-standards/,overhead-press,overhead-press__barbell,female,148,67.1,63.5,71,novice,absolute_e1rm,27.2,60,Original Legion chart lift name: Overhead Press. Source row bodyweight: 148 lb. Converted from 60 lb to 27.2 kg.
legion-female-overhead-press-148-intermediate,Legion Athletics strength standards,https://legionathletics.com/strength-standards/,overhead-press,overhead-press__barbell,female,148,67.1,63.5,71,intermediate,absolute_e1rm,32.7,72,Original Legion chart lift name: Overhead Press. Source row bodyweight: 148 lb. Converted from 72 lb to 32.7 kg.
legion-female-overhead-press-148-advanced,Legion Athletics strength standards,https://legionathletics.com/strength-standards/,overhead-press,overhead-press__barbell,female,148,67.1,63.5,71,advanced,absolute_e1rm,42.6,94,Original Legion chart lift name: Overhead Press. Source row bodyweight: 148 lb. Converted from 94 lb to 42.6 kg.
legion-female-overhead-press-148-elite,Legion Athletics strength standards,https://legionathletics.com/strength-standards/,overhead-press,overhead-press__barbell,female,148,67.1,63.5,71,elite,absolute_e1rm,54.9,121,Original Legion chart lift name: Overhead Press. Source row bodyweight: 148 lb. Converted from 121 lb to 54.9 kg.
legion-female-overhead-press-165-beginner,Legion Athletics strength standards,https://legionathletics.com/strength-standards/,overhead-press,overhead-press__barbell,female,165,74.8,71,78.5,beginner,absolute_e1rm,21.8,48,Original Legion chart lift name: Overhead Press. Source row bodyweight: 165 lb. Converted from 48 lb to 21.8 kg.
legion-female-overhead-press-165-novice,Legion Athletics strength standards,https://legionathletics.com/strength-standards/,overhead-press,overhead-press__barbell,female,165,74.8,71,78.5,novice,absolute_e1rm,29.5,65,Original Legion chart lift name: Overhead Press. Source row bodyweight: 165 lb. Converted from 65 lb to 29.5 kg.
legion-female-overhead-press-165-intermediate,Legion Athletics strength standards,https://legionathletics.com/strength-standards/,overhead-press,overhead-press__barbell,female,165,74.8,71,78.5,intermediate,absolute_e1rm,34.9,77,Original Legion chart lift name: Overhead Press. Source row bodyweight: 165 lb. Converted from 77 lb to 34.9 kg.
legion-female-overhead-press-165-advanced,Legion Athletics strength standards,https://legionathletics.com/strength-standards/,overhead-press,overhead-press__barbell,female,165,74.8,71,78.5,advanced,absolute_e1rm,46.3,102,Original Legion chart lift name: Overhead Press. Source row bodyweight: 165 lb. Converted from 102 lb to 46.3 kg.
legion-female-overhead-press-165-elite,Legion Athletics strength standards,https://legionathletics.com/strength-standards/,overhead-press,overhead-press__barbell,female,165,74.8,71,78.5,elite,absolute_e1rm,60.8,134,Original Legion chart lift name: Overhead Press. Source row bodyweight: 165 lb. Converted from 134 lb to 60.8 kg.
legion-female-overhead-press-181-beginner,Legion Athletics strength standards,https://legionathletics.com/strength-standards/,overhead-press,overhead-press__barbell,female,181,82.1,78.5,86,beginner,absolute_e1rm,23.1,51,Original Legion chart lift name: Overhead Press. Source row bodyweight: 181 lb. Converted from 51 lb to 23.1 kg.
legion-female-overhead-press-181-novice,Legion Athletics strength standards,https://legionathletics.com/strength-standards/,overhead-press,overhead-press__barbell,female,181,82.1,78.5,86,novice,absolute_e1rm,31.8,70,Original Legion chart lift name: Overhead Press. Source row bodyweight: 181 lb. Converted from 70 lb to 31.8 kg.
legion-female-overhead-press-181-intermediate,Legion Athletics strength standards,https://legionathletics.com/strength-standards/,overhead-press,overhead-press__barbell,female,181,82.1,78.5,86,intermediate,absolute_e1rm,37.6,83,Original Legion chart lift name: Overhead Press. Source row bodyweight: 181 lb. Converted from 83 lb to 37.6 kg.
legion-female-overhead-press-181-advanced,Legion Athletics strength standards,https://legionathletics.com/strength-standards/,overhead-press,overhead-press__barbell,female,181,82.1,78.5,86,advanced,absolute_e1rm,49.9,110,Original Legion chart lift name: Overhead Press. Source row bodyweight: 181 lb. Converted from 110 lb to 49.9 kg.
legion-female-overhead-press-181-elite,Legion Athletics strength standards,https://legionathletics.com/strength-standards/,overhead-press,overhead-press__barbell,female,181,82.1,78.5,86,elite,absolute_e1rm,63.5,140,Original Legion chart lift name: Overhead Press. Source row bodyweight: 181 lb. Converted from 140 lb to 63.5 kg.
legion-female-overhead-press-198-beginner,Legion Athletics strength standards,https://legionathletics.com/strength-standards/,overhead-press,overhead-press__barbell,female,198,89.8,86,90,beginner,absolute_e1rm,24.9,55,Original Legion chart lift name: Overhead Press. Source row bodyweight: 198 lb. Converted from 55 lb to 24.9 kg.
legion-female-overhead-press-198-novice,Legion Athletics strength standards,https://legionathletics.com/strength-standards/,overhead-press,overhead-press__barbell,female,198,89.8,86,90,novice,absolute_e1rm,34,75,Original Legion chart lift name: Overhead Press. Source row bodyweight: 198 lb. Converted from 75 lb to 34 kg.
legion-female-overhead-press-198-intermediate,Legion Athletics strength standards,https://legionathletics.com/strength-standards/,overhead-press,overhead-press__barbell,female,198,89.8,86,90,intermediate,absolute_e1rm,39.9,88,Original Legion chart lift name: Overhead Press. Source row bodyweight: 198 lb. Converted from 88 lb to 39.9 kg.
legion-female-overhead-press-198-advanced,Legion Athletics strength standards,https://legionathletics.com/strength-standards/,overhead-press,overhead-press__barbell,female,198,89.8,86,90,advanced,absolute_e1rm,53.1,117,Original Legion chart lift name: Overhead Press. Source row bodyweight: 198 lb. Converted from 117 lb to 53.1 kg.
legion-female-overhead-press-198-elite,Legion Athletics strength standards,https://legionathletics.com/strength-standards/,overhead-press,overhead-press__barbell,female,198,89.8,86,90,elite,absolute_e1rm,68.5,151,Original Legion chart lift name: Overhead Press. Source row bodyweight: 198 lb. Converted from 151 lb to 68.5 kg.
legion-female-overhead-press-199plus-beginner,Legion Athletics strength standards,https://legionathletics.com/strength-standards/,overhead-press,overhead-press__barbell,female,199+,90.3,90,,beginner,absolute_e1rm,26.3,58,Original Legion chart lift name: Overhead Press. Source row bodyweight: 199+ lb. Converted from 58 lb to 26.3 kg.
legion-female-overhead-press-199plus-novice,Legion Athletics strength standards,https://legionathletics.com/strength-standards/,overhead-press,overhead-press__barbell,female,199+,90.3,90,,novice,absolute_e1rm,35.8,79,Original Legion chart lift name: Overhead Press. Source row bodyweight: 199+ lb. Converted from 79 lb to 35.8 kg.
legion-female-overhead-press-199plus-intermediate,Legion Athletics strength standards,https://legionathletics.com/strength-standards/,overhead-press,overhead-press__barbell,female,199+,90.3,90,,intermediate,absolute_e1rm,42.2,93,Original Legion chart lift name: Overhead Press. Source row bodyweight: 199+ lb. Converted from 93 lb to 42.2 kg.
legion-female-overhead-press-199plus-advanced,Legion Athletics strength standards,https://legionathletics.com/strength-standards/,overhead-press,overhead-press__barbell,female,199+,90.3,90,,advanced,absolute_e1rm,55.8,123,Original Legion chart lift name: Overhead Press. Source row bodyweight: 199+ lb. Converted from 123 lb to 55.8 kg.
legion-female-overhead-press-199plus-elite,Legion Athletics strength standards,https://legionathletics.com/strength-standards/,overhead-press,overhead-press__barbell,female,199+,90.3,90,,elite,absolute_e1rm,72.1,159,Original Legion chart lift name: Overhead Press. Source row bodyweight: 199+ lb. Converted from 159 lb to 72.1 kg.
legion-female-squat-97-beginner,Legion Athletics strength standards,https://legionathletics.com/strength-standards/,squat,squat__standard,female,97,44,,45.8,beginner,absolute_e1rm,20.9,46,Original Legion chart lift name: Squat. Source row bodyweight: 97 lb. Converted from 46 lb to 20.9 kg.
legion-female-squat-97-novice,Legion Athletics strength standards,https://legionathletics.com/strength-standards/,squat,squat__standard,female,97,44,,45.8,novice,absolute_e1rm,38.1,84,Original Legion chart lift name: Squat. Source row bodyweight: 97 lb. Converted from 84 lb to 38.1 kg.
legion-female-squat-97-intermediate,Legion Athletics strength standards,https://legionathletics.com/strength-standards/,squat,squat__standard,female,97,44,,45.8,intermediate,absolute_e1rm,44.5,98,Original Legion chart lift name: Squat. Source row bodyweight: 97 lb. Converted from 98 lb to 44.5 kg.
legion-female-squat-97-advanced,Legion Athletics strength standards,https://legionathletics.com/strength-standards/,squat,squat__standard,female,97,44,,45.8,advanced,absolute_e1rm,58.5,129,Original Legion chart lift name: Squat. Source row bodyweight: 97 lb. Converted from 129 lb to 58.5 kg.
legion-female-squat-97-elite,Legion Athletics strength standards,https://legionathletics.com/strength-standards/,squat,squat__standard,female,97,44,,45.8,elite,absolute_e1rm,73.9,163,Original Legion chart lift name: Squat. Source row bodyweight: 97 lb. Converted from 163 lb to 73.9 kg.
legion-female-squat-105-beginner,Legion Athletics strength standards,https://legionathletics.com/strength-standards/,squat,squat__standard,female,105,47.6,45.8,49.7,beginner,absolute_e1rm,22.2,49,Original Legion chart lift name: Squat. Source row bodyweight: 105 lb. Converted from 49 lb to 22.2 kg.
legion-female-squat-105-novice,Legion Athletics strength standards,https://legionathletics.com/strength-standards/,squat,squat__standard,female,105,47.6,45.8,49.7,novice,absolute_e1rm,41.3,91,Original Legion chart lift name: Squat. Source row bodyweight: 105 lb. Converted from 91 lb to 41.3 kg.
legion-female-squat-105-intermediate,Legion Athletics strength standards,https://legionathletics.com/strength-standards/,squat,squat__standard,female,105,47.6,45.8,49.7,intermediate,absolute_e1rm,48.1,106,Original Legion chart lift name: Squat. Source row bodyweight: 105 lb. Converted from 106 lb to 48.1 kg.
legion-female-squat-105-advanced,Legion Athletics strength standards,https://legionathletics.com/strength-standards/,squat,squat__standard,female,105,47.6,45.8,49.7,advanced,absolute_e1rm,63.5,140,Original Legion chart lift name: Squat. Source row bodyweight: 105 lb. Converted from 140 lb to 63.5 kg.
legion-female-squat-105-elite,Legion Athletics strength standards,https://legionathletics.com/strength-standards/,squat,squat__standard,female,105,47.6,45.8,49.7,elite,absolute_e1rm,78.9,174,Original Legion chart lift name: Squat. Source row bodyweight: 105 lb. Converted from 174 lb to 78.9 kg.
legion-female-squat-114-beginner,Legion Athletics strength standards,https://legionathletics.com/strength-standards/,squat,squat__standard,female,114,51.7,49.7,53.8,beginner,absolute_e1rm,24,53,Original Legion chart lift name: Squat. Source row bodyweight: 114 lb. Converted from 53 lb to 24 kg.
legion-female-squat-114-novice,Legion Athletics strength standards,https://legionathletics.com/strength-standards/,squat,squat__standard,female,114,51.7,49.7,53.8,novice,absolute_e1rm,44.5,98,Original Legion chart lift name: Squat. Source row bodyweight: 114 lb. Converted from 98 lb to 44.5 kg.
legion-female-squat-114-intermediate,Legion Athletics strength standards,https://legionathletics.com/strength-standards/,squat,squat__standard,female,114,51.7,49.7,53.8,intermediate,absolute_e1rm,51.7,114,Original Legion chart lift name: Squat. Source row bodyweight: 114 lb. Converted from 114 lb to 51.7 kg.
legion-female-squat-114-advanced,Legion Athletics strength standards,https://legionathletics.com/strength-standards/,squat,squat__standard,female,114,51.7,49.7,53.8,advanced,absolute_e1rm,68,150,Original Legion chart lift name: Squat. Source row bodyweight: 114 lb. Converted from 150 lb to 68 kg.
legion-female-squat-114-elite,Legion Athletics strength standards,https://legionathletics.com/strength-standards/,squat,squat__standard,female,114,51.7,49.7,53.8,elite,absolute_e1rm,84.8,187,Original Legion chart lift name: Squat. Source row bodyweight: 114 lb. Converted from 187 lb to 84.8 kg.
legion-female-squat-123-beginner,Legion Athletics strength standards,https://legionathletics.com/strength-standards/,squat,squat__standard,female,123,55.8,53.8,57.8,beginner,absolute_e1rm,25.4,56,Original Legion chart lift name: Squat. Source row bodyweight: 123 lb. Converted from 56 lb to 25.4 kg.
legion-female-squat-123-novice,Legion Athletics strength standards,https://legionathletics.com/strength-standards/,squat,squat__standard,female,123,55.8,53.8,57.8,novice,absolute_e1rm,46.7,103,Original Legion chart lift name: Squat. Source row bodyweight: 123 lb. Converted from 103 lb to 46.7 kg.
legion-female-squat-123-intermediate,Legion Athletics strength standards,https://legionathletics.com/strength-standards/,squat,squat__standard,female,123,55.8,53.8,57.8,intermediate,absolute_e1rm,54.9,121,Original Legion chart lift name: Squat. Source row bodyweight: 123 lb. Converted from 121 lb to 54.9 kg.
legion-female-squat-123-advanced,Legion Athletics strength standards,https://legionathletics.com/strength-standards/,squat,squat__standard,female,123,55.8,53.8,57.8,advanced,absolute_e1rm,72.6,160,Original Legion chart lift name: Squat. Source row bodyweight: 123 lb. Converted from 160 lb to 72.6 kg.
legion-female-squat-123-elite,Legion Athletics strength standards,https://legionathletics.com/strength-standards/,squat,squat__standard,female,123,55.8,53.8,57.8,elite,absolute_e1rm,90.3,199,Original Legion chart lift name: Squat. Source row bodyweight: 123 lb. Converted from 199 lb to 90.3 kg.
legion-female-squat-132-beginner,Legion Athletics strength standards,https://legionathletics.com/strength-standards/,squat,squat__standard,female,132,59.9,57.8,63.5,beginner,absolute_e1rm,26.8,59,Original Legion chart lift name: Squat. Source row bodyweight: 132 lb. Converted from 59 lb to 26.8 kg.
legion-female-squat-132-novice,Legion Athletics strength standards,https://legionathletics.com/strength-standards/,squat,squat__standard,female,132,59.9,57.8,63.5,novice,absolute_e1rm,49.9,110,Original Legion chart lift name: Squat. Source row bodyweight: 132 lb. Converted from 110 lb to 49.9 kg.
legion-female-squat-132-intermediate,Legion Athletics strength standards,https://legionathletics.com/strength-standards/,squat,squat__standard,female,132,59.9,57.8,63.5,intermediate,absolute_e1rm,57.6,127,Original Legion chart lift name: Squat. Source row bodyweight: 132 lb. Converted from 127 lb to 57.6 kg.
legion-female-squat-132-advanced,Legion Athletics strength standards,https://legionathletics.com/strength-standards/,squat,squat__standard,female,132,59.9,57.8,63.5,advanced,absolute_e1rm,76.2,168,Original Legion chart lift name: Squat. Source row bodyweight: 132 lb. Converted from 168 lb to 76.2 kg.
legion-female-squat-132-elite,Legion Athletics strength standards,https://legionathletics.com/strength-standards/,squat,squat__standard,female,132,59.9,57.8,63.5,elite,absolute_e1rm,95.7,211,Original Legion chart lift name: Squat. Source row bodyweight: 132 lb. Converted from 211 lb to 95.7 kg.
legion-female-squat-148-beginner,Legion Athletics strength standards,https://legionathletics.com/strength-standards/,squat,squat__standard,female,148,67.1,63.5,71,beginner,absolute_e1rm,29.5,65,Original Legion chart lift name: Squat. Source row bodyweight: 148 lb. Converted from 65 lb to 29.5 kg.
legion-female-squat-148-novice,Legion Athletics strength standards,https://legionathletics.com/strength-standards/,squat,squat__standard,female,148,67.1,63.5,71,novice,absolute_e1rm,54.9,121,Original Legion chart lift name: Squat. Source row bodyweight: 148 lb. Converted from 121 lb to 54.9 kg.
legion-female-squat-148-intermediate,Legion Athletics strength standards,https://legionathletics.com/strength-standards/,squat,squat__standard,female,148,67.1,63.5,71,intermediate,absolute_e1rm,64,141,Original Legion chart lift name: Squat. Source row bodyweight: 148 lb. Converted from 141 lb to 64 kg.
legion-female-squat-148-advanced,Legion Athletics strength standards,https://legionathletics.com/strength-standards/,squat,squat__standard,female,148,67.1,63.5,71,advanced,absolute_e1rm,83.9,185,Original Legion chart lift name: Squat. Source row bodyweight: 148 lb. Converted from 185 lb to 83.9 kg.
legion-female-squat-148-elite,Legion Athletics strength standards,https://legionathletics.com/strength-standards/,squat,squat__standard,female,148,67.1,63.5,71,elite,absolute_e1rm,105.2,232,Original Legion chart lift name: Squat. Source row bodyweight: 148 lb. Converted from 232 lb to 105.2 kg.
legion-female-squat-165-beginner,Legion Athletics strength standards,https://legionathletics.com/strength-standards/,squat,squat__standard,female,165,74.8,71,78.5,beginner,absolute_e1rm,31.8,70,Original Legion chart lift name: Squat. Source row bodyweight: 165 lb. Converted from 70 lb to 31.8 kg.
legion-female-squat-165-novice,Legion Athletics strength standards,https://legionathletics.com/strength-standards/,squat,squat__standard,female,165,74.8,71,78.5,novice,absolute_e1rm,59,130,Original Legion chart lift name: Squat. Source row bodyweight: 165 lb. Converted from 130 lb to 59 kg.
legion-female-squat-165-intermediate,Legion Athletics strength standards,https://legionathletics.com/strength-standards/,squat,squat__standard,female,165,74.8,71,78.5,intermediate,absolute_e1rm,68.5,151,Original Legion chart lift name: Squat. Source row bodyweight: 165 lb. Converted from 151 lb to 68.5 kg.
legion-female-squat-165-advanced,Legion Athletics strength standards,https://legionathletics.com/strength-standards/,squat,squat__standard,female,165,74.8,71,78.5,advanced,absolute_e1rm,90.7,200,Original Legion chart lift name: Squat. Source row bodyweight: 165 lb. Converted from 200 lb to 90.7 kg.
legion-female-squat-165-elite,Legion Athletics strength standards,https://legionathletics.com/strength-standards/,squat,squat__standard,female,165,74.8,71,78.5,elite,absolute_e1rm,116.1,256,Original Legion chart lift name: Squat. Source row bodyweight: 165 lb. Converted from 256 lb to 116.1 kg.
legion-female-squat-181-beginner,Legion Athletics strength standards,https://legionathletics.com/strength-standards/,squat,squat__standard,female,181,82.1,78.5,86,beginner,absolute_e1rm,34,75,Original Legion chart lift name: Squat. Source row bodyweight: 181 lb. Converted from 75 lb to 34 kg.
legion-female-squat-181-novice,Legion Athletics strength standards,https://legionathletics.com/strength-standards/,squat,squat__standard,female,181,82.1,78.5,86,novice,absolute_e1rm,63,139,Original Legion chart lift name: Squat. Source row bodyweight: 181 lb. Converted from 139 lb to 63 kg.
legion-female-squat-181-intermediate,Legion Athletics strength standards,https://legionathletics.com/strength-standards/,squat,squat__standard,female,181,82.1,78.5,86,intermediate,absolute_e1rm,74.4,164,Original Legion chart lift name: Squat. Source row bodyweight: 181 lb. Converted from 164 lb to 74.4 kg.
legion-female-squat-181-advanced,Legion Athletics strength standards,https://legionathletics.com/strength-standards/,squat,squat__standard,female,181,82.1,78.5,86,advanced,absolute_e1rm,97.5,215,Original Legion chart lift name: Squat. Source row bodyweight: 181 lb. Converted from 215 lb to 97.5 kg.
legion-female-squat-181-elite,Legion Athletics strength standards,https://legionathletics.com/strength-standards/,squat,squat__standard,female,181,82.1,78.5,86,elite,absolute_e1rm,121.6,268,Original Legion chart lift name: Squat. Source row bodyweight: 181 lb. Converted from 268 lb to 121.6 kg.
legion-female-squat-198-beginner,Legion Athletics strength standards,https://legionathletics.com/strength-standards/,squat,squat__standard,female,198,89.8,86,90,beginner,absolute_e1rm,36.7,81,Original Legion chart lift name: Squat. Source row bodyweight: 198 lb. Converted from 81 lb to 36.7 kg.
legion-female-squat-198-novice,Legion Athletics strength standards,https://legionathletics.com/strength-standards/,squat,squat__standard,female,198,89.8,86,90,novice,absolute_e1rm,68,150,Original Legion chart lift name: Squat. Source row bodyweight: 198 lb. Converted from 150 lb to 68 kg.
legion-female-squat-198-intermediate,Legion Athletics strength standards,https://legionathletics.com/strength-standards/,squat,squat__standard,female,198,89.8,86,90,intermediate,absolute_e1rm,78.9,174,Original Legion chart lift name: Squat. Source row bodyweight: 198 lb. Converted from 174 lb to 78.9 kg.
legion-female-squat-198-advanced,Legion Athletics strength standards,https://legionathletics.com/strength-standards/,squat,squat__standard,female,198,89.8,86,90,advanced,absolute_e1rm,103.9,229,Original Legion chart lift name: Squat. Source row bodyweight: 198 lb. Converted from 229 lb to 103.9 kg.
legion-female-squat-198-elite,Legion Athletics strength standards,https://legionathletics.com/strength-standards/,squat,squat__standard,female,198,89.8,86,90,elite,absolute_e1rm,130.6,288,Original Legion chart lift name: Squat. Source row bodyweight: 198 lb. Converted from 288 lb to 130.6 kg.
legion-female-squat-199plus-beginner,Legion Athletics strength standards,https://legionathletics.com/strength-standards/,squat,squat__standard,female,199+,90.3,90,,beginner,absolute_e1rm,38.6,85,Original Legion chart lift name: Squat. Source row bodyweight: 199+ lb. Converted from 85 lb to 38.6 kg.
legion-female-squat-199plus-novice,Legion Athletics strength standards,https://legionathletics.com/strength-standards/,squat,squat__standard,female,199+,90.3,90,,novice,absolute_e1rm,71.7,158,Original Legion chart lift name: Squat. Source row bodyweight: 199+ lb. Converted from 158 lb to 71.7 kg.
legion-female-squat-199plus-intermediate,Legion Athletics strength standards,https://legionathletics.com/strength-standards/,squat,squat__standard,female,199+,90.3,90,,intermediate,absolute_e1rm,83.5,184,Original Legion chart lift name: Squat. Source row bodyweight: 199+ lb. Converted from 184 lb to 83.5 kg.
legion-female-squat-199plus-advanced,Legion Athletics strength standards,https://legionathletics.com/strength-standards/,squat,squat__standard,female,199+,90.3,90,,advanced,absolute_e1rm,109.8,242,Original Legion chart lift name: Squat. Source row bodyweight: 199+ lb. Converted from 242 lb to 109.8 kg.
legion-female-squat-199plus-elite,Legion Athletics strength standards,https://legionathletics.com/strength-standards/,squat,squat__standard,female,199+,90.3,90,,elite,absolute_e1rm,137.4,303,Original Legion chart lift name: Squat. Source row bodyweight: 199+ lb. Converted from 303 lb to 137.4 kg.
legion-female-deadlift-97-beginner,Legion Athletics strength standards,https://legionathletics.com/strength-standards/,deadlift,deadlift__standard,female,97,44,,45.8,beginner,absolute_e1rm,25.9,57,Original Legion chart lift name: Deadlift. Source row bodyweight: 97 lb. Converted from 57 lb to 25.9 kg.
legion-female-deadlift-97-novice,Legion Athletics strength standards,https://legionathletics.com/strength-standards/,deadlift,deadlift__standard,female,97,44,,45.8,novice,absolute_e1rm,47.6,105,Original Legion chart lift name: Deadlift. Source row bodyweight: 97 lb. Converted from 105 lb to 47.6 kg.
legion-female-deadlift-97-intermediate,Legion Athletics strength standards,https://legionathletics.com/strength-standards/,deadlift,deadlift__standard,female,97,44,,45.8,intermediate,absolute_e1rm,55.3,122,Original Legion chart lift name: Deadlift. Source row bodyweight: 97 lb. Converted from 122 lb to 55.3 kg.
legion-female-deadlift-97-advanced,Legion Athletics strength standards,https://legionathletics.com/strength-standards/,deadlift,deadlift__standard,female,97,44,,45.8,advanced,absolute_e1rm,79.4,175,Original Legion chart lift name: Deadlift. Source row bodyweight: 97 lb. Converted from 175 lb to 79.4 kg.
legion-female-deadlift-97-elite,Legion Athletics strength standards,https://legionathletics.com/strength-standards/,deadlift,deadlift__standard,female,97,44,,45.8,elite,absolute_e1rm,105.2,232,Original Legion chart lift name: Deadlift. Source row bodyweight: 97 lb. Converted from 232 lb to 105.2 kg.
legion-female-deadlift-105-beginner,Legion Athletics strength standards,https://legionathletics.com/strength-standards/,deadlift,deadlift__standard,female,105,47.6,45.8,49.7,beginner,absolute_e1rm,27.7,61,Original Legion chart lift name: Deadlift. Source row bodyweight: 105 lb. Converted from 61 lb to 27.7 kg.
legion-female-deadlift-105-novice,Legion Athletics strength standards,https://legionathletics.com/strength-standards/,deadlift,deadlift__standard,female,105,47.6,45.8,49.7,novice,absolute_e1rm,51.7,114,Original Legion chart lift name: Deadlift. Source row bodyweight: 105 lb. Converted from 114 lb to 51.7 kg.
legion-female-deadlift-105-intermediate,Legion Athletics strength standards,https://legionathletics.com/strength-standards/,deadlift,deadlift__standard,female,105,47.6,45.8,49.7,intermediate,absolute_e1rm,59.9,132,Original Legion chart lift name: Deadlift. Source row bodyweight: 105 lb. Converted from 132 lb to 59.9 kg.
legion-female-deadlift-105-advanced,Legion Athletics strength standards,https://legionathletics.com/strength-standards/,deadlift,deadlift__standard,female,105,47.6,45.8,49.7,advanced,absolute_e1rm,85.7,189,Original Legion chart lift name: Deadlift. Source row bodyweight: 105 lb. Converted from 189 lb to 85.7 kg.
legion-female-deadlift-105-elite,Legion Athletics strength standards,https://legionathletics.com/strength-standards/,deadlift,deadlift__standard,female,105,47.6,45.8,49.7,elite,absolute_e1rm,109.8,242,Original Legion chart lift name: Deadlift. Source row bodyweight: 105 lb. Converted from 242 lb to 109.8 kg.
legion-female-deadlift-114-beginner,Legion Athletics strength standards,https://legionathletics.com/strength-standards/,deadlift,deadlift__standard,female,114,51.7,49.7,53.8,beginner,absolute_e1rm,29.9,66,Original Legion chart lift name: Deadlift. Source row bodyweight: 114 lb. Converted from 66 lb to 29.9 kg.
legion-female-deadlift-114-novice,Legion Athletics strength standards,https://legionathletics.com/strength-standards/,deadlift,deadlift__standard,female,114,51.7,49.7,53.8,novice,absolute_e1rm,55.3,122,Original Legion chart lift name: Deadlift. Source row bodyweight: 114 lb. Converted from 122 lb to 55.3 kg.
legion-female-deadlift-114-intermediate,Legion Athletics strength standards,https://legionathletics.com/strength-standards/,deadlift,deadlift__standard,female,114,51.7,49.7,53.8,intermediate,absolute_e1rm,64.4,142,Original Legion chart lift name: Deadlift. Source row bodyweight: 114 lb. Converted from 142 lb to 64.4 kg.
legion-female-deadlift-114-advanced,Legion Athletics strength standards,https://legionathletics.com/strength-standards/,deadlift,deadlift__standard,female,114,51.7,49.7,53.8,advanced,absolute_e1rm,90.7,200,Original Legion chart lift name: Deadlift. Source row bodyweight: 114 lb. Converted from 200 lb to 90.7 kg.
legion-female-deadlift-114-elite,Legion Athletics strength standards,https://legionathletics.com/strength-standards/,deadlift,deadlift__standard,female,114,51.7,49.7,53.8,elite,absolute_e1rm,114.8,253,Original Legion chart lift name: Deadlift. Source row bodyweight: 114 lb. Converted from 253 lb to 114.8 kg.
legion-female-deadlift-123-beginner,Legion Athletics strength standards,https://legionathletics.com/strength-standards/,deadlift,deadlift__standard,female,123,55.8,53.8,57.8,beginner,absolute_e1rm,31.8,70,Original Legion chart lift name: Deadlift. Source row bodyweight: 123 lb. Converted from 70 lb to 31.8 kg.
legion-female-deadlift-123-novice,Legion Athletics strength standards,https://legionathletics.com/strength-standards/,deadlift,deadlift__standard,female,123,55.8,53.8,57.8,novice,absolute_e1rm,58.5,129,Original Legion chart lift name: Deadlift. Source row bodyweight: 123 lb. Converted from 129 lb to 58.5 kg.
legion-female-deadlift-123-intermediate,Legion Athletics strength standards,https://legionathletics.com/strength-standards/,deadlift,deadlift__standard,female,123,55.8,53.8,57.8,intermediate,absolute_e1rm,68.5,151,Original Legion chart lift name: Deadlift. Source row bodyweight: 123 lb. Converted from 151 lb to 68.5 kg.
legion-female-deadlift-123-advanced,Legion Athletics strength standards,https://legionathletics.com/strength-standards/,deadlift,deadlift__standard,female,123,55.8,53.8,57.8,advanced,absolute_e1rm,95.7,211,Original Legion chart lift name: Deadlift. Source row bodyweight: 123 lb. Converted from 211 lb to 95.7 kg.
legion-female-deadlift-123-elite,Legion Athletics strength standards,https://legionathletics.com/strength-standards/,deadlift,deadlift__standard,female,123,55.8,53.8,57.8,elite,absolute_e1rm,119.3,263,Original Legion chart lift name: Deadlift. Source row bodyweight: 123 lb. Converted from 263 lb to 119.3 kg.
legion-female-deadlift-132-beginner,Legion Athletics strength standards,https://legionathletics.com/strength-standards/,deadlift,deadlift__standard,female,132,59.9,57.8,63.5,beginner,absolute_e1rm,33.6,74,Original Legion chart lift name: Deadlift. Source row bodyweight: 132 lb. Converted from 74 lb to 33.6 kg.
legion-female-deadlift-132-novice,Legion Athletics strength standards,https://legionathletics.com/strength-standards/,deadlift,deadlift__standard,female,132,59.9,57.8,63.5,novice,absolute_e1rm,62.1,137,Original Legion chart lift name: Deadlift. Source row bodyweight: 132 lb. Converted from 137 lb to 62.1 kg.
legion-female-deadlift-132-intermediate,Legion Athletics strength standards,https://legionathletics.com/strength-standards/,deadlift,deadlift__standard,female,132,59.9,57.8,63.5,intermediate,absolute_e1rm,72.1,159,Original Legion chart lift name: Deadlift. Source row bodyweight: 132 lb. Converted from 159 lb to 72.1 kg.
legion-female-deadlift-132-advanced,Legion Athletics strength standards,https://legionathletics.com/strength-standards/,deadlift,deadlift__standard,female,132,59.9,57.8,63.5,advanced,absolute_e1rm,99.8,220,Original Legion chart lift name: Deadlift. Source row bodyweight: 132 lb. Converted from 220 lb to 99.8 kg.
legion-female-deadlift-132-elite,Legion Athletics strength standards,https://legionathletics.com/strength-standards/,deadlift,deadlift__standard,female,132,59.9,57.8,63.5,elite,absolute_e1rm,123.8,273,Original Legion chart lift name: Deadlift. Source row bodyweight: 132 lb. Converted from 273 lb to 123.8 kg.
legion-female-deadlift-148-beginner,Legion Athletics strength standards,https://legionathletics.com/strength-standards/,deadlift,deadlift__standard,female,148,67.1,63.5,71,beginner,absolute_e1rm,36.7,81,Original Legion chart lift name: Deadlift. Source row bodyweight: 148 lb. Converted from 81 lb to 36.7 kg.
legion-female-deadlift-148-novice,Legion Athletics strength standards,https://legionathletics.com/strength-standards/,deadlift,deadlift__standard,female,148,67.1,63.5,71,novice,absolute_e1rm,68.5,151,Original Legion chart lift name: Deadlift. Source row bodyweight: 148 lb. Converted from 151 lb to 68.5 kg.
legion-female-deadlift-148-intermediate,Legion Athletics strength standards,https://legionathletics.com/strength-standards/,deadlift,deadlift__standard,female,148,67.1,63.5,71,intermediate,absolute_e1rm,79.8,176,Original Legion chart lift name: Deadlift. Source row bodyweight: 148 lb. Converted from 176 lb to 79.8 kg.
legion-female-deadlift-148-advanced,Legion Athletics strength standards,https://legionathletics.com/strength-standards/,deadlift,deadlift__standard,female,148,67.1,63.5,71,advanced,absolute_e1rm,109.3,241,Original Legion chart lift name: Deadlift. Source row bodyweight: 148 lb. Converted from 241 lb to 109.3 kg.
legion-female-deadlift-148-elite,Legion Athletics strength standards,https://legionathletics.com/strength-standards/,deadlift,deadlift__standard,female,148,67.1,63.5,71,elite,absolute_e1rm,133.8,295,Original Legion chart lift name: Deadlift. Source row bodyweight: 148 lb. Converted from 295 lb to 133.8 kg.
legion-female-deadlift-165-beginner,Legion Athletics strength standards,https://legionathletics.com/strength-standards/,deadlift,deadlift__standard,female,165,74.8,71,78.5,beginner,absolute_e1rm,39.9,88,Original Legion chart lift name: Deadlift. Source row bodyweight: 165 lb. Converted from 88 lb to 39.9 kg.
legion-female-deadlift-165-novice,Legion Athletics strength standards,https://legionathletics.com/strength-standards/,deadlift,deadlift__standard,female,165,74.8,71,78.5,novice,absolute_e1rm,73.5,162,Original Legion chart lift name: Deadlift. Source row bodyweight: 165 lb. Converted from 162 lb to 73.5 kg.
legion-female-deadlift-165-intermediate,Legion Athletics strength standards,https://legionathletics.com/strength-standards/,deadlift,deadlift__standard,female,165,74.8,71,78.5,intermediate,absolute_e1rm,85.7,189,Original Legion chart lift name: Deadlift. Source row bodyweight: 165 lb. Converted from 189 lb to 85.7 kg.
legion-female-deadlift-165-advanced,Legion Athletics strength standards,https://legionathletics.com/strength-standards/,deadlift,deadlift__standard,female,165,74.8,71,78.5,advanced,absolute_e1rm,117,258,Original Legion chart lift name: Deadlift. Source row bodyweight: 165 lb. Converted from 258 lb to 117 kg.
legion-female-deadlift-165-elite,Legion Athletics strength standards,https://legionathletics.com/strength-standards/,deadlift,deadlift__standard,female,165,74.8,71,78.5,elite,absolute_e1rm,144.7,319,Original Legion chart lift name: Deadlift. Source row bodyweight: 165 lb. Converted from 319 lb to 144.7 kg.
legion-female-deadlift-181-beginner,Legion Athletics strength standards,https://legionathletics.com/strength-standards/,deadlift,deadlift__standard,female,181,82.1,78.5,86,beginner,absolute_e1rm,42.6,94,Original Legion chart lift name: Deadlift. Source row bodyweight: 181 lb. Converted from 94 lb to 42.6 kg.
legion-female-deadlift-181-novice,Legion Athletics strength standards,https://legionathletics.com/strength-standards/,deadlift,deadlift__standard,female,181,82.1,78.5,86,novice,absolute_e1rm,78.9,174,Original Legion chart lift name: Deadlift. Source row bodyweight: 181 lb. Converted from 174 lb to 78.9 kg.
legion-female-deadlift-181-intermediate,Legion Athletics strength standards,https://legionathletics.com/strength-standards/,deadlift,deadlift__standard,female,181,82.1,78.5,86,intermediate,absolute_e1rm,92.5,204,Original Legion chart lift name: Deadlift. Source row bodyweight: 181 lb. Converted from 204 lb to 92.5 kg.
legion-female-deadlift-181-advanced,Legion Athletics strength standards,https://legionathletics.com/strength-standards/,deadlift,deadlift__standard,female,181,82.1,78.5,86,advanced,absolute_e1rm,123.8,273,Original Legion chart lift name: Deadlift. Source row bodyweight: 181 lb. Converted from 273 lb to 123.8 kg.
legion-female-deadlift-181-elite,Legion Athletics strength standards,https://legionathletics.com/strength-standards/,deadlift,deadlift__standard,female,181,82.1,78.5,86,elite,absolute_e1rm,149.2,329,Original Legion chart lift name: Deadlift. Source row bodyweight: 181 lb. Converted from 329 lb to 149.2 kg.
legion-female-deadlift-198-beginner,Legion Athletics strength standards,https://legionathletics.com/strength-standards/,deadlift,deadlift__standard,female,198,89.8,86,90,beginner,absolute_e1rm,45.8,101,Original Legion chart lift name: Deadlift. Source row bodyweight: 198 lb. Converted from 101 lb to 45.8 kg.
legion-female-deadlift-198-novice,Legion Athletics strength standards,https://legionathletics.com/strength-standards/,deadlift,deadlift__standard,female,198,89.8,86,90,novice,absolute_e1rm,84.8,187,Original Legion chart lift name: Deadlift. Source row bodyweight: 198 lb. Converted from 187 lb to 84.8 kg.
legion-female-deadlift-198-intermediate,Legion Athletics strength standards,https://legionathletics.com/strength-standards/,deadlift,deadlift__standard,female,198,89.8,86,90,intermediate,absolute_e1rm,98.4,217,Original Legion chart lift name: Deadlift. Source row bodyweight: 198 lb. Converted from 217 lb to 98.4 kg.
legion-female-deadlift-198-advanced,Legion Athletics strength standards,https://legionathletics.com/strength-standards/,deadlift,deadlift__standard,female,198,89.8,86,90,advanced,absolute_e1rm,128.8,284,Original Legion chart lift name: Deadlift. Source row bodyweight: 198 lb. Converted from 284 lb to 128.8 kg.
legion-female-deadlift-198-elite,Legion Athletics strength standards,https://legionathletics.com/strength-standards/,deadlift,deadlift__standard,female,198,89.8,86,90,elite,absolute_e1rm,158.3,349,Original Legion chart lift name: Deadlift. Source row bodyweight: 198 lb. Converted from 349 lb to 158.3 kg.
legion-female-deadlift-199plus-beginner,Legion Athletics strength standards,https://legionathletics.com/strength-standards/,deadlift,deadlift__standard,female,199+,90.3,90,,beginner,absolute_e1rm,48.5,107,Original Legion chart lift name: Deadlift. Source row bodyweight: 199+ lb. Converted from 107 lb to 48.5 kg.
legion-female-deadlift-199plus-novice,Legion Athletics strength standards,https://legionathletics.com/strength-standards/,deadlift,deadlift__standard,female,199+,90.3,90,,novice,absolute_e1rm,89.4,197,Original Legion chart lift name: Deadlift. Source row bodyweight: 199+ lb. Converted from 197 lb to 89.4 kg.
legion-female-deadlift-199plus-intermediate,Legion Athletics strength standards,https://legionathletics.com/strength-standards/,deadlift,deadlift__standard,female,199+,90.3,90,,intermediate,absolute_e1rm,103.9,229,Original Legion chart lift name: Deadlift. Source row bodyweight: 199+ lb. Converted from 229 lb to 103.9 kg.
legion-female-deadlift-199plus-advanced,Legion Athletics strength standards,https://legionathletics.com/strength-standards/,deadlift,deadlift__standard,female,199+,90.3,90,,advanced,absolute_e1rm,134.7,297,Original Legion chart lift name: Deadlift. Source row bodyweight: 199+ lb. Converted from 297 lb to 134.7 kg.
legion-female-deadlift-199plus-elite,Legion Athletics strength standards,https://legionathletics.com/strength-standards/,deadlift,deadlift__standard,female,199+,90.3,90,,elite,absolute_e1rm,165.1,364,Original Legion chart lift name: Deadlift. Source row bodyweight: 199+ lb. Converted from 364 lb to 165.1 kg.