id,source,source_url,cycle,sex,age_min,age_max,metric,percentile,value,unit,sample_n,weighted_sample_sum,source_file,source_variable,notes
nhanes-2017-2018-male-18-29-body_weight_kg-p5,NHANES 2017-2018,https://wwwn.cdc.gov/Nchs/Data/Nhanes/Public/2017/DataFiles/BMX_J.htm,2017-2018,male,18,29,body_weight_kg,5,57.7,kg,501,25981848.936,BMX_J,BMXWT,"Weighted with WTMEC2YR. DXA metrics require DXAEXSTS=1 and region invalidity flags where applicable. US population reference; use for scale, not as an athlete-specific ideal."
nhanes-2017-2018-male-18-29-body_weight_kg-p10,NHANES 2017-2018,https://wwwn.cdc.gov/Nchs/Data/Nhanes/Public/2017/DataFiles/BMX_J.htm,2017-2018,male,18,29,body_weight_kg,10,60.4,kg,501,25981848.936,BMX_J,BMXWT,"Weighted with WTMEC2YR. DXA metrics require DXAEXSTS=1 and region invalidity flags where applicable. US population reference; use for scale, not as an athlete-specific ideal."
nhanes-2017-2018-male-18-29-body_weight_kg-p25,NHANES 2017-2018,https://wwwn.cdc.gov/Nchs/Data/Nhanes/Public/2017/DataFiles/BMX_J.htm,2017-2018,male,18,29,body_weight_kg,25,67.0,kg,501,25981848.936,BMX_J,BMXWT,"Weighted with WTMEC2YR. DXA metrics require DXAEXSTS=1 and region invalidity flags where applicable. US population reference; use for scale, not as an athlete-specific ideal."
nhanes-2017-2018-male-18-29-body_weight_kg-p50,NHANES 2017-2018,https://wwwn.cdc.gov/Nchs/Data/Nhanes/Public/2017/DataFiles/BMX_J.htm,2017-2018,male,18,29,body_weight_kg,50,80.0,kg,501,25981848.936,BMX_J,BMXWT,"Weighted with WTMEC2YR. DXA metrics require DXAEXSTS=1 and region invalidity flags where applicable. US population reference; use for scale, not as an athlete-specific ideal."
nhanes-2017-2018-male-18-29-body_weight_kg-p75,NHANES 2017-2018,https://wwwn.cdc.gov/Nchs/Data/Nhanes/Public/2017/DataFiles/BMX_J.htm,2017-2018,male,18,29,body_weight_kg,75,98.3,kg,501,25981848.936,BMX_J,BMXWT,"Weighted with WTMEC2YR. DXA metrics require DXAEXSTS=1 and region invalidity flags where applicable. US population reference; use for scale, not as an athlete-specific ideal."
nhanes-2017-2018-male-18-29-body_weight_kg-p90,NHANES 2017-2018,https://wwwn.cdc.gov/Nchs/Data/Nhanes/Public/2017/DataFiles/BMX_J.htm,2017-2018,male,18,29,body_weight_kg,90,116.4,kg,501,25981848.936,BMX_J,BMXWT,"Weighted with WTMEC2YR. DXA metrics require DXAEXSTS=1 and region invalidity flags where applicable. US population reference; use for scale, not as an athlete-specific ideal."
nhanes-2017-2018-male-18-29-body_weight_kg-p95,NHANES 2017-2018,https://wwwn.cdc.gov/Nchs/Data/Nhanes/Public/2017/DataFiles/BMX_J.htm,2017-2018,male,18,29,body_weight_kg,95,127.3,kg,501,25981848.936,BMX_J,BMXWT,"Weighted with WTMEC2YR. DXA metrics require DXAEXSTS=1 and region invalidity flags where applicable. US population reference; use for scale, not as an athlete-specific ideal."
nhanes-2017-2018-male-30-39-body_weight_kg-p5,NHANES 2017-2018,https://wwwn.cdc.gov/Nchs/Data/Nhanes/Public/2017/DataFiles/BMX_J.htm,2017-2018,male,30,39,body_weight_kg,5,65.8,kg,358,20503705.8408,BMX_J,BMXWT,"Weighted with WTMEC2YR. DXA metrics require DXAEXSTS=1 and region invalidity flags where applicable. US population reference; use for scale, not as an athlete-specific ideal."
nhanes-2017-2018-male-30-39-body_weight_kg-p10,NHANES 2017-2018,https://wwwn.cdc.gov/Nchs/Data/Nhanes/Public/2017/DataFiles/BMX_J.htm,2017-2018,male,30,39,body_weight_kg,10,72.2,kg,358,20503705.8408,BMX_J,BMXWT,"Weighted with WTMEC2YR. DXA metrics require DXAEXSTS=1 and region invalidity flags where applicable. US population reference; use for scale, not as an athlete-specific ideal."
nhanes-2017-2018-male-30-39-body_weight_kg-p25,NHANES 2017-2018,https://wwwn.cdc.gov/Nchs/Data/Nhanes/Public/2017/DataFiles/BMX_J.htm,2017-2018,male,30,39,body_weight_kg,25,78.6,kg,358,20503705.8408,BMX_J,BMXWT,"Weighted with WTMEC2YR. DXA metrics require DXAEXSTS=1 and region invalidity flags where applicable. US population reference; use for scale, not as an athlete-specific ideal."
nhanes-2017-2018-male-30-39-body_weight_kg-p50,NHANES 2017-2018,https://wwwn.cdc.gov/Nchs/Data/Nhanes/Public/2017/DataFiles/BMX_J.htm,2017-2018,male,30,39,body_weight_kg,50,89.9,kg,358,20503705.8408,BMX_J,BMXWT,"Weighted with WTMEC2YR. DXA metrics require DXAEXSTS=1 and region invalidity flags where applicable. US population reference; use for scale, not as an athlete-specific ideal."
nhanes-2017-2018-male-30-39-body_weight_kg-p75,NHANES 2017-2018,https://wwwn.cdc.gov/Nchs/Data/Nhanes/Public/2017/DataFiles/BMX_J.htm,2017-2018,male,30,39,body_weight_kg,75,105.1,kg,358,20503705.8408,BMX_J,BMXWT,"Weighted with WTMEC2YR. DXA metrics require DXAEXSTS=1 and region invalidity flags where applicable. US population reference; use for scale, not as an athlete-specific ideal."
nhanes-2017-2018-male-30-39-body_weight_kg-p90,NHANES 2017-2018,https://wwwn.cdc.gov/Nchs/Data/Nhanes/Public/2017/DataFiles/BMX_J.htm,2017-2018,male,30,39,body_weight_kg,90,123.0,kg,358,20503705.8408,BMX_J,BMXWT,"Weighted with WTMEC2YR. DXA metrics require DXAEXSTS=1 and region invalidity flags where applicable. US population reference; use for scale, not as an athlete-specific ideal."
nhanes-2017-2018-male-30-39-body_weight_kg-p95,NHANES 2017-2018,https://wwwn.cdc.gov/Nchs/Data/Nhanes/Public/2017/DataFiles/BMX_J.htm,2017-2018,male,30,39,body_weight_kg,95,137.7,kg,358,20503705.8408,BMX_J,BMXWT,"Weighted with WTMEC2YR. DXA metrics require DXAEXSTS=1 and region invalidity flags where applicable. US population reference; use for scale, not as an athlete-specific ideal."
nhanes-2017-2018-male-40-49-body_weight_kg-p5,NHANES 2017-2018,https://wwwn.cdc.gov/Nchs/Data/Nhanes/Public/2017/DataFiles/BMX_J.htm,2017-2018,male,40,49,body_weight_kg,5,67.2,kg,367,19134997.5422,BMX_J,BMXWT,"Weighted with WTMEC2YR. DXA metrics require DXAEXSTS=1 and region invalidity flags where applicable. US population reference; use for scale, not as an athlete-specific ideal."
nhanes-2017-2018-male-40-49-body_weight_kg-p10,NHANES 2017-2018,https://wwwn.cdc.gov/Nchs/Data/Nhanes/Public/2017/DataFiles/BMX_J.htm,2017-2018,male,40,49,body_weight_kg,10,70.2,kg,367,19134997.5422,BMX_J,BMXWT,"Weighted with WTMEC2YR. DXA metrics require DXAEXSTS=1 and region invalidity flags where applicable. US population reference; use for scale, not as an athlete-specific ideal."
nhanes-2017-2018-male-40-49-body_weight_kg-p25,NHANES 2017-2018,https://wwwn.cdc.gov/Nchs/Data/Nhanes/Public/2017/DataFiles/BMX_J.htm,2017-2018,male,40,49,body_weight_kg,25,80.0,kg,367,19134997.5422,BMX_J,BMXWT,"Weighted with WTMEC2YR. DXA metrics require DXAEXSTS=1 and region invalidity flags where applicable. US population reference; use for scale, not as an athlete-specific ideal."
nhanes-2017-2018-male-40-49-body_weight_kg-p50,NHANES 2017-2018,https://wwwn.cdc.gov/Nchs/Data/Nhanes/Public/2017/DataFiles/BMX_J.htm,2017-2018,male,40,49,body_weight_kg,50,91.8,kg,367,19134997.5422,BMX_J,BMXWT,"Weighted with WTMEC2YR. DXA metrics require DXAEXSTS=1 and region invalidity flags where applicable. US population reference; use for scale, not as an athlete-specific ideal."
nhanes-2017-2018-male-40-49-body_weight_kg-p75,NHANES 2017-2018,https://wwwn.cdc.gov/Nchs/Data/Nhanes/Public/2017/DataFiles/BMX_J.htm,2017-2018,male,40,49,body_weight_kg,75,108.1,kg,367,19134997.5422,BMX_J,BMXWT,"Weighted with WTMEC2YR. DXA metrics require DXAEXSTS=1 and region invalidity flags where applicable. US population reference; use for scale, not as an athlete-specific ideal."
nhanes-2017-2018-male-40-49-body_weight_kg-p90,NHANES 2017-2018,https://wwwn.cdc.gov/Nchs/Data/Nhanes/Public/2017/DataFiles/BMX_J.htm,2017-2018,male,40,49,body_weight_kg,90,124.0,kg,367,19134997.5422,BMX_J,BMXWT,"Weighted with WTMEC2YR. DXA metrics require DXAEXSTS=1 and region invalidity flags where applicable. US population reference; use for scale, not as an athlete-specific ideal."
nhanes-2017-2018-male-40-49-body_weight_kg-p95,NHANES 2017-2018,https://wwwn.cdc.gov/Nchs/Data/Nhanes/Public/2017/DataFiles/BMX_J.htm,2017-2018,male,40,49,body_weight_kg,95,141.3,kg,367,19134997.5422,BMX_J,BMXWT,"Weighted with WTMEC2YR. DXA metrics require DXAEXSTS=1 and region invalidity flags where applicable. US population reference; use for scale, not as an athlete-specific ideal."
nhanes-2017-2018-male-50-59-body_weight_kg-p5,NHANES 2017-2018,https://wwwn.cdc.gov/Nchs/Data/Nhanes/Public/2017/DataFiles/BMX_J.htm,2017-2018,male,50,59,body_weight_kg,5,65.2,kg,406,21137053.2701,BMX_J,BMXWT,"Weighted with WTMEC2YR. DXA metrics require DXAEXSTS=1 and region invalidity flags where applicable. US population reference; use for scale, not as an athlete-specific ideal."
nhanes-2017-2018-male-50-59-body_weight_kg-p10,NHANES 2017-2018,https://wwwn.cdc.gov/Nchs/Data/Nhanes/Public/2017/DataFiles/BMX_J.htm,2017-2018,male,50,59,body_weight_kg,10,70.8,kg,406,21137053.2701,BMX_J,BMXWT,"Weighted with WTMEC2YR. DXA metrics require DXAEXSTS=1 and region invalidity flags where applicable. US population reference; use for scale, not as an athlete-specific ideal."
nhanes-2017-2018-male-50-59-body_weight_kg-p25,NHANES 2017-2018,https://wwwn.cdc.gov/Nchs/Data/Nhanes/Public/2017/DataFiles/BMX_J.htm,2017-2018,male,50,59,body_weight_kg,25,77.4,kg,406,21137053.2701,BMX_J,BMXWT,"Weighted with WTMEC2YR. DXA metrics require DXAEXSTS=1 and region invalidity flags where applicable. US population reference; use for scale, not as an athlete-specific ideal."
nhanes-2017-2018-male-50-59-body_weight_kg-p50,NHANES 2017-2018,https://wwwn.cdc.gov/Nchs/Data/Nhanes/Public/2017/DataFiles/BMX_J.htm,2017-2018,male,50,59,body_weight_kg,50,90.8,kg,406,21137053.2701,BMX_J,BMXWT,"Weighted with WTMEC2YR. DXA metrics require DXAEXSTS=1 and region invalidity flags where applicable. US population reference; use for scale, not as an athlete-specific ideal."
nhanes-2017-2018-male-50-59-body_weight_kg-p75,NHANES 2017-2018,https://wwwn.cdc.gov/Nchs/Data/Nhanes/Public/2017/DataFiles/BMX_J.htm,2017-2018,male,50,59,body_weight_kg,75,103.1,kg,406,21137053.2701,BMX_J,BMXWT,"Weighted with WTMEC2YR. DXA metrics require DXAEXSTS=1 and region invalidity flags where applicable. US population reference; use for scale, not as an athlete-specific ideal."
nhanes-2017-2018-male-50-59-body_weight_kg-p90,NHANES 2017-2018,https://wwwn.cdc.gov/Nchs/Data/Nhanes/Public/2017/DataFiles/BMX_J.htm,2017-2018,male,50,59,body_weight_kg,90,125.3,kg,406,21137053.2701,BMX_J,BMXWT,"Weighted with WTMEC2YR. DXA metrics require DXAEXSTS=1 and region invalidity flags where applicable. US population reference; use for scale, not as an athlete-specific ideal."
nhanes-2017-2018-male-50-59-body_weight_kg-p95,NHANES 2017-2018,https://wwwn.cdc.gov/Nchs/Data/Nhanes/Public/2017/DataFiles/BMX_J.htm,2017-2018,male,50,59,body_weight_kg,95,130.7,kg,406,21137053.2701,BMX_J,BMXWT,"Weighted with WTMEC2YR. DXA metrics require DXAEXSTS=1 and region invalidity flags where applicable. US population reference; use for scale, not as an athlete-specific ideal."
nhanes-2017-2018-male-18-59-body_weight_kg-p5,NHANES 2017-2018,https://wwwn.cdc.gov/Nchs/Data/Nhanes/Public/2017/DataFiles/BMX_J.htm,2017-2018,male,18,59,body_weight_kg,5,61.0,kg,1632,86757605.5891,BMX_J,BMXWT,"Weighted with WTMEC2YR. DXA metrics require DXAEXSTS=1 and region invalidity flags where applicable. US population reference; use for scale, not as an athlete-specific ideal."
nhanes-2017-2018-male-18-59-body_weight_kg-p10,NHANES 2017-2018,https://wwwn.cdc.gov/Nchs/Data/Nhanes/Public/2017/DataFiles/BMX_J.htm,2017-2018,male,18,59,body_weight_kg,10,65.9,kg,1632,86757605.5891,BMX_J,BMXWT,"Weighted with WTMEC2YR. DXA metrics require DXAEXSTS=1 and region invalidity flags where applicable. US population reference; use for scale, not as an athlete-specific ideal."
nhanes-2017-2018-male-18-59-body_weight_kg-p25,NHANES 2017-2018,https://wwwn.cdc.gov/Nchs/Data/Nhanes/Public/2017/DataFiles/BMX_J.htm,2017-2018,male,18,59,body_weight_kg,25,75.2,kg,1632,86757605.5891,BMX_J,BMXWT,"Weighted with WTMEC2YR. DXA metrics require DXAEXSTS=1 and region invalidity flags where applicable. US population reference; use for scale, not as an athlete-specific ideal."
nhanes-2017-2018-male-18-59-body_weight_kg-p50,NHANES 2017-2018,https://wwwn.cdc.gov/Nchs/Data/Nhanes/Public/2017/DataFiles/BMX_J.htm,2017-2018,male,18,59,body_weight_kg,50,88.8,kg,1632,86757605.5891,BMX_J,BMXWT,"Weighted with WTMEC2YR. DXA metrics require DXAEXSTS=1 and region invalidity flags where applicable. US population reference; use for scale, not as an athlete-specific ideal."
nhanes-2017-2018-male-18-59-body_weight_kg-p75,NHANES 2017-2018,https://wwwn.cdc.gov/Nchs/Data/Nhanes/Public/2017/DataFiles/BMX_J.htm,2017-2018,male,18,59,body_weight_kg,75,104.5,kg,1632,86757605.5891,BMX_J,BMXWT,"Weighted with WTMEC2YR. DXA metrics require DXAEXSTS=1 and region invalidity flags where applicable. US population reference; use for scale, not as an athlete-specific ideal."
nhanes-2017-2018-male-18-59-body_weight_kg-p90,NHANES 2017-2018,https://wwwn.cdc.gov/Nchs/Data/Nhanes/Public/2017/DataFiles/BMX_J.htm,2017-2018,male,18,59,body_weight_kg,90,122.2,kg,1632,86757605.5891,BMX_J,BMXWT,"Weighted with WTMEC2YR. DXA metrics require DXAEXSTS=1 and region invalidity flags where applicable. US population reference; use for scale, not as an athlete-specific ideal."
nhanes-2017-2018-male-18-59-body_weight_kg-p95,NHANES 2017-2018,https://wwwn.cdc.gov/Nchs/Data/Nhanes/Public/2017/DataFiles/BMX_J.htm,2017-2018,male,18,59,body_weight_kg,95,133.7,kg,1632,86757605.5891,BMX_J,BMXWT,"Weighted with WTMEC2YR. DXA metrics require DXAEXSTS=1 and region invalidity flags where applicable. US population reference; use for scale, not as an athlete-specific ideal."
nhanes-2017-2018-female-18-29-body_weight_kg-p5,NHANES 2017-2018,https://wwwn.cdc.gov/Nchs/Data/Nhanes/Public/2017/DataFiles/BMX_J.htm,2017-2018,female,18,29,body_weight_kg,5,48.8,kg,527,25848916.1071,BMX_J,BMXWT,"Weighted with WTMEC2YR. DXA metrics require DXAEXSTS=1 and region invalidity flags where applicable. US population reference; use for scale, not as an athlete-specific ideal."
nhanes-2017-2018-female-18-29-body_weight_kg-p10,NHANES 2017-2018,https://wwwn.cdc.gov/Nchs/Data/Nhanes/Public/2017/DataFiles/BMX_J.htm,2017-2018,female,18,29,body_weight_kg,10,51.3,kg,527,25848916.1071,BMX_J,BMXWT,"Weighted with WTMEC2YR. DXA metrics require DXAEXSTS=1 and region invalidity flags where applicable. US population reference; use for scale, not as an athlete-specific ideal."
nhanes-2017-2018-female-18-29-body_weight_kg-p25,NHANES 2017-2018,https://wwwn.cdc.gov/Nchs/Data/Nhanes/Public/2017/DataFiles/BMX_J.htm,2017-2018,female,18,29,body_weight_kg,25,58.0,kg,527,25848916.1071,BMX_J,BMXWT,"Weighted with WTMEC2YR. DXA metrics require DXAEXSTS=1 and region invalidity flags where applicable. US population reference; use for scale, not as an athlete-specific ideal."
nhanes-2017-2018-female-18-29-body_weight_kg-p50,NHANES 2017-2018,https://wwwn.cdc.gov/Nchs/Data/Nhanes/Public/2017/DataFiles/BMX_J.htm,2017-2018,female,18,29,body_weight_kg,50,70.5,kg,527,25848916.1071,BMX_J,BMXWT,"Weighted with WTMEC2YR. DXA metrics require DXAEXSTS=1 and region invalidity flags where applicable. US population reference; use for scale, not as an athlete-specific ideal."
nhanes-2017-2018-female-18-29-body_weight_kg-p75,NHANES 2017-2018,https://wwwn.cdc.gov/Nchs/Data/Nhanes/Public/2017/DataFiles/BMX_J.htm,2017-2018,female,18,29,body_weight_kg,75,87.2,kg,527,25848916.1071,BMX_J,BMXWT,"Weighted with WTMEC2YR. DXA metrics require DXAEXSTS=1 and region invalidity flags where applicable. US population reference; use for scale, not as an athlete-specific ideal."
nhanes-2017-2018-female-18-29-body_weight_kg-p90,NHANES 2017-2018,https://wwwn.cdc.gov/Nchs/Data/Nhanes/Public/2017/DataFiles/BMX_J.htm,2017-2018,female,18,29,body_weight_kg,90,106.7,kg,527,25848916.1071,BMX_J,BMXWT,"Weighted with WTMEC2YR. DXA metrics require DXAEXSTS=1 and region invalidity flags where applicable. US population reference; use for scale, not as an athlete-specific ideal."
nhanes-2017-2018-female-18-29-body_weight_kg-p95,NHANES 2017-2018,https://wwwn.cdc.gov/Nchs/Data/Nhanes/Public/2017/DataFiles/BMX_J.htm,2017-2018,female,18,29,body_weight_kg,95,118.8,kg,527,25848916.1071,BMX_J,BMXWT,"Weighted with WTMEC2YR. DXA metrics require DXAEXSTS=1 and region invalidity flags where applicable. US population reference; use for scale, not as an athlete-specific ideal."
nhanes-2017-2018-female-30-39-body_weight_kg-p5,NHANES 2017-2018,https://wwwn.cdc.gov/Nchs/Data/Nhanes/Public/2017/DataFiles/BMX_J.htm,2017-2018,female,30,39,body_weight_kg,5,51.3,kg,448,21470384.1258,BMX_J,BMXWT,"Weighted with WTMEC2YR. DXA metrics require DXAEXSTS=1 and region invalidity flags where applicable. US population reference; use for scale, not as an athlete-specific ideal."
nhanes-2017-2018-female-30-39-body_weight_kg-p10,NHANES 2017-2018,https://wwwn.cdc.gov/Nchs/Data/Nhanes/Public/2017/DataFiles/BMX_J.htm,2017-2018,female,30,39,body_weight_kg,10,53.7,kg,448,21470384.1258,BMX_J,BMXWT,"Weighted with WTMEC2YR. DXA metrics require DXAEXSTS=1 and region invalidity flags where applicable. US population reference; use for scale, not as an athlete-specific ideal."
nhanes-2017-2018-female-30-39-body_weight_kg-p25,NHANES 2017-2018,https://wwwn.cdc.gov/Nchs/Data/Nhanes/Public/2017/DataFiles/BMX_J.htm,2017-2018,female,30,39,body_weight_kg,25,63.8,kg,448,21470384.1258,BMX_J,BMXWT,"Weighted with WTMEC2YR. DXA metrics require DXAEXSTS=1 and region invalidity flags where applicable. US population reference; use for scale, not as an athlete-specific ideal."
nhanes-2017-2018-female-30-39-body_weight_kg-p50,NHANES 2017-2018,https://wwwn.cdc.gov/Nchs/Data/Nhanes/Public/2017/DataFiles/BMX_J.htm,2017-2018,female,30,39,body_weight_kg,50,74.2,kg,448,21470384.1258,BMX_J,BMXWT,"Weighted with WTMEC2YR. DXA metrics require DXAEXSTS=1 and region invalidity flags where applicable. US population reference; use for scale, not as an athlete-specific ideal."
nhanes-2017-2018-female-30-39-body_weight_kg-p75,NHANES 2017-2018,https://wwwn.cdc.gov/Nchs/Data/Nhanes/Public/2017/DataFiles/BMX_J.htm,2017-2018,female,30,39,body_weight_kg,75,92.0,kg,448,21470384.1258,BMX_J,BMXWT,"Weighted with WTMEC2YR. DXA metrics require DXAEXSTS=1 and region invalidity flags where applicable. US population reference; use for scale, not as an athlete-specific ideal."
nhanes-2017-2018-female-30-39-body_weight_kg-p90,NHANES 2017-2018,https://wwwn.cdc.gov/Nchs/Data/Nhanes/Public/2017/DataFiles/BMX_J.htm,2017-2018,female,30,39,body_weight_kg,90,116.5,kg,448,21470384.1258,BMX_J,BMXWT,"Weighted with WTMEC2YR. DXA metrics require DXAEXSTS=1 and region invalidity flags where applicable. US population reference; use for scale, not as an athlete-specific ideal."
nhanes-2017-2018-female-30-39-body_weight_kg-p95,NHANES 2017-2018,https://wwwn.cdc.gov/Nchs/Data/Nhanes/Public/2017/DataFiles/BMX_J.htm,2017-2018,female,30,39,body_weight_kg,95,131.1,kg,448,21470384.1258,BMX_J,BMXWT,"Weighted with WTMEC2YR. DXA metrics require DXAEXSTS=1 and region invalidity flags where applicable. US population reference; use for scale, not as an athlete-specific ideal."
nhanes-2017-2018-female-40-49-body_weight_kg-p5,NHANES 2017-2018,https://wwwn.cdc.gov/Nchs/Data/Nhanes/Public/2017/DataFiles/BMX_J.htm,2017-2018,female,40,49,body_weight_kg,5,53.7,kg,401,19187123.3647,BMX_J,BMXWT,"Weighted with WTMEC2YR. DXA metrics require DXAEXSTS=1 and region invalidity flags where applicable. US population reference; use for scale, not as an athlete-specific ideal."
nhanes-2017-2018-female-40-49-body_weight_kg-p10,NHANES 2017-2018,https://wwwn.cdc.gov/Nchs/Data/Nhanes/Public/2017/DataFiles/BMX_J.htm,2017-2018,female,40,49,body_weight_kg,10,57.9,kg,401,19187123.3647,BMX_J,BMXWT,"Weighted with WTMEC2YR. DXA metrics require DXAEXSTS=1 and region invalidity flags where applicable. US population reference; use for scale, not as an athlete-specific ideal."
nhanes-2017-2018-female-40-49-body_weight_kg-p25,NHANES 2017-2018,https://wwwn.cdc.gov/Nchs/Data/Nhanes/Public/2017/DataFiles/BMX_J.htm,2017-2018,female,40,49,body_weight_kg,25,66.2,kg,401,19187123.3647,BMX_J,BMXWT,"Weighted with WTMEC2YR. DXA metrics require DXAEXSTS=1 and region invalidity flags where applicable. US population reference; use for scale, not as an athlete-specific ideal."
nhanes-2017-2018-female-40-49-body_weight_kg-p50,NHANES 2017-2018,https://wwwn.cdc.gov/Nchs/Data/Nhanes/Public/2017/DataFiles/BMX_J.htm,2017-2018,female,40,49,body_weight_kg,50,76.5,kg,401,19187123.3647,BMX_J,BMXWT,"Weighted with WTMEC2YR. DXA metrics require DXAEXSTS=1 and region invalidity flags where applicable. US population reference; use for scale, not as an athlete-specific ideal."
nhanes-2017-2018-female-40-49-body_weight_kg-p75,NHANES 2017-2018,https://wwwn.cdc.gov/Nchs/Data/Nhanes/Public/2017/DataFiles/BMX_J.htm,2017-2018,female,40,49,body_weight_kg,75,93.8,kg,401,19187123.3647,BMX_J,BMXWT,"Weighted with WTMEC2YR. DXA metrics require DXAEXSTS=1 and region invalidity flags where applicable. US population reference; use for scale, not as an athlete-specific ideal."
nhanes-2017-2018-female-40-49-body_weight_kg-p90,NHANES 2017-2018,https://wwwn.cdc.gov/Nchs/Data/Nhanes/Public/2017/DataFiles/BMX_J.htm,2017-2018,female,40,49,body_weight_kg,90,115.8,kg,401,19187123.3647,BMX_J,BMXWT,"Weighted with WTMEC2YR. DXA metrics require DXAEXSTS=1 and region invalidity flags where applicable. US population reference; use for scale, not as an athlete-specific ideal."
nhanes-2017-2018-female-40-49-body_weight_kg-p95,NHANES 2017-2018,https://wwwn.cdc.gov/Nchs/Data/Nhanes/Public/2017/DataFiles/BMX_J.htm,2017-2018,female,40,49,body_weight_kg,95,128.5,kg,401,19187123.3647,BMX_J,BMXWT,"Weighted with WTMEC2YR. DXA metrics require DXAEXSTS=1 and region invalidity flags where applicable. US population reference; use for scale, not as an athlete-specific ideal."
nhanes-2017-2018-female-50-59-body_weight_kg-p5,NHANES 2017-2018,https://wwwn.cdc.gov/Nchs/Data/Nhanes/Public/2017/DataFiles/BMX_J.htm,2017-2018,female,50,59,body_weight_kg,5,47.6,kg,467,22930075.3567,BMX_J,BMXWT,"Weighted with WTMEC2YR. DXA metrics require DXAEXSTS=1 and region invalidity flags where applicable. US population reference; use for scale, not as an athlete-specific ideal."
nhanes-2017-2018-female-50-59-body_weight_kg-p10,NHANES 2017-2018,https://wwwn.cdc.gov/Nchs/Data/Nhanes/Public/2017/DataFiles/BMX_J.htm,2017-2018,female,50,59,body_weight_kg,10,51.2,kg,467,22930075.3567,BMX_J,BMXWT,"Weighted with WTMEC2YR. DXA metrics require DXAEXSTS=1 and region invalidity flags where applicable. US population reference; use for scale, not as an athlete-specific ideal."
nhanes-2017-2018-female-50-59-body_weight_kg-p25,NHANES 2017-2018,https://wwwn.cdc.gov/Nchs/Data/Nhanes/Public/2017/DataFiles/BMX_J.htm,2017-2018,female,50,59,body_weight_kg,25,60.8,kg,467,22930075.3567,BMX_J,BMXWT,"Weighted with WTMEC2YR. DXA metrics require DXAEXSTS=1 and region invalidity flags where applicable. US population reference; use for scale, not as an athlete-specific ideal."
nhanes-2017-2018-female-50-59-body_weight_kg-p50,NHANES 2017-2018,https://wwwn.cdc.gov/Nchs/Data/Nhanes/Public/2017/DataFiles/BMX_J.htm,2017-2018,female,50,59,body_weight_kg,50,73.1,kg,467,22930075.3567,BMX_J,BMXWT,"Weighted with WTMEC2YR. DXA metrics require DXAEXSTS=1 and region invalidity flags where applicable. US population reference; use for scale, not as an athlete-specific ideal."
nhanes-2017-2018-female-50-59-body_weight_kg-p75,NHANES 2017-2018,https://wwwn.cdc.gov/Nchs/Data/Nhanes/Public/2017/DataFiles/BMX_J.htm,2017-2018,female,50,59,body_weight_kg,75,89.0,kg,467,22930075.3567,BMX_J,BMXWT,"Weighted with WTMEC2YR. DXA metrics require DXAEXSTS=1 and region invalidity flags where applicable. US population reference; use for scale, not as an athlete-specific ideal."
nhanes-2017-2018-female-50-59-body_weight_kg-p90,NHANES 2017-2018,https://wwwn.cdc.gov/Nchs/Data/Nhanes/Public/2017/DataFiles/BMX_J.htm,2017-2018,female,50,59,body_weight_kg,90,102.9,kg,467,22930075.3567,BMX_J,BMXWT,"Weighted with WTMEC2YR. DXA metrics require DXAEXSTS=1 and region invalidity flags where applicable. US population reference; use for scale, not as an athlete-specific ideal."
nhanes-2017-2018-female-50-59-body_weight_kg-p95,NHANES 2017-2018,https://wwwn.cdc.gov/Nchs/Data/Nhanes/Public/2017/DataFiles/BMX_J.htm,2017-2018,female,50,59,body_weight_kg,95,119.0,kg,467,22930075.3567,BMX_J,BMXWT,"Weighted with WTMEC2YR. DXA metrics require DXAEXSTS=1 and region invalidity flags where applicable. US population reference; use for scale, not as an athlete-specific ideal."
nhanes-2017-2018-female-18-59-body_weight_kg-p5,NHANES 2017-2018,https://wwwn.cdc.gov/Nchs/Data/Nhanes/Public/2017/DataFiles/BMX_J.htm,2017-2018,female,18,59,body_weight_kg,5,49.6,kg,1843,89436498.9542,BMX_J,BMXWT,"Weighted with WTMEC2YR. DXA metrics require DXAEXSTS=1 and region invalidity flags where applicable. US population reference; use for scale, not as an athlete-specific ideal."
nhanes-2017-2018-female-18-59-body_weight_kg-p10,NHANES 2017-2018,https://wwwn.cdc.gov/Nchs/Data/Nhanes/Public/2017/DataFiles/BMX_J.htm,2017-2018,female,18,59,body_weight_kg,10,53.1,kg,1843,89436498.9542,BMX_J,BMXWT,"Weighted with WTMEC2YR. DXA metrics require DXAEXSTS=1 and region invalidity flags where applicable. US population reference; use for scale, not as an athlete-specific ideal."
nhanes-2017-2018-female-18-59-body_weight_kg-p25,NHANES 2017-2018,https://wwwn.cdc.gov/Nchs/Data/Nhanes/Public/2017/DataFiles/BMX_J.htm,2017-2018,female,18,59,body_weight_kg,25,61.6,kg,1843,89436498.9542,BMX_J,BMXWT,"Weighted with WTMEC2YR. DXA metrics require DXAEXSTS=1 and region invalidity flags where applicable. US population reference; use for scale, not as an athlete-specific ideal."
nhanes-2017-2018-female-18-59-body_weight_kg-p50,NHANES 2017-2018,https://wwwn.cdc.gov/Nchs/Data/Nhanes/Public/2017/DataFiles/BMX_J.htm,2017-2018,female,18,59,body_weight_kg,50,73.5,kg,1843,89436498.9542,BMX_J,BMXWT,"Weighted with WTMEC2YR. DXA metrics require DXAEXSTS=1 and region invalidity flags where applicable. US population reference; use for scale, not as an athlete-specific ideal."
nhanes-2017-2018-female-18-59-body_weight_kg-p75,NHANES 2017-2018,https://wwwn.cdc.gov/Nchs/Data/Nhanes/Public/2017/DataFiles/BMX_J.htm,2017-2018,female,18,59,body_weight_kg,75,91.4,kg,1843,89436498.9542,BMX_J,BMXWT,"Weighted with WTMEC2YR. DXA metrics require DXAEXSTS=1 and region invalidity flags where applicable. US population reference; use for scale, not as an athlete-specific ideal."
nhanes-2017-2018-female-18-59-body_weight_kg-p90,NHANES 2017-2018,https://wwwn.cdc.gov/Nchs/Data/Nhanes/Public/2017/DataFiles/BMX_J.htm,2017-2018,female,18,59,body_weight_kg,90,109.3,kg,1843,89436498.9542,BMX_J,BMXWT,"Weighted with WTMEC2YR. DXA metrics require DXAEXSTS=1 and region invalidity flags where applicable. US population reference; use for scale, not as an athlete-specific ideal."
nhanes-2017-2018-female-18-59-body_weight_kg-p95,NHANES 2017-2018,https://wwwn.cdc.gov/Nchs/Data/Nhanes/Public/2017/DataFiles/BMX_J.htm,2017-2018,female,18,59,body_weight_kg,95,124.9,kg,1843,89436498.9542,BMX_J,BMXWT,"Weighted with WTMEC2YR. DXA metrics require DXAEXSTS=1 and region invalidity flags where applicable. US population reference; use for scale, not as an athlete-specific ideal."
nhanes-2017-2018-male-18-29-height_cm-p5,NHANES 2017-2018,https://wwwn.cdc.gov/Nchs/Data/Nhanes/Public/2017/DataFiles/BMX_J.htm,2017-2018,male,18,29,height_cm,5,164.5,cm,502,26011347.492,BMX_J,BMXHT,"Weighted with WTMEC2YR. DXA metrics require DXAEXSTS=1 and region invalidity flags where applicable. US population reference; use for scale, not as an athlete-specific ideal."
nhanes-2017-2018-male-18-29-height_cm-p10,NHANES 2017-2018,https://wwwn.cdc.gov/Nchs/Data/Nhanes/Public/2017/DataFiles/BMX_J.htm,2017-2018,male,18,29,height_cm,10,167.1,cm,502,26011347.492,BMX_J,BMXHT,"Weighted with WTMEC2YR. DXA metrics require DXAEXSTS=1 and region invalidity flags where applicable. US population reference; use for scale, not as an athlete-specific ideal."
nhanes-2017-2018-male-18-29-height_cm-p25,NHANES 2017-2018,https://wwwn.cdc.gov/Nchs/Data/Nhanes/Public/2017/DataFiles/BMX_J.htm,2017-2018,male,18,29,height_cm,25,171.2,cm,502,26011347.492,BMX_J,BMXHT,"Weighted with WTMEC2YR. DXA metrics require DXAEXSTS=1 and region invalidity flags where applicable. US population reference; use for scale, not as an athlete-specific ideal."
nhanes-2017-2018-male-18-29-height_cm-p50,NHANES 2017-2018,https://wwwn.cdc.gov/Nchs/Data/Nhanes/Public/2017/DataFiles/BMX_J.htm,2017-2018,male,18,29,height_cm,50,175.7,cm,502,26011347.492,BMX_J,BMXHT,"Weighted with WTMEC2YR. DXA metrics require DXAEXSTS=1 and region invalidity flags where applicable. US population reference; use for scale, not as an athlete-specific ideal."
nhanes-2017-2018-male-18-29-height_cm-p75,NHANES 2017-2018,https://wwwn.cdc.gov/Nchs/Data/Nhanes/Public/2017/DataFiles/BMX_J.htm,2017-2018,male,18,29,height_cm,75,179.4,cm,502,26011347.492,BMX_J,BMXHT,"Weighted with WTMEC2YR. DXA metrics require DXAEXSTS=1 and region invalidity flags where applicable. US population reference; use for scale, not as an athlete-specific ideal."
nhanes-2017-2018-male-18-29-height_cm-p90,NHANES 2017-2018,https://wwwn.cdc.gov/Nchs/Data/Nhanes/Public/2017/DataFiles/BMX_J.htm,2017-2018,male,18,29,height_cm,90,184.9,cm,502,26011347.492,BMX_J,BMXHT,"Weighted with WTMEC2YR. DXA metrics require DXAEXSTS=1 and region invalidity flags where applicable. US population reference; use for scale, not as an athlete-specific ideal."
nhanes-2017-2018-male-18-29-height_cm-p95,NHANES 2017-2018,https://wwwn.cdc.gov/Nchs/Data/Nhanes/Public/2017/DataFiles/BMX_J.htm,2017-2018,male,18,29,height_cm,95,186.2,cm,502,26011347.492,BMX_J,BMXHT,"Weighted with WTMEC2YR. DXA metrics require DXAEXSTS=1 and region invalidity flags where applicable. US population reference; use for scale, not as an athlete-specific ideal."
nhanes-2017-2018-male-30-39-height_cm-p5,NHANES 2017-2018,https://wwwn.cdc.gov/Nchs/Data/Nhanes/Public/2017/DataFiles/BMX_J.htm,2017-2018,male,30,39,height_cm,5,164.7,cm,359,20630229.2595,BMX_J,BMXHT,"Weighted with WTMEC2YR. DXA metrics require DXAEXSTS=1 and region invalidity flags where applicable. US population reference; use for scale, not as an athlete-specific ideal."
nhanes-2017-2018-male-30-39-height_cm-p10,NHANES 2017-2018,https://wwwn.cdc.gov/Nchs/Data/Nhanes/Public/2017/DataFiles/BMX_J.htm,2017-2018,male,30,39,height_cm,10,167.2,cm,359,20630229.2595,BMX_J,BMXHT,"Weighted with WTMEC2YR. DXA metrics require DXAEXSTS=1 and region invalidity flags where applicable. US population reference; use for scale, not as an athlete-specific ideal."
nhanes-2017-2018-male-30-39-height_cm-p25,NHANES 2017-2018,https://wwwn.cdc.gov/Nchs/Data/Nhanes/Public/2017/DataFiles/BMX_J.htm,2017-2018,male,30,39,height_cm,25,171.3,cm,359,20630229.2595,BMX_J,BMXHT,"Weighted with WTMEC2YR. DXA metrics require DXAEXSTS=1 and region invalidity flags where applicable. US population reference; use for scale, not as an athlete-specific ideal."
nhanes-2017-2018-male-30-39-height_cm-p50,NHANES 2017-2018,https://wwwn.cdc.gov/Nchs/Data/Nhanes/Public/2017/DataFiles/BMX_J.htm,2017-2018,male,30,39,height_cm,50,176.1,cm,359,20630229.2595,BMX_J,BMXHT,"Weighted with WTMEC2YR. DXA metrics require DXAEXSTS=1 and region invalidity flags where applicable. US population reference; use for scale, not as an athlete-specific ideal."
nhanes-2017-2018-male-30-39-height_cm-p75,NHANES 2017-2018,https://wwwn.cdc.gov/Nchs/Data/Nhanes/Public/2017/DataFiles/BMX_J.htm,2017-2018,male,30,39,height_cm,75,181.8,cm,359,20630229.2595,BMX_J,BMXHT,"Weighted with WTMEC2YR. DXA metrics require DXAEXSTS=1 and region invalidity flags where applicable. US population reference; use for scale, not as an athlete-specific ideal."
nhanes-2017-2018-male-30-39-height_cm-p90,NHANES 2017-2018,https://wwwn.cdc.gov/Nchs/Data/Nhanes/Public/2017/DataFiles/BMX_J.htm,2017-2018,male,30,39,height_cm,90,186.3,cm,359,20630229.2595,BMX_J,BMXHT,"Weighted with WTMEC2YR. DXA metrics require DXAEXSTS=1 and region invalidity flags where applicable. US population reference; use for scale, not as an athlete-specific ideal."
nhanes-2017-2018-male-30-39-height_cm-p95,NHANES 2017-2018,https://wwwn.cdc.gov/Nchs/Data/Nhanes/Public/2017/DataFiles/BMX_J.htm,2017-2018,male,30,39,height_cm,95,189.3,cm,359,20630229.2595,BMX_J,BMXHT,"Weighted with WTMEC2YR. DXA metrics require DXAEXSTS=1 and region invalidity flags where applicable. US population reference; use for scale, not as an athlete-specific ideal."
nhanes-2017-2018-male-40-49-height_cm-p5,NHANES 2017-2018,https://wwwn.cdc.gov/Nchs/Data/Nhanes/Public/2017/DataFiles/BMX_J.htm,2017-2018,male,40,49,height_cm,5,164.4,cm,367,19156273.7816,BMX_J,BMXHT,"Weighted with WTMEC2YR. DXA metrics require DXAEXSTS=1 and region invalidity flags where applicable. US population reference; use for scale, not as an athlete-specific ideal."
nhanes-2017-2018-male-40-49-height_cm-p10,NHANES 2017-2018,https://wwwn.cdc.gov/Nchs/Data/Nhanes/Public/2017/DataFiles/BMX_J.htm,2017-2018,male,40,49,height_cm,10,166.2,cm,367,19156273.7816,BMX_J,BMXHT,"Weighted with WTMEC2YR. DXA metrics require DXAEXSTS=1 and region invalidity flags where applicable. US population reference; use for scale, not as an athlete-specific ideal."
nhanes-2017-2018-male-40-49-height_cm-p25,NHANES 2017-2018,https://wwwn.cdc.gov/Nchs/Data/Nhanes/Public/2017/DataFiles/BMX_J.htm,2017-2018,male,40,49,height_cm,25,171.6,cm,367,19156273.7816,BMX_J,BMXHT,"Weighted with WTMEC2YR. DXA metrics require DXAEXSTS=1 and region invalidity flags where applicable. US population reference; use for scale, not as an athlete-specific ideal."
nhanes-2017-2018-male-40-49-height_cm-p50,NHANES 2017-2018,https://wwwn.cdc.gov/Nchs/Data/Nhanes/Public/2017/DataFiles/BMX_J.htm,2017-2018,male,40,49,height_cm,50,176.2,cm,367,19156273.7816,BMX_J,BMXHT,"Weighted with WTMEC2YR. DXA metrics require DXAEXSTS=1 and region invalidity flags where applicable. US population reference; use for scale, not as an athlete-specific ideal."
nhanes-2017-2018-male-40-49-height_cm-p75,NHANES 2017-2018,https://wwwn.cdc.gov/Nchs/Data/Nhanes/Public/2017/DataFiles/BMX_J.htm,2017-2018,male,40,49,height_cm,75,181.5,cm,367,19156273.7816,BMX_J,BMXHT,"Weighted with WTMEC2YR. DXA metrics require DXAEXSTS=1 and region invalidity flags where applicable. US population reference; use for scale, not as an athlete-specific ideal."
nhanes-2017-2018-male-40-49-height_cm-p90,NHANES 2017-2018,https://wwwn.cdc.gov/Nchs/Data/Nhanes/Public/2017/DataFiles/BMX_J.htm,2017-2018,male,40,49,height_cm,90,186.0,cm,367,19156273.7816,BMX_J,BMXHT,"Weighted with WTMEC2YR. DXA metrics require DXAEXSTS=1 and region invalidity flags where applicable. US population reference; use for scale, not as an athlete-specific ideal."
nhanes-2017-2018-male-40-49-height_cm-p95,NHANES 2017-2018,https://wwwn.cdc.gov/Nchs/Data/Nhanes/Public/2017/DataFiles/BMX_J.htm,2017-2018,male,40,49,height_cm,95,188.5,cm,367,19156273.7816,BMX_J,BMXHT,"Weighted with WTMEC2YR. DXA metrics require DXAEXSTS=1 and region invalidity flags where applicable. US population reference; use for scale, not as an athlete-specific ideal."
nhanes-2017-2018-male-50-59-height_cm-p5,NHANES 2017-2018,https://wwwn.cdc.gov/Nchs/Data/Nhanes/Public/2017/DataFiles/BMX_J.htm,2017-2018,male,50,59,height_cm,5,163.1,cm,404,21092748.0318,BMX_J,BMXHT,"Weighted with WTMEC2YR. DXA metrics require DXAEXSTS=1 and region invalidity flags where applicable. US population reference; use for scale, not as an athlete-specific ideal."
nhanes-2017-2018-male-50-59-height_cm-p10,NHANES 2017-2018,https://wwwn.cdc.gov/Nchs/Data/Nhanes/Public/2017/DataFiles/BMX_J.htm,2017-2018,male,50,59,height_cm,10,166.0,cm,404,21092748.0318,BMX_J,BMXHT,"Weighted with WTMEC2YR. DXA metrics require DXAEXSTS=1 and region invalidity flags where applicable. US population reference; use for scale, not as an athlete-specific ideal."
nhanes-2017-2018-male-50-59-height_cm-p25,NHANES 2017-2018,https://wwwn.cdc.gov/Nchs/Data/Nhanes/Public/2017/DataFiles/BMX_J.htm,2017-2018,male,50,59,height_cm,25,169.8,cm,404,21092748.0318,BMX_J,BMXHT,"Weighted with WTMEC2YR. DXA metrics require DXAEXSTS=1 and region invalidity flags where applicable. US population reference; use for scale, not as an athlete-specific ideal."
nhanes-2017-2018-male-50-59-height_cm-p50,NHANES 2017-2018,https://wwwn.cdc.gov/Nchs/Data/Nhanes/Public/2017/DataFiles/BMX_J.htm,2017-2018,male,50,59,height_cm,50,175.1,cm,404,21092748.0318,BMX_J,BMXHT,"Weighted with WTMEC2YR. DXA metrics require DXAEXSTS=1 and region invalidity flags where applicable. US population reference; use for scale, not as an athlete-specific ideal."
nhanes-2017-2018-male-50-59-height_cm-p75,NHANES 2017-2018,https://wwwn.cdc.gov/Nchs/Data/Nhanes/Public/2017/DataFiles/BMX_J.htm,2017-2018,male,50,59,height_cm,75,180.6,cm,404,21092748.0318,BMX_J,BMXHT,"Weighted with WTMEC2YR. DXA metrics require DXAEXSTS=1 and region invalidity flags where applicable. US population reference; use for scale, not as an athlete-specific ideal."
nhanes-2017-2018-male-50-59-height_cm-p90,NHANES 2017-2018,https://wwwn.cdc.gov/Nchs/Data/Nhanes/Public/2017/DataFiles/BMX_J.htm,2017-2018,male,50,59,height_cm,90,184.3,cm,404,21092748.0318,BMX_J,BMXHT,"Weighted with WTMEC2YR. DXA metrics require DXAEXSTS=1 and region invalidity flags where applicable. US population reference; use for scale, not as an athlete-specific ideal."
nhanes-2017-2018-male-50-59-height_cm-p95,NHANES 2017-2018,https://wwwn.cdc.gov/Nchs/Data/Nhanes/Public/2017/DataFiles/BMX_J.htm,2017-2018,male,50,59,height_cm,95,187.9,cm,404,21092748.0318,BMX_J,BMXHT,"Weighted with WTMEC2YR. DXA metrics require DXAEXSTS=1 and region invalidity flags where applicable. US population reference; use for scale, not as an athlete-specific ideal."
nhanes-2017-2018-male-18-59-height_cm-p5,NHANES 2017-2018,https://wwwn.cdc.gov/Nchs/Data/Nhanes/Public/2017/DataFiles/BMX_J.htm,2017-2018,male,18,59,height_cm,5,164.0,cm,1632,86890598.5649,BMX_J,BMXHT,"Weighted with WTMEC2YR. DXA metrics require DXAEXSTS=1 and region invalidity flags where applicable. US population reference; use for scale, not as an athlete-specific ideal."
nhanes-2017-2018-male-18-59-height_cm-p10,NHANES 2017-2018,https://wwwn.cdc.gov/Nchs/Data/Nhanes/Public/2017/DataFiles/BMX_J.htm,2017-2018,male,18,59,height_cm,10,166.7,cm,1632,86890598.5649,BMX_J,BMXHT,"Weighted with WTMEC2YR. DXA metrics require DXAEXSTS=1 and region invalidity flags where applicable. US population reference; use for scale, not as an athlete-specific ideal."
nhanes-2017-2018-male-18-59-height_cm-p25,NHANES 2017-2018,https://wwwn.cdc.gov/Nchs/Data/Nhanes/Public/2017/DataFiles/BMX_J.htm,2017-2018,male,18,59,height_cm,25,171.0,cm,1632,86890598.5649,BMX_J,BMXHT,"Weighted with WTMEC2YR. DXA metrics require DXAEXSTS=1 and region invalidity flags where applicable. US population reference; use for scale, not as an athlete-specific ideal."
nhanes-2017-2018-male-18-59-height_cm-p50,NHANES 2017-2018,https://wwwn.cdc.gov/Nchs/Data/Nhanes/Public/2017/DataFiles/BMX_J.htm,2017-2018,male,18,59,height_cm,50,175.8,cm,1632,86890598.5649,BMX_J,BMXHT,"Weighted with WTMEC2YR. DXA metrics require DXAEXSTS=1 and region invalidity flags where applicable. US population reference; use for scale, not as an athlete-specific ideal."
nhanes-2017-2018-male-18-59-height_cm-p75,NHANES 2017-2018,https://wwwn.cdc.gov/Nchs/Data/Nhanes/Public/2017/DataFiles/BMX_J.htm,2017-2018,male,18,59,height_cm,75,180.6,cm,1632,86890598.5649,BMX_J,BMXHT,"Weighted with WTMEC2YR. DXA metrics require DXAEXSTS=1 and region invalidity flags where applicable. US population reference; use for scale, not as an athlete-specific ideal."
nhanes-2017-2018-male-18-59-height_cm-p90,NHANES 2017-2018,https://wwwn.cdc.gov/Nchs/Data/Nhanes/Public/2017/DataFiles/BMX_J.htm,2017-2018,male,18,59,height_cm,90,185.3,cm,1632,86890598.5649,BMX_J,BMXHT,"Weighted with WTMEC2YR. DXA metrics require DXAEXSTS=1 and region invalidity flags where applicable. US population reference; use for scale, not as an athlete-specific ideal."
nhanes-2017-2018-male-18-59-height_cm-p95,NHANES 2017-2018,https://wwwn.cdc.gov/Nchs/Data/Nhanes/Public/2017/DataFiles/BMX_J.htm,2017-2018,male,18,59,height_cm,95,188.1,cm,1632,86890598.5649,BMX_J,BMXHT,"Weighted with WTMEC2YR. DXA metrics require DXAEXSTS=1 and region invalidity flags where applicable. US population reference; use for scale, not as an athlete-specific ideal."
nhanes-2017-2018-female-18-29-height_cm-p5,NHANES 2017-2018,https://wwwn.cdc.gov/Nchs/Data/Nhanes/Public/2017/DataFiles/BMX_J.htm,2017-2018,female,18,29,height_cm,5,151.1,cm,527,25848916.1071,BMX_J,BMXHT,"Weighted with WTMEC2YR. DXA metrics require DXAEXSTS=1 and region invalidity flags where applicable. US population reference; use for scale, not as an athlete-specific ideal."
nhanes-2017-2018-female-18-29-height_cm-p10,NHANES 2017-2018,https://wwwn.cdc.gov/Nchs/Data/Nhanes/Public/2017/DataFiles/BMX_J.htm,2017-2018,female,18,29,height_cm,10,153.8,cm,527,25848916.1071,BMX_J,BMXHT,"Weighted with WTMEC2YR. DXA metrics require DXAEXSTS=1 and region invalidity flags where applicable. US population reference; use for scale, not as an athlete-specific ideal."
nhanes-2017-2018-female-18-29-height_cm-p25,NHANES 2017-2018,https://wwwn.cdc.gov/Nchs/Data/Nhanes/Public/2017/DataFiles/BMX_J.htm,2017-2018,female,18,29,height_cm,25,158.2,cm,527,25848916.1071,BMX_J,BMXHT,"Weighted with WTMEC2YR. DXA metrics require DXAEXSTS=1 and region invalidity flags where applicable. US population reference; use for scale, not as an athlete-specific ideal."
nhanes-2017-2018-female-18-29-height_cm-p50,NHANES 2017-2018,https://wwwn.cdc.gov/Nchs/Data/Nhanes/Public/2017/DataFiles/BMX_J.htm,2017-2018,female,18,29,height_cm,50,162.5,cm,527,25848916.1071,BMX_J,BMXHT,"Weighted with WTMEC2YR. DXA metrics require DXAEXSTS=1 and region invalidity flags where applicable. US population reference; use for scale, not as an athlete-specific ideal."
nhanes-2017-2018-female-18-29-height_cm-p75,NHANES 2017-2018,https://wwwn.cdc.gov/Nchs/Data/Nhanes/Public/2017/DataFiles/BMX_J.htm,2017-2018,female,18,29,height_cm,75,166.4,cm,527,25848916.1071,BMX_J,BMXHT,"Weighted with WTMEC2YR. DXA metrics require DXAEXSTS=1 and region invalidity flags where applicable. US population reference; use for scale, not as an athlete-specific ideal."
nhanes-2017-2018-female-18-29-height_cm-p90,NHANES 2017-2018,https://wwwn.cdc.gov/Nchs/Data/Nhanes/Public/2017/DataFiles/BMX_J.htm,2017-2018,female,18,29,height_cm,90,171.0,cm,527,25848916.1071,BMX_J,BMXHT,"Weighted with WTMEC2YR. DXA metrics require DXAEXSTS=1 and region invalidity flags where applicable. US population reference; use for scale, not as an athlete-specific ideal."
nhanes-2017-2018-female-18-29-height_cm-p95,NHANES 2017-2018,https://wwwn.cdc.gov/Nchs/Data/Nhanes/Public/2017/DataFiles/BMX_J.htm,2017-2018,female,18,29,height_cm,95,173.5,cm,527,25848916.1071,BMX_J,BMXHT,"Weighted with WTMEC2YR. DXA metrics require DXAEXSTS=1 and region invalidity flags where applicable. US population reference; use for scale, not as an athlete-specific ideal."
nhanes-2017-2018-female-30-39-height_cm-p5,NHANES 2017-2018,https://wwwn.cdc.gov/Nchs/Data/Nhanes/Public/2017/DataFiles/BMX_J.htm,2017-2018,female,30,39,height_cm,5,151.7,cm,447,21437021.3804,BMX_J,BMXHT,"Weighted with WTMEC2YR. DXA metrics require DXAEXSTS=1 and region invalidity flags where applicable. US population reference; use for scale, not as an athlete-specific ideal."
nhanes-2017-2018-female-30-39-height_cm-p10,NHANES 2017-2018,https://wwwn.cdc.gov/Nchs/Data/Nhanes/Public/2017/DataFiles/BMX_J.htm,2017-2018,female,30,39,height_cm,10,154.1,cm,447,21437021.3804,BMX_J,BMXHT,"Weighted with WTMEC2YR. DXA metrics require DXAEXSTS=1 and region invalidity flags where applicable. US population reference; use for scale, not as an athlete-specific ideal."
nhanes-2017-2018-female-30-39-height_cm-p25,NHANES 2017-2018,https://wwwn.cdc.gov/Nchs/Data/Nhanes/Public/2017/DataFiles/BMX_J.htm,2017-2018,female,30,39,height_cm,25,158.0,cm,447,21437021.3804,BMX_J,BMXHT,"Weighted with WTMEC2YR. DXA metrics require DXAEXSTS=1 and region invalidity flags where applicable. US population reference; use for scale, not as an athlete-specific ideal."
nhanes-2017-2018-female-30-39-height_cm-p50,NHANES 2017-2018,https://wwwn.cdc.gov/Nchs/Data/Nhanes/Public/2017/DataFiles/BMX_J.htm,2017-2018,female,30,39,height_cm,50,162.4,cm,447,21437021.3804,BMX_J,BMXHT,"Weighted with WTMEC2YR. DXA metrics require DXAEXSTS=1 and region invalidity flags where applicable. US population reference; use for scale, not as an athlete-specific ideal."
nhanes-2017-2018-female-30-39-height_cm-p75,NHANES 2017-2018,https://wwwn.cdc.gov/Nchs/Data/Nhanes/Public/2017/DataFiles/BMX_J.htm,2017-2018,female,30,39,height_cm,75,167.7,cm,447,21437021.3804,BMX_J,BMXHT,"Weighted with WTMEC2YR. DXA metrics require DXAEXSTS=1 and region invalidity flags where applicable. US population reference; use for scale, not as an athlete-specific ideal."
nhanes-2017-2018-female-30-39-height_cm-p90,NHANES 2017-2018,https://wwwn.cdc.gov/Nchs/Data/Nhanes/Public/2017/DataFiles/BMX_J.htm,2017-2018,female,30,39,height_cm,90,171.4,cm,447,21437021.3804,BMX_J,BMXHT,"Weighted with WTMEC2YR. DXA metrics require DXAEXSTS=1 and region invalidity flags where applicable. US population reference; use for scale, not as an athlete-specific ideal."
nhanes-2017-2018-female-30-39-height_cm-p95,NHANES 2017-2018,https://wwwn.cdc.gov/Nchs/Data/Nhanes/Public/2017/DataFiles/BMX_J.htm,2017-2018,female,30,39,height_cm,95,173.4,cm,447,21437021.3804,BMX_J,BMXHT,"Weighted with WTMEC2YR. DXA metrics require DXAEXSTS=1 and region invalidity flags where applicable. US population reference; use for scale, not as an athlete-specific ideal."
nhanes-2017-2018-female-40-49-height_cm-p5,NHANES 2017-2018,https://wwwn.cdc.gov/Nchs/Data/Nhanes/Public/2017/DataFiles/BMX_J.htm,2017-2018,female,40,49,height_cm,5,151.2,cm,402,19227482.222,BMX_J,BMXHT,"Weighted with WTMEC2YR. DXA metrics require DXAEXSTS=1 and region invalidity flags where applicable. US population reference; use for scale, not as an athlete-specific ideal."
nhanes-2017-2018-female-40-49-height_cm-p10,NHANES 2017-2018,https://wwwn.cdc.gov/Nchs/Data/Nhanes/Public/2017/DataFiles/BMX_J.htm,2017-2018,female,40,49,height_cm,10,153.1,cm,402,19227482.222,BMX_J,BMXHT,"Weighted with WTMEC2YR. DXA metrics require DXAEXSTS=1 and region invalidity flags where applicable. US population reference; use for scale, not as an athlete-specific ideal."
nhanes-2017-2018-female-40-49-height_cm-p25,NHANES 2017-2018,https://wwwn.cdc.gov/Nchs/Data/Nhanes/Public/2017/DataFiles/BMX_J.htm,2017-2018,female,40,49,height_cm,25,158.6,cm,402,19227482.222,BMX_J,BMXHT,"Weighted with WTMEC2YR. DXA metrics require DXAEXSTS=1 and region invalidity flags where applicable. US population reference; use for scale, not as an athlete-specific ideal."
nhanes-2017-2018-female-40-49-height_cm-p50,NHANES 2017-2018,https://wwwn.cdc.gov/Nchs/Data/Nhanes/Public/2017/DataFiles/BMX_J.htm,2017-2018,female,40,49,height_cm,50,162.5,cm,402,19227482.222,BMX_J,BMXHT,"Weighted with WTMEC2YR. DXA metrics require DXAEXSTS=1 and region invalidity flags where applicable. US population reference; use for scale, not as an athlete-specific ideal."
nhanes-2017-2018-female-40-49-height_cm-p75,NHANES 2017-2018,https://wwwn.cdc.gov/Nchs/Data/Nhanes/Public/2017/DataFiles/BMX_J.htm,2017-2018,female,40,49,height_cm,75,166.0,cm,402,19227482.222,BMX_J,BMXHT,"Weighted with WTMEC2YR. DXA metrics require DXAEXSTS=1 and region invalidity flags where applicable. US population reference; use for scale, not as an athlete-specific ideal."
nhanes-2017-2018-female-40-49-height_cm-p90,NHANES 2017-2018,https://wwwn.cdc.gov/Nchs/Data/Nhanes/Public/2017/DataFiles/BMX_J.htm,2017-2018,female,40,49,height_cm,90,171.4,cm,402,19227482.222,BMX_J,BMXHT,"Weighted with WTMEC2YR. DXA metrics require DXAEXSTS=1 and region invalidity flags where applicable. US population reference; use for scale, not as an athlete-specific ideal."
nhanes-2017-2018-female-40-49-height_cm-p95,NHANES 2017-2018,https://wwwn.cdc.gov/Nchs/Data/Nhanes/Public/2017/DataFiles/BMX_J.htm,2017-2018,female,40,49,height_cm,95,173.9,cm,402,19227482.222,BMX_J,BMXHT,"Weighted with WTMEC2YR. DXA metrics require DXAEXSTS=1 and region invalidity flags where applicable. US population reference; use for scale, not as an athlete-specific ideal."
nhanes-2017-2018-female-50-59-height_cm-p5,NHANES 2017-2018,https://wwwn.cdc.gov/Nchs/Data/Nhanes/Public/2017/DataFiles/BMX_J.htm,2017-2018,female,50,59,height_cm,5,150.5,cm,467,22930075.3567,BMX_J,BMXHT,"Weighted with WTMEC2YR. DXA metrics require DXAEXSTS=1 and region invalidity flags where applicable. US population reference; use for scale, not as an athlete-specific ideal."
nhanes-2017-2018-female-50-59-height_cm-p10,NHANES 2017-2018,https://wwwn.cdc.gov/Nchs/Data/Nhanes/Public/2017/DataFiles/BMX_J.htm,2017-2018,female,50,59,height_cm,10,152.8,cm,467,22930075.3567,BMX_J,BMXHT,"Weighted with WTMEC2YR. DXA metrics require DXAEXSTS=1 and region invalidity flags where applicable. US population reference; use for scale, not as an athlete-specific ideal."
nhanes-2017-2018-female-50-59-height_cm-p25,NHANES 2017-2018,https://wwwn.cdc.gov/Nchs/Data/Nhanes/Public/2017/DataFiles/BMX_J.htm,2017-2018,female,50,59,height_cm,25,155.5,cm,467,22930075.3567,BMX_J,BMXHT,"Weighted with WTMEC2YR. DXA metrics require DXAEXSTS=1 and region invalidity flags where applicable. US population reference; use for scale, not as an athlete-specific ideal."
nhanes-2017-2018-female-50-59-height_cm-p50,NHANES 2017-2018,https://wwwn.cdc.gov/Nchs/Data/Nhanes/Public/2017/DataFiles/BMX_J.htm,2017-2018,female,50,59,height_cm,50,159.7,cm,467,22930075.3567,BMX_J,BMXHT,"Weighted with WTMEC2YR. DXA metrics require DXAEXSTS=1 and region invalidity flags where applicable. US population reference; use for scale, not as an athlete-specific ideal."
nhanes-2017-2018-female-50-59-height_cm-p75,NHANES 2017-2018,https://wwwn.cdc.gov/Nchs/Data/Nhanes/Public/2017/DataFiles/BMX_J.htm,2017-2018,female,50,59,height_cm,75,164.9,cm,467,22930075.3567,BMX_J,BMXHT,"Weighted with WTMEC2YR. DXA metrics require DXAEXSTS=1 and region invalidity flags where applicable. US population reference; use for scale, not as an athlete-specific ideal."
nhanes-2017-2018-female-50-59-height_cm-p90,NHANES 2017-2018,https://wwwn.cdc.gov/Nchs/Data/Nhanes/Public/2017/DataFiles/BMX_J.htm,2017-2018,female,50,59,height_cm,90,170.2,cm,467,22930075.3567,BMX_J,BMXHT,"Weighted with WTMEC2YR. DXA metrics require DXAEXSTS=1 and region invalidity flags where applicable. US population reference; use for scale, not as an athlete-specific ideal."
nhanes-2017-2018-female-50-59-height_cm-p95,NHANES 2017-2018,https://wwwn.cdc.gov/Nchs/Data/Nhanes/Public/2017/DataFiles/BMX_J.htm,2017-2018,female,50,59,height_cm,95,171.9,cm,467,22930075.3567,BMX_J,BMXHT,"Weighted with WTMEC2YR. DXA metrics require DXAEXSTS=1 and region invalidity flags where applicable. US population reference; use for scale, not as an athlete-specific ideal."
nhanes-2017-2018-female-18-59-height_cm-p5,NHANES 2017-2018,https://wwwn.cdc.gov/Nchs/Data/Nhanes/Public/2017/DataFiles/BMX_J.htm,2017-2018,female,18,59,height_cm,5,151.2,cm,1843,89443495.0662,BMX_J,BMXHT,"Weighted with WTMEC2YR. DXA metrics require DXAEXSTS=1 and region invalidity flags where applicable. US population reference; use for scale, not as an athlete-specific ideal."
nhanes-2017-2018-female-18-59-height_cm-p10,NHANES 2017-2018,https://wwwn.cdc.gov/Nchs/Data/Nhanes/Public/2017/DataFiles/BMX_J.htm,2017-2018,female,18,59,height_cm,10,153.3,cm,1843,89443495.0662,BMX_J,BMXHT,"Weighted with WTMEC2YR. DXA metrics require DXAEXSTS=1 and region invalidity flags where applicable. US population reference; use for scale, not as an athlete-specific ideal."
nhanes-2017-2018-female-18-59-height_cm-p25,NHANES 2017-2018,https://wwwn.cdc.gov/Nchs/Data/Nhanes/Public/2017/DataFiles/BMX_J.htm,2017-2018,female,18,59,height_cm,25,157.5,cm,1843,89443495.0662,BMX_J,BMXHT,"Weighted with WTMEC2YR. DXA metrics require DXAEXSTS=1 and region invalidity flags where applicable. US population reference; use for scale, not as an athlete-specific ideal."
nhanes-2017-2018-female-18-59-height_cm-p50,NHANES 2017-2018,https://wwwn.cdc.gov/Nchs/Data/Nhanes/Public/2017/DataFiles/BMX_J.htm,2017-2018,female,18,59,height_cm,50,162.0,cm,1843,89443495.0662,BMX_J,BMXHT,"Weighted with WTMEC2YR. DXA metrics require DXAEXSTS=1 and region invalidity flags where applicable. US population reference; use for scale, not as an athlete-specific ideal."
nhanes-2017-2018-female-18-59-height_cm-p75,NHANES 2017-2018,https://wwwn.cdc.gov/Nchs/Data/Nhanes/Public/2017/DataFiles/BMX_J.htm,2017-2018,female,18,59,height_cm,75,166.4,cm,1843,89443495.0662,BMX_J,BMXHT,"Weighted with WTMEC2YR. DXA metrics require DXAEXSTS=1 and region invalidity flags where applicable. US population reference; use for scale, not as an athlete-specific ideal."
nhanes-2017-2018-female-18-59-height_cm-p90,NHANES 2017-2018,https://wwwn.cdc.gov/Nchs/Data/Nhanes/Public/2017/DataFiles/BMX_J.htm,2017-2018,female,18,59,height_cm,90,171.0,cm,1843,89443495.0662,BMX_J,BMXHT,"Weighted with WTMEC2YR. DXA metrics require DXAEXSTS=1 and region invalidity flags where applicable. US population reference; use for scale, not as an athlete-specific ideal."
nhanes-2017-2018-female-18-59-height_cm-p95,NHANES 2017-2018,https://wwwn.cdc.gov/Nchs/Data/Nhanes/Public/2017/DataFiles/BMX_J.htm,2017-2018,female,18,59,height_cm,95,173.4,cm,1843,89443495.0662,BMX_J,BMXHT,"Weighted with WTMEC2YR. DXA metrics require DXAEXSTS=1 and region invalidity flags where applicable. US population reference; use for scale, not as an athlete-specific ideal."
nhanes-2017-2018-male-18-29-bmi-p5,NHANES 2017-2018,https://wwwn.cdc.gov/Nchs/Data/Nhanes/Public/2017/DataFiles/BMX_J.htm,2017-2018,male,18,29,bmi,5,18.7,kg/m2,501,25981848.936,BMX_J,BMXBMI,"Weighted with WTMEC2YR. DXA metrics require DXAEXSTS=1 and region invalidity flags where applicable. US population reference; use for scale, not as an athlete-specific ideal."
nhanes-2017-2018-male-18-29-bmi-p10,NHANES 2017-2018,https://wwwn.cdc.gov/Nchs/Data/Nhanes/Public/2017/DataFiles/BMX_J.htm,2017-2018,male,18,29,bmi,10,19.6,kg/m2,501,25981848.936,BMX_J,BMXBMI,"Weighted with WTMEC2YR. DXA metrics require DXAEXSTS=1 and region invalidity flags where applicable. US population reference; use for scale, not as an athlete-specific ideal."
nhanes-2017-2018-male-18-29-bmi-p25,NHANES 2017-2018,https://wwwn.cdc.gov/Nchs/Data/Nhanes/Public/2017/DataFiles/BMX_J.htm,2017-2018,male,18,29,bmi,25,22.4,kg/m2,501,25981848.936,BMX_J,BMXBMI,"Weighted with WTMEC2YR. DXA metrics require DXAEXSTS=1 and region invalidity flags where applicable. US population reference; use for scale, not as an athlete-specific ideal."
nhanes-2017-2018-male-18-29-bmi-p50,NHANES 2017-2018,https://wwwn.cdc.gov/Nchs/Data/Nhanes/Public/2017/DataFiles/BMX_J.htm,2017-2018,male,18,29,bmi,50,26.2,kg/m2,501,25981848.936,BMX_J,BMXBMI,"Weighted with WTMEC2YR. DXA metrics require DXAEXSTS=1 and region invalidity flags where applicable. US population reference; use for scale, not as an athlete-specific ideal."
nhanes-2017-2018-male-18-29-bmi-p75,NHANES 2017-2018,https://wwwn.cdc.gov/Nchs/Data/Nhanes/Public/2017/DataFiles/BMX_J.htm,2017-2018,male,18,29,bmi,75,31.7,kg/m2,501,25981848.936,BMX_J,BMXBMI,"Weighted with WTMEC2YR. DXA metrics require DXAEXSTS=1 and region invalidity flags where applicable. US population reference; use for scale, not as an athlete-specific ideal."
nhanes-2017-2018-male-18-29-bmi-p90,NHANES 2017-2018,https://wwwn.cdc.gov/Nchs/Data/Nhanes/Public/2017/DataFiles/BMX_J.htm,2017-2018,male,18,29,bmi,90,36.8,kg/m2,501,25981848.936,BMX_J,BMXBMI,"Weighted with WTMEC2YR. DXA metrics require DXAEXSTS=1 and region invalidity flags where applicable. US population reference; use for scale, not as an athlete-specific ideal."
nhanes-2017-2018-male-18-29-bmi-p95,NHANES 2017-2018,https://wwwn.cdc.gov/Nchs/Data/Nhanes/Public/2017/DataFiles/BMX_J.htm,2017-2018,male,18,29,bmi,95,39.6,kg/m2,501,25981848.936,BMX_J,BMXBMI,"Weighted with WTMEC2YR. DXA metrics require DXAEXSTS=1 and region invalidity flags where applicable. US population reference; use for scale, not as an athlete-specific ideal."
nhanes-2017-2018-male-30-39-bmi-p5,NHANES 2017-2018,https://wwwn.cdc.gov/Nchs/Data/Nhanes/Public/2017/DataFiles/BMX_J.htm,2017-2018,male,30,39,bmi,5,21.9,kg/m2,358,20503705.8408,BMX_J,BMXBMI,"Weighted with WTMEC2YR. DXA metrics require DXAEXSTS=1 and region invalidity flags where applicable. US population reference; use for scale, not as an athlete-specific ideal."
nhanes-2017-2018-male-30-39-bmi-p10,NHANES 2017-2018,https://wwwn.cdc.gov/Nchs/Data/Nhanes/Public/2017/DataFiles/BMX_J.htm,2017-2018,male,30,39,bmi,10,23.3,kg/m2,358,20503705.8408,BMX_J,BMXBMI,"Weighted with WTMEC2YR. DXA metrics require DXAEXSTS=1 and region invalidity flags where applicable. US population reference; use for scale, not as an athlete-specific ideal."
nhanes-2017-2018-male-30-39-bmi-p25,NHANES 2017-2018,https://wwwn.cdc.gov/Nchs/Data/Nhanes/Public/2017/DataFiles/BMX_J.htm,2017-2018,male,30,39,bmi,25,25.5,kg/m2,358,20503705.8408,BMX_J,BMXBMI,"Weighted with WTMEC2YR. DXA metrics require DXAEXSTS=1 and region invalidity flags where applicable. US population reference; use for scale, not as an athlete-specific ideal."
nhanes-2017-2018-male-30-39-bmi-p50,NHANES 2017-2018,https://wwwn.cdc.gov/Nchs/Data/Nhanes/Public/2017/DataFiles/BMX_J.htm,2017-2018,male,30,39,bmi,50,29.1,kg/m2,358,20503705.8408,BMX_J,BMXBMI,"Weighted with WTMEC2YR. DXA metrics require DXAEXSTS=1 and region invalidity flags where applicable. US population reference; use for scale, not as an athlete-specific ideal."
nhanes-2017-2018-male-30-39-bmi-p75,NHANES 2017-2018,https://wwwn.cdc.gov/Nchs/Data/Nhanes/Public/2017/DataFiles/BMX_J.htm,2017-2018,male,30,39,bmi,75,34.2,kg/m2,358,20503705.8408,BMX_J,BMXBMI,"Weighted with WTMEC2YR. DXA metrics require DXAEXSTS=1 and region invalidity flags where applicable. US population reference; use for scale, not as an athlete-specific ideal."
nhanes-2017-2018-male-30-39-bmi-p90,NHANES 2017-2018,https://wwwn.cdc.gov/Nchs/Data/Nhanes/Public/2017/DataFiles/BMX_J.htm,2017-2018,male,30,39,bmi,90,39.5,kg/m2,358,20503705.8408,BMX_J,BMXBMI,"Weighted with WTMEC2YR. DXA metrics require DXAEXSTS=1 and region invalidity flags where applicable. US population reference; use for scale, not as an athlete-specific ideal."
nhanes-2017-2018-male-30-39-bmi-p95,NHANES 2017-2018,https://wwwn.cdc.gov/Nchs/Data/Nhanes/Public/2017/DataFiles/BMX_J.htm,2017-2018,male,30,39,bmi,95,42.6,kg/m2,358,20503705.8408,BMX_J,BMXBMI,"Weighted with WTMEC2YR. DXA metrics require DXAEXSTS=1 and region invalidity flags where applicable. US population reference; use for scale, not as an athlete-specific ideal."
nhanes-2017-2018-male-40-49-bmi-p5,NHANES 2017-2018,https://wwwn.cdc.gov/Nchs/Data/Nhanes/Public/2017/DataFiles/BMX_J.htm,2017-2018,male,40,49,bmi,5,22.7,kg/m2,366,19121858.3803,BMX_J,BMXBMI,"Weighted with WTMEC2YR. DXA metrics require DXAEXSTS=1 and region invalidity flags where applicable. US population reference; use for scale, not as an athlete-specific ideal."
nhanes-2017-2018-male-40-49-bmi-p10,NHANES 2017-2018,https://wwwn.cdc.gov/Nchs/Data/Nhanes/Public/2017/DataFiles/BMX_J.htm,2017-2018,male,40,49,bmi,10,24.0,kg/m2,366,19121858.3803,BMX_J,BMXBMI,"Weighted with WTMEC2YR. DXA metrics require DXAEXSTS=1 and region invalidity flags where applicable. US population reference; use for scale, not as an athlete-specific ideal."
nhanes-2017-2018-male-40-49-bmi-p25,NHANES 2017-2018,https://wwwn.cdc.gov/Nchs/Data/Nhanes/Public/2017/DataFiles/BMX_J.htm,2017-2018,male,40,49,bmi,25,26.5,kg/m2,366,19121858.3803,BMX_J,BMXBMI,"Weighted with WTMEC2YR. DXA metrics require DXAEXSTS=1 and region invalidity flags where applicable. US population reference; use for scale, not as an athlete-specific ideal."
nhanes-2017-2018-male-40-49-bmi-p50,NHANES 2017-2018,https://wwwn.cdc.gov/Nchs/Data/Nhanes/Public/2017/DataFiles/BMX_J.htm,2017-2018,male,40,49,bmi,50,29.3,kg/m2,366,19121858.3803,BMX_J,BMXBMI,"Weighted with WTMEC2YR. DXA metrics require DXAEXSTS=1 and region invalidity flags where applicable. US population reference; use for scale, not as an athlete-specific ideal."
nhanes-2017-2018-male-40-49-bmi-p75,NHANES 2017-2018,https://wwwn.cdc.gov/Nchs/Data/Nhanes/Public/2017/DataFiles/BMX_J.htm,2017-2018,male,40,49,bmi,75,33.8,kg/m2,366,19121858.3803,BMX_J,BMXBMI,"Weighted with WTMEC2YR. DXA metrics require DXAEXSTS=1 and region invalidity flags where applicable. US population reference; use for scale, not as an athlete-specific ideal."
nhanes-2017-2018-male-40-49-bmi-p90,NHANES 2017-2018,https://wwwn.cdc.gov/Nchs/Data/Nhanes/Public/2017/DataFiles/BMX_J.htm,2017-2018,male,40,49,bmi,90,39.7,kg/m2,366,19121858.3803,BMX_J,BMXBMI,"Weighted with WTMEC2YR. DXA metrics require DXAEXSTS=1 and region invalidity flags where applicable. US population reference; use for scale, not as an athlete-specific ideal."
nhanes-2017-2018-male-40-49-bmi-p95,NHANES 2017-2018,https://wwwn.cdc.gov/Nchs/Data/Nhanes/Public/2017/DataFiles/BMX_J.htm,2017-2018,male,40,49,bmi,95,42.1,kg/m2,366,19121858.3803,BMX_J,BMXBMI,"Weighted with WTMEC2YR. DXA metrics require DXAEXSTS=1 and region invalidity flags where applicable. US population reference; use for scale, not as an athlete-specific ideal."
nhanes-2017-2018-male-50-59-bmi-p5,NHANES 2017-2018,https://wwwn.cdc.gov/Nchs/Data/Nhanes/Public/2017/DataFiles/BMX_J.htm,2017-2018,male,50,59,bmi,5,22.2,kg/m2,404,21092748.0318,BMX_J,BMXBMI,"Weighted with WTMEC2YR. DXA metrics require DXAEXSTS=1 and region invalidity flags where applicable. US population reference; use for scale, not as an athlete-specific ideal."
nhanes-2017-2018-male-50-59-bmi-p10,NHANES 2017-2018,https://wwwn.cdc.gov/Nchs/Data/Nhanes/Public/2017/DataFiles/BMX_J.htm,2017-2018,male,50,59,bmi,10,23.1,kg/m2,404,21092748.0318,BMX_J,BMXBMI,"Weighted with WTMEC2YR. DXA metrics require DXAEXSTS=1 and region invalidity flags where applicable. US population reference; use for scale, not as an athlete-specific ideal."
nhanes-2017-2018-male-50-59-bmi-p25,NHANES 2017-2018,https://wwwn.cdc.gov/Nchs/Data/Nhanes/Public/2017/DataFiles/BMX_J.htm,2017-2018,male,50,59,bmi,25,25.7,kg/m2,404,21092748.0318,BMX_J,BMXBMI,"Weighted with WTMEC2YR. DXA metrics require DXAEXSTS=1 and region invalidity flags where applicable. US population reference; use for scale, not as an athlete-specific ideal."
nhanes-2017-2018-male-50-59-bmi-p50,NHANES 2017-2018,https://wwwn.cdc.gov/Nchs/Data/Nhanes/Public/2017/DataFiles/BMX_J.htm,2017-2018,male,50,59,bmi,50,29.6,kg/m2,404,21092748.0318,BMX_J,BMXBMI,"Weighted with WTMEC2YR. DXA metrics require DXAEXSTS=1 and region invalidity flags where applicable. US population reference; use for scale, not as an athlete-specific ideal."
nhanes-2017-2018-male-50-59-bmi-p75,NHANES 2017-2018,https://wwwn.cdc.gov/Nchs/Data/Nhanes/Public/2017/DataFiles/BMX_J.htm,2017-2018,male,50,59,bmi,75,33.4,kg/m2,404,21092748.0318,BMX_J,BMXBMI,"Weighted with WTMEC2YR. DXA metrics require DXAEXSTS=1 and region invalidity flags where applicable. US population reference; use for scale, not as an athlete-specific ideal."
nhanes-2017-2018-male-50-59-bmi-p90,NHANES 2017-2018,https://wwwn.cdc.gov/Nchs/Data/Nhanes/Public/2017/DataFiles/BMX_J.htm,2017-2018,male,50,59,bmi,90,38.5,kg/m2,404,21092748.0318,BMX_J,BMXBMI,"Weighted with WTMEC2YR. DXA metrics require DXAEXSTS=1 and region invalidity flags where applicable. US population reference; use for scale, not as an athlete-specific ideal."
nhanes-2017-2018-male-50-59-bmi-p95,NHANES 2017-2018,https://wwwn.cdc.gov/Nchs/Data/Nhanes/Public/2017/DataFiles/BMX_J.htm,2017-2018,male,50,59,bmi,95,42.7,kg/m2,404,21092748.0318,BMX_J,BMXBMI,"Weighted with WTMEC2YR. DXA metrics require DXAEXSTS=1 and region invalidity flags where applicable. US population reference; use for scale, not as an athlete-specific ideal."
nhanes-2017-2018-male-18-59-bmi-p5,NHANES 2017-2018,https://wwwn.cdc.gov/Nchs/Data/Nhanes/Public/2017/DataFiles/BMX_J.htm,2017-2018,male,18,59,bmi,5,20.1,kg/m2,1629,86700161.1888,BMX_J,BMXBMI,"Weighted with WTMEC2YR. DXA metrics require DXAEXSTS=1 and region invalidity flags where applicable. US population reference; use for scale, not as an athlete-specific ideal."
nhanes-2017-2018-male-18-59-bmi-p10,NHANES 2017-2018,https://wwwn.cdc.gov/Nchs/Data/Nhanes/Public/2017/DataFiles/BMX_J.htm,2017-2018,male,18,59,bmi,10,22.0,kg/m2,1629,86700161.1888,BMX_J,BMXBMI,"Weighted with WTMEC2YR. DXA metrics require DXAEXSTS=1 and region invalidity flags where applicable. US population reference; use for scale, not as an athlete-specific ideal."
nhanes-2017-2018-male-18-59-bmi-p25,NHANES 2017-2018,https://wwwn.cdc.gov/Nchs/Data/Nhanes/Public/2017/DataFiles/BMX_J.htm,2017-2018,male,18,59,bmi,25,24.9,kg/m2,1629,86700161.1888,BMX_J,BMXBMI,"Weighted with WTMEC2YR. DXA metrics require DXAEXSTS=1 and region invalidity flags where applicable. US population reference; use for scale, not as an athlete-specific ideal."
nhanes-2017-2018-male-18-59-bmi-p50,NHANES 2017-2018,https://wwwn.cdc.gov/Nchs/Data/Nhanes/Public/2017/DataFiles/BMX_J.htm,2017-2018,male,18,59,bmi,50,28.7,kg/m2,1629,86700161.1888,BMX_J,BMXBMI,"Weighted with WTMEC2YR. DXA metrics require DXAEXSTS=1 and region invalidity flags where applicable. US population reference; use for scale, not as an athlete-specific ideal."
nhanes-2017-2018-male-18-59-bmi-p75,NHANES 2017-2018,https://wwwn.cdc.gov/Nchs/Data/Nhanes/Public/2017/DataFiles/BMX_J.htm,2017-2018,male,18,59,bmi,75,33.3,kg/m2,1629,86700161.1888,BMX_J,BMXBMI,"Weighted with WTMEC2YR. DXA metrics require DXAEXSTS=1 and region invalidity flags where applicable. US population reference; use for scale, not as an athlete-specific ideal."
nhanes-2017-2018-male-18-59-bmi-p90,NHANES 2017-2018,https://wwwn.cdc.gov/Nchs/Data/Nhanes/Public/2017/DataFiles/BMX_J.htm,2017-2018,male,18,59,bmi,90,38.5,kg/m2,1629,86700161.1888,BMX_J,BMXBMI,"Weighted with WTMEC2YR. DXA metrics require DXAEXSTS=1 and region invalidity flags where applicable. US population reference; use for scale, not as an athlete-specific ideal."
nhanes-2017-2018-male-18-59-bmi-p95,NHANES 2017-2018,https://wwwn.cdc.gov/Nchs/Data/Nhanes/Public/2017/DataFiles/BMX_J.htm,2017-2018,male,18,59,bmi,95,42.1,kg/m2,1629,86700161.1888,BMX_J,BMXBMI,"Weighted with WTMEC2YR. DXA metrics require DXAEXSTS=1 and region invalidity flags where applicable. US population reference; use for scale, not as an athlete-specific ideal."
nhanes-2017-2018-female-18-29-bmi-p5,NHANES 2017-2018,https://wwwn.cdc.gov/Nchs/Data/Nhanes/Public/2017/DataFiles/BMX_J.htm,2017-2018,female,18,29,bmi,5,18.7,kg/m2,527,25848916.1071,BMX_J,BMXBMI,"Weighted with WTMEC2YR. DXA metrics require DXAEXSTS=1 and region invalidity flags where applicable. US population reference; use for scale, not as an athlete-specific ideal."
nhanes-2017-2018-female-18-29-bmi-p10,NHANES 2017-2018,https://wwwn.cdc.gov/Nchs/Data/Nhanes/Public/2017/DataFiles/BMX_J.htm,2017-2018,female,18,29,bmi,10,19.8,kg/m2,527,25848916.1071,BMX_J,BMXBMI,"Weighted with WTMEC2YR. DXA metrics require DXAEXSTS=1 and region invalidity flags where applicable. US population reference; use for scale, not as an athlete-specific ideal."
nhanes-2017-2018-female-18-29-bmi-p25,NHANES 2017-2018,https://wwwn.cdc.gov/Nchs/Data/Nhanes/Public/2017/DataFiles/BMX_J.htm,2017-2018,female,18,29,bmi,25,22.1,kg/m2,527,25848916.1071,BMX_J,BMXBMI,"Weighted with WTMEC2YR. DXA metrics require DXAEXSTS=1 and region invalidity flags where applicable. US population reference; use for scale, not as an athlete-specific ideal."
nhanes-2017-2018-female-18-29-bmi-p50,NHANES 2017-2018,https://wwwn.cdc.gov/Nchs/Data/Nhanes/Public/2017/DataFiles/BMX_J.htm,2017-2018,female,18,29,bmi,50,26.3,kg/m2,527,25848916.1071,BMX_J,BMXBMI,"Weighted with WTMEC2YR. DXA metrics require DXAEXSTS=1 and region invalidity flags where applicable. US population reference; use for scale, not as an athlete-specific ideal."
nhanes-2017-2018-female-18-29-bmi-p75,NHANES 2017-2018,https://wwwn.cdc.gov/Nchs/Data/Nhanes/Public/2017/DataFiles/BMX_J.htm,2017-2018,female,18,29,bmi,75,33.6,kg/m2,527,25848916.1071,BMX_J,BMXBMI,"Weighted with WTMEC2YR. DXA metrics require DXAEXSTS=1 and region invalidity flags where applicable. US population reference; use for scale, not as an athlete-specific ideal."
nhanes-2017-2018-female-18-29-bmi-p90,NHANES 2017-2018,https://wwwn.cdc.gov/Nchs/Data/Nhanes/Public/2017/DataFiles/BMX_J.htm,2017-2018,female,18,29,bmi,90,39.6,kg/m2,527,25848916.1071,BMX_J,BMXBMI,"Weighted with WTMEC2YR. DXA metrics require DXAEXSTS=1 and region invalidity flags where applicable. US population reference; use for scale, not as an athlete-specific ideal."
nhanes-2017-2018-female-18-29-bmi-p95,NHANES 2017-2018,https://wwwn.cdc.gov/Nchs/Data/Nhanes/Public/2017/DataFiles/BMX_J.htm,2017-2018,female,18,29,bmi,95,43.7,kg/m2,527,25848916.1071,BMX_J,BMXBMI,"Weighted with WTMEC2YR. DXA metrics require DXAEXSTS=1 and region invalidity flags where applicable. US population reference; use for scale, not as an athlete-specific ideal."
nhanes-2017-2018-female-30-39-bmi-p5,NHANES 2017-2018,https://wwwn.cdc.gov/Nchs/Data/Nhanes/Public/2017/DataFiles/BMX_J.htm,2017-2018,female,30,39,bmi,5,19.9,kg/m2,447,21437021.3804,BMX_J,BMXBMI,"Weighted with WTMEC2YR. DXA metrics require DXAEXSTS=1 and region invalidity flags where applicable. US population reference; use for scale, not as an athlete-specific ideal."
nhanes-2017-2018-female-30-39-bmi-p10,NHANES 2017-2018,https://wwwn.cdc.gov/Nchs/Data/Nhanes/Public/2017/DataFiles/BMX_J.htm,2017-2018,female,30,39,bmi,10,21.3,kg/m2,447,21437021.3804,BMX_J,BMXBMI,"Weighted with WTMEC2YR. DXA metrics require DXAEXSTS=1 and region invalidity flags where applicable. US population reference; use for scale, not as an athlete-specific ideal."
nhanes-2017-2018-female-30-39-bmi-p25,NHANES 2017-2018,https://wwwn.cdc.gov/Nchs/Data/Nhanes/Public/2017/DataFiles/BMX_J.htm,2017-2018,female,30,39,bmi,25,23.6,kg/m2,447,21437021.3804,BMX_J,BMXBMI,"Weighted with WTMEC2YR. DXA metrics require DXAEXSTS=1 and region invalidity flags where applicable. US population reference; use for scale, not as an athlete-specific ideal."
nhanes-2017-2018-female-30-39-bmi-p50,NHANES 2017-2018,https://wwwn.cdc.gov/Nchs/Data/Nhanes/Public/2017/DataFiles/BMX_J.htm,2017-2018,female,30,39,bmi,50,28.2,kg/m2,447,21437021.3804,BMX_J,BMXBMI,"Weighted with WTMEC2YR. DXA metrics require DXAEXSTS=1 and region invalidity flags where applicable. US population reference; use for scale, not as an athlete-specific ideal."
nhanes-2017-2018-female-30-39-bmi-p75,NHANES 2017-2018,https://wwwn.cdc.gov/Nchs/Data/Nhanes/Public/2017/DataFiles/BMX_J.htm,2017-2018,female,30,39,bmi,75,33.8,kg/m2,447,21437021.3804,BMX_J,BMXBMI,"Weighted with WTMEC2YR. DXA metrics require DXAEXSTS=1 and region invalidity flags where applicable. US population reference; use for scale, not as an athlete-specific ideal."
nhanes-2017-2018-female-30-39-bmi-p90,NHANES 2017-2018,https://wwwn.cdc.gov/Nchs/Data/Nhanes/Public/2017/DataFiles/BMX_J.htm,2017-2018,female,30,39,bmi,90,41.7,kg/m2,447,21437021.3804,BMX_J,BMXBMI,"Weighted with WTMEC2YR. DXA metrics require DXAEXSTS=1 and region invalidity flags where applicable. US population reference; use for scale, not as an athlete-specific ideal."
nhanes-2017-2018-female-30-39-bmi-p95,NHANES 2017-2018,https://wwwn.cdc.gov/Nchs/Data/Nhanes/Public/2017/DataFiles/BMX_J.htm,2017-2018,female,30,39,bmi,95,46.8,kg/m2,447,21437021.3804,BMX_J,BMXBMI,"Weighted with WTMEC2YR. DXA metrics require DXAEXSTS=1 and region invalidity flags where applicable. US population reference; use for scale, not as an athlete-specific ideal."
nhanes-2017-2018-female-40-49-bmi-p5,NHANES 2017-2018,https://wwwn.cdc.gov/Nchs/Data/Nhanes/Public/2017/DataFiles/BMX_J.htm,2017-2018,female,40,49,bmi,5,20.7,kg/m2,401,19187123.3647,BMX_J,BMXBMI,"Weighted with WTMEC2YR. DXA metrics require DXAEXSTS=1 and region invalidity flags where applicable. US population reference; use for scale, not as an athlete-specific ideal."
nhanes-2017-2018-female-40-49-bmi-p10,NHANES 2017-2018,https://wwwn.cdc.gov/Nchs/Data/Nhanes/Public/2017/DataFiles/BMX_J.htm,2017-2018,female,40,49,bmi,10,22.7,kg/m2,401,19187123.3647,BMX_J,BMXBMI,"Weighted with WTMEC2YR. DXA metrics require DXAEXSTS=1 and region invalidity flags where applicable. US population reference; use for scale, not as an athlete-specific ideal."
nhanes-2017-2018-female-40-49-bmi-p25,NHANES 2017-2018,https://wwwn.cdc.gov/Nchs/Data/Nhanes/Public/2017/DataFiles/BMX_J.htm,2017-2018,female,40,49,bmi,25,25.0,kg/m2,401,19187123.3647,BMX_J,BMXBMI,"Weighted with WTMEC2YR. DXA metrics require DXAEXSTS=1 and region invalidity flags where applicable. US population reference; use for scale, not as an athlete-specific ideal."
nhanes-2017-2018-female-40-49-bmi-p50,NHANES 2017-2018,https://wwwn.cdc.gov/Nchs/Data/Nhanes/Public/2017/DataFiles/BMX_J.htm,2017-2018,female,40,49,bmi,50,28.7,kg/m2,401,19187123.3647,BMX_J,BMXBMI,"Weighted with WTMEC2YR. DXA metrics require DXAEXSTS=1 and region invalidity flags where applicable. US population reference; use for scale, not as an athlete-specific ideal."
nhanes-2017-2018-female-40-49-bmi-p75,NHANES 2017-2018,https://wwwn.cdc.gov/Nchs/Data/Nhanes/Public/2017/DataFiles/BMX_J.htm,2017-2018,female,40,49,bmi,75,35.1,kg/m2,401,19187123.3647,BMX_J,BMXBMI,"Weighted with WTMEC2YR. DXA metrics require DXAEXSTS=1 and region invalidity flags where applicable. US population reference; use for scale, not as an athlete-specific ideal."
nhanes-2017-2018-female-40-49-bmi-p90,NHANES 2017-2018,https://wwwn.cdc.gov/Nchs/Data/Nhanes/Public/2017/DataFiles/BMX_J.htm,2017-2018,female,40,49,bmi,90,44.0,kg/m2,401,19187123.3647,BMX_J,BMXBMI,"Weighted with WTMEC2YR. DXA metrics require DXAEXSTS=1 and region invalidity flags where applicable. US population reference; use for scale, not as an athlete-specific ideal."
nhanes-2017-2018-female-40-49-bmi-p95,NHANES 2017-2018,https://wwwn.cdc.gov/Nchs/Data/Nhanes/Public/2017/DataFiles/BMX_J.htm,2017-2018,female,40,49,bmi,95,47.7,kg/m2,401,19187123.3647,BMX_J,BMXBMI,"Weighted with WTMEC2YR. DXA metrics require DXAEXSTS=1 and region invalidity flags where applicable. US population reference; use for scale, not as an athlete-specific ideal."
nhanes-2017-2018-female-50-59-bmi-p5,NHANES 2017-2018,https://wwwn.cdc.gov/Nchs/Data/Nhanes/Public/2017/DataFiles/BMX_J.htm,2017-2018,female,50,59,bmi,5,19.1,kg/m2,467,22930075.3567,BMX_J,BMXBMI,"Weighted with WTMEC2YR. DXA metrics require DXAEXSTS=1 and region invalidity flags where applicable. US population reference; use for scale, not as an athlete-specific ideal."
nhanes-2017-2018-female-50-59-bmi-p10,NHANES 2017-2018,https://wwwn.cdc.gov/Nchs/Data/Nhanes/Public/2017/DataFiles/BMX_J.htm,2017-2018,female,50,59,bmi,10,20.4,kg/m2,467,22930075.3567,BMX_J,BMXBMI,"Weighted with WTMEC2YR. DXA metrics require DXAEXSTS=1 and region invalidity flags where applicable. US population reference; use for scale, not as an athlete-specific ideal."
nhanes-2017-2018-female-50-59-bmi-p25,NHANES 2017-2018,https://wwwn.cdc.gov/Nchs/Data/Nhanes/Public/2017/DataFiles/BMX_J.htm,2017-2018,female,50,59,bmi,25,23.7,kg/m2,467,22930075.3567,BMX_J,BMXBMI,"Weighted with WTMEC2YR. DXA metrics require DXAEXSTS=1 and region invalidity flags where applicable. US population reference; use for scale, not as an athlete-specific ideal."
nhanes-2017-2018-female-50-59-bmi-p50,NHANES 2017-2018,https://wwwn.cdc.gov/Nchs/Data/Nhanes/Public/2017/DataFiles/BMX_J.htm,2017-2018,female,50,59,bmi,50,28.5,kg/m2,467,22930075.3567,BMX_J,BMXBMI,"Weighted with WTMEC2YR. DXA metrics require DXAEXSTS=1 and region invalidity flags where applicable. US population reference; use for scale, not as an athlete-specific ideal."
nhanes-2017-2018-female-50-59-bmi-p75,NHANES 2017-2018,https://wwwn.cdc.gov/Nchs/Data/Nhanes/Public/2017/DataFiles/BMX_J.htm,2017-2018,female,50,59,bmi,75,34.6,kg/m2,467,22930075.3567,BMX_J,BMXBMI,"Weighted with WTMEC2YR. DXA metrics require DXAEXSTS=1 and region invalidity flags where applicable. US population reference; use for scale, not as an athlete-specific ideal."
nhanes-2017-2018-female-50-59-bmi-p90,NHANES 2017-2018,https://wwwn.cdc.gov/Nchs/Data/Nhanes/Public/2017/DataFiles/BMX_J.htm,2017-2018,female,50,59,bmi,90,41.8,kg/m2,467,22930075.3567,BMX_J,BMXBMI,"Weighted with WTMEC2YR. DXA metrics require DXAEXSTS=1 and region invalidity flags where applicable. US population reference; use for scale, not as an athlete-specific ideal."
nhanes-2017-2018-female-50-59-bmi-p95,NHANES 2017-2018,https://wwwn.cdc.gov/Nchs/Data/Nhanes/Public/2017/DataFiles/BMX_J.htm,2017-2018,female,50,59,bmi,95,45.1,kg/m2,467,22930075.3567,BMX_J,BMXBMI,"Weighted with WTMEC2YR. DXA metrics require DXAEXSTS=1 and region invalidity flags where applicable. US population reference; use for scale, not as an athlete-specific ideal."
nhanes-2017-2018-female-18-59-bmi-p5,NHANES 2017-2018,https://wwwn.cdc.gov/Nchs/Data/Nhanes/Public/2017/DataFiles/BMX_J.htm,2017-2018,female,18,59,bmi,5,19.2,kg/m2,1842,89403136.2088,BMX_J,BMXBMI,"Weighted with WTMEC2YR. DXA metrics require DXAEXSTS=1 and region invalidity flags where applicable. US population reference; use for scale, not as an athlete-specific ideal."
nhanes-2017-2018-female-18-59-bmi-p10,NHANES 2017-2018,https://wwwn.cdc.gov/Nchs/Data/Nhanes/Public/2017/DataFiles/BMX_J.htm,2017-2018,female,18,59,bmi,10,20.5,kg/m2,1842,89403136.2088,BMX_J,BMXBMI,"Weighted with WTMEC2YR. DXA metrics require DXAEXSTS=1 and region invalidity flags where applicable. US population reference; use for scale, not as an athlete-specific ideal."
nhanes-2017-2018-female-18-59-bmi-p25,NHANES 2017-2018,https://wwwn.cdc.gov/Nchs/Data/Nhanes/Public/2017/DataFiles/BMX_J.htm,2017-2018,female,18,59,bmi,25,23.6,kg/m2,1842,89403136.2088,BMX_J,BMXBMI,"Weighted with WTMEC2YR. DXA metrics require DXAEXSTS=1 and region invalidity flags where applicable. US population reference; use for scale, not as an athlete-specific ideal."
nhanes-2017-2018-female-18-59-bmi-p50,NHANES 2017-2018,https://wwwn.cdc.gov/Nchs/Data/Nhanes/Public/2017/DataFiles/BMX_J.htm,2017-2018,female,18,59,bmi,50,28.2,kg/m2,1842,89403136.2088,BMX_J,BMXBMI,"Weighted with WTMEC2YR. DXA metrics require DXAEXSTS=1 and region invalidity flags where applicable. US population reference; use for scale, not as an athlete-specific ideal."
nhanes-2017-2018-female-18-59-bmi-p75,NHANES 2017-2018,https://wwwn.cdc.gov/Nchs/Data/Nhanes/Public/2017/DataFiles/BMX_J.htm,2017-2018,female,18,59,bmi,75,34.4,kg/m2,1842,89403136.2088,BMX_J,BMXBMI,"Weighted with WTMEC2YR. DXA metrics require DXAEXSTS=1 and region invalidity flags where applicable. US population reference; use for scale, not as an athlete-specific ideal."
nhanes-2017-2018-female-18-59-bmi-p90,NHANES 2017-2018,https://wwwn.cdc.gov/Nchs/Data/Nhanes/Public/2017/DataFiles/BMX_J.htm,2017-2018,female,18,59,bmi,90,41.8,kg/m2,1842,89403136.2088,BMX_J,BMXBMI,"Weighted with WTMEC2YR. DXA metrics require DXAEXSTS=1 and region invalidity flags where applicable. US population reference; use for scale, not as an athlete-specific ideal."
nhanes-2017-2018-female-18-59-bmi-p95,NHANES 2017-2018,https://wwwn.cdc.gov/Nchs/Data/Nhanes/Public/2017/DataFiles/BMX_J.htm,2017-2018,female,18,59,bmi,95,45.5,kg/m2,1842,89403136.2088,BMX_J,BMXBMI,"Weighted with WTMEC2YR. DXA metrics require DXAEXSTS=1 and region invalidity flags where applicable. US population reference; use for scale, not as an athlete-specific ideal."
nhanes-2017-2018-male-18-29-waist_cm-p5,NHANES 2017-2018,https://wwwn.cdc.gov/Nchs/Data/Nhanes/Public/2017/DataFiles/BMX_J.htm,2017-2018,male,18,29,waist_cm,5,70.8,cm,490,25597147.984,BMX_J,BMXWAIST,"Weighted with WTMEC2YR. DXA metrics require DXAEXSTS=1 and region invalidity flags where applicable. US population reference; use for scale, not as an athlete-specific ideal."
nhanes-2017-2018-male-18-29-waist_cm-p10,NHANES 2017-2018,https://wwwn.cdc.gov/Nchs/Data/Nhanes/Public/2017/DataFiles/BMX_J.htm,2017-2018,male,18,29,waist_cm,10,74.5,cm,490,25597147.984,BMX_J,BMXWAIST,"Weighted with WTMEC2YR. DXA metrics require DXAEXSTS=1 and region invalidity flags where applicable. US population reference; use for scale, not as an athlete-specific ideal."
nhanes-2017-2018-male-18-29-waist_cm-p25,NHANES 2017-2018,https://wwwn.cdc.gov/Nchs/Data/Nhanes/Public/2017/DataFiles/BMX_J.htm,2017-2018,male,18,29,waist_cm,25,80.1,cm,490,25597147.984,BMX_J,BMXWAIST,"Weighted with WTMEC2YR. DXA metrics require DXAEXSTS=1 and region invalidity flags where applicable. US population reference; use for scale, not as an athlete-specific ideal."
nhanes-2017-2018-male-18-29-waist_cm-p50,NHANES 2017-2018,https://wwwn.cdc.gov/Nchs/Data/Nhanes/Public/2017/DataFiles/BMX_J.htm,2017-2018,male,18,29,waist_cm,50,89.7,cm,490,25597147.984,BMX_J,BMXWAIST,"Weighted with WTMEC2YR. DXA metrics require DXAEXSTS=1 and region invalidity flags where applicable. US population reference; use for scale, not as an athlete-specific ideal."
nhanes-2017-2018-male-18-29-waist_cm-p75,NHANES 2017-2018,https://wwwn.cdc.gov/Nchs/Data/Nhanes/Public/2017/DataFiles/BMX_J.htm,2017-2018,male,18,29,waist_cm,75,105.0,cm,490,25597147.984,BMX_J,BMXWAIST,"Weighted with WTMEC2YR. DXA metrics require DXAEXSTS=1 and region invalidity flags where applicable. US population reference; use for scale, not as an athlete-specific ideal."
nhanes-2017-2018-male-18-29-waist_cm-p90,NHANES 2017-2018,https://wwwn.cdc.gov/Nchs/Data/Nhanes/Public/2017/DataFiles/BMX_J.htm,2017-2018,male,18,29,waist_cm,90,118.1,cm,490,25597147.984,BMX_J,BMXWAIST,"Weighted with WTMEC2YR. DXA metrics require DXAEXSTS=1 and region invalidity flags where applicable. US population reference; use for scale, not as an athlete-specific ideal."
nhanes-2017-2018-male-18-29-waist_cm-p95,NHANES 2017-2018,https://wwwn.cdc.gov/Nchs/Data/Nhanes/Public/2017/DataFiles/BMX_J.htm,2017-2018,male,18,29,waist_cm,95,126.4,cm,490,25597147.984,BMX_J,BMXWAIST,"Weighted with WTMEC2YR. DXA metrics require DXAEXSTS=1 and region invalidity flags where applicable. US population reference; use for scale, not as an athlete-specific ideal."
nhanes-2017-2018-male-30-39-waist_cm-p5,NHANES 2017-2018,https://wwwn.cdc.gov/Nchs/Data/Nhanes/Public/2017/DataFiles/BMX_J.htm,2017-2018,male,30,39,waist_cm,5,82.1,cm,346,19742476.0237,BMX_J,BMXWAIST,"Weighted with WTMEC2YR. DXA metrics require DXAEXSTS=1 and region invalidity flags where applicable. US population reference; use for scale, not as an athlete-specific ideal."
nhanes-2017-2018-male-30-39-waist_cm-p10,NHANES 2017-2018,https://wwwn.cdc.gov/Nchs/Data/Nhanes/Public/2017/DataFiles/BMX_J.htm,2017-2018,male,30,39,waist_cm,10,84.6,cm,346,19742476.0237,BMX_J,BMXWAIST,"Weighted with WTMEC2YR. DXA metrics require DXAEXSTS=1 and region invalidity flags where applicable. US population reference; use for scale, not as an athlete-specific ideal."
nhanes-2017-2018-male-30-39-waist_cm-p25,NHANES 2017-2018,https://wwwn.cdc.gov/Nchs/Data/Nhanes/Public/2017/DataFiles/BMX_J.htm,2017-2018,male,30,39,waist_cm,25,91.4,cm,346,19742476.0237,BMX_J,BMXWAIST,"Weighted with WTMEC2YR. DXA metrics require DXAEXSTS=1 and region invalidity flags where applicable. US population reference; use for scale, not as an athlete-specific ideal."
nhanes-2017-2018-male-30-39-waist_cm-p50,NHANES 2017-2018,https://wwwn.cdc.gov/Nchs/Data/Nhanes/Public/2017/DataFiles/BMX_J.htm,2017-2018,male,30,39,waist_cm,50,99.7,cm,346,19742476.0237,BMX_J,BMXWAIST,"Weighted with WTMEC2YR. DXA metrics require DXAEXSTS=1 and region invalidity flags where applicable. US population reference; use for scale, not as an athlete-specific ideal."
nhanes-2017-2018-male-30-39-waist_cm-p75,NHANES 2017-2018,https://wwwn.cdc.gov/Nchs/Data/Nhanes/Public/2017/DataFiles/BMX_J.htm,2017-2018,male,30,39,waist_cm,75,110.7,cm,346,19742476.0237,BMX_J,BMXWAIST,"Weighted with WTMEC2YR. DXA metrics require DXAEXSTS=1 and region invalidity flags where applicable. US population reference; use for scale, not as an athlete-specific ideal."
nhanes-2017-2018-male-30-39-waist_cm-p90,NHANES 2017-2018,https://wwwn.cdc.gov/Nchs/Data/Nhanes/Public/2017/DataFiles/BMX_J.htm,2017-2018,male,30,39,waist_cm,90,125.8,cm,346,19742476.0237,BMX_J,BMXWAIST,"Weighted with WTMEC2YR. DXA metrics require DXAEXSTS=1 and region invalidity flags where applicable. US population reference; use for scale, not as an athlete-specific ideal."
nhanes-2017-2018-male-30-39-waist_cm-p95,NHANES 2017-2018,https://wwwn.cdc.gov/Nchs/Data/Nhanes/Public/2017/DataFiles/BMX_J.htm,2017-2018,male,30,39,waist_cm,95,132.4,cm,346,19742476.0237,BMX_J,BMXWAIST,"Weighted with WTMEC2YR. DXA metrics require DXAEXSTS=1 and region invalidity flags where applicable. US population reference; use for scale, not as an athlete-specific ideal."
nhanes-2017-2018-male-40-49-waist_cm-p5,NHANES 2017-2018,https://wwwn.cdc.gov/Nchs/Data/Nhanes/Public/2017/DataFiles/BMX_J.htm,2017-2018,male,40,49,waist_cm,5,82.5,cm,356,18658171.9627,BMX_J,BMXWAIST,"Weighted with WTMEC2YR. DXA metrics require DXAEXSTS=1 and region invalidity flags where applicable. US population reference; use for scale, not as an athlete-specific ideal."
nhanes-2017-2018-male-40-49-waist_cm-p10,NHANES 2017-2018,https://wwwn.cdc.gov/Nchs/Data/Nhanes/Public/2017/DataFiles/BMX_J.htm,2017-2018,male,40,49,waist_cm,10,86.2,cm,356,18658171.9627,BMX_J,BMXWAIST,"Weighted with WTMEC2YR. DXA metrics require DXAEXSTS=1 and region invalidity flags where applicable. US population reference; use for scale, not as an athlete-specific ideal."
nhanes-2017-2018-male-40-49-waist_cm-p25,NHANES 2017-2018,https://wwwn.cdc.gov/Nchs/Data/Nhanes/Public/2017/DataFiles/BMX_J.htm,2017-2018,male,40,49,waist_cm,25,95.1,cm,356,18658171.9627,BMX_J,BMXWAIST,"Weighted with WTMEC2YR. DXA metrics require DXAEXSTS=1 and region invalidity flags where applicable. US population reference; use for scale, not as an athlete-specific ideal."
nhanes-2017-2018-male-40-49-waist_cm-p50,NHANES 2017-2018,https://wwwn.cdc.gov/Nchs/Data/Nhanes/Public/2017/DataFiles/BMX_J.htm,2017-2018,male,40,49,waist_cm,50,104.6,cm,356,18658171.9627,BMX_J,BMXWAIST,"Weighted with WTMEC2YR. DXA metrics require DXAEXSTS=1 and region invalidity flags where applicable. US population reference; use for scale, not as an athlete-specific ideal."
nhanes-2017-2018-male-40-49-waist_cm-p75,NHANES 2017-2018,https://wwwn.cdc.gov/Nchs/Data/Nhanes/Public/2017/DataFiles/BMX_J.htm,2017-2018,male,40,49,waist_cm,75,114.1,cm,356,18658171.9627,BMX_J,BMXWAIST,"Weighted with WTMEC2YR. DXA metrics require DXAEXSTS=1 and region invalidity flags where applicable. US population reference; use for scale, not as an athlete-specific ideal."
nhanes-2017-2018-male-40-49-waist_cm-p90,NHANES 2017-2018,https://wwwn.cdc.gov/Nchs/Data/Nhanes/Public/2017/DataFiles/BMX_J.htm,2017-2018,male,40,49,waist_cm,90,128.1,cm,356,18658171.9627,BMX_J,BMXWAIST,"Weighted with WTMEC2YR. DXA metrics require DXAEXSTS=1 and region invalidity flags where applicable. US population reference; use for scale, not as an athlete-specific ideal."
nhanes-2017-2018-male-40-49-waist_cm-p95,NHANES 2017-2018,https://wwwn.cdc.gov/Nchs/Data/Nhanes/Public/2017/DataFiles/BMX_J.htm,2017-2018,male,40,49,waist_cm,95,137.2,cm,356,18658171.9627,BMX_J,BMXWAIST,"Weighted with WTMEC2YR. DXA metrics require DXAEXSTS=1 and region invalidity flags where applicable. US population reference; use for scale, not as an athlete-specific ideal."
nhanes-2017-2018-male-50-59-waist_cm-p5,NHANES 2017-2018,https://wwwn.cdc.gov/Nchs/Data/Nhanes/Public/2017/DataFiles/BMX_J.htm,2017-2018,male,50,59,waist_cm,5,83.9,cm,391,20513381.5688,BMX_J,BMXWAIST,"Weighted with WTMEC2YR. DXA metrics require DXAEXSTS=1 and region invalidity flags where applicable. US population reference; use for scale, not as an athlete-specific ideal."
nhanes-2017-2018-male-50-59-waist_cm-p10,NHANES 2017-2018,https://wwwn.cdc.gov/Nchs/Data/Nhanes/Public/2017/DataFiles/BMX_J.htm,2017-2018,male,50,59,waist_cm,10,88.0,cm,391,20513381.5688,BMX_J,BMXWAIST,"Weighted with WTMEC2YR. DXA metrics require DXAEXSTS=1 and region invalidity flags where applicable. US population reference; use for scale, not as an athlete-specific ideal."
nhanes-2017-2018-male-50-59-waist_cm-p25,NHANES 2017-2018,https://wwwn.cdc.gov/Nchs/Data/Nhanes/Public/2017/DataFiles/BMX_J.htm,2017-2018,male,50,59,waist_cm,25,94.8,cm,391,20513381.5688,BMX_J,BMXWAIST,"Weighted with WTMEC2YR. DXA metrics require DXAEXSTS=1 and region invalidity flags where applicable. US population reference; use for scale, not as an athlete-specific ideal."
nhanes-2017-2018-male-50-59-waist_cm-p50,NHANES 2017-2018,https://wwwn.cdc.gov/Nchs/Data/Nhanes/Public/2017/DataFiles/BMX_J.htm,2017-2018,male,50,59,waist_cm,50,103.5,cm,391,20513381.5688,BMX_J,BMXWAIST,"Weighted with WTMEC2YR. DXA metrics require DXAEXSTS=1 and region invalidity flags where applicable. US population reference; use for scale, not as an athlete-specific ideal."
nhanes-2017-2018-male-50-59-waist_cm-p75,NHANES 2017-2018,https://wwwn.cdc.gov/Nchs/Data/Nhanes/Public/2017/DataFiles/BMX_J.htm,2017-2018,male,50,59,waist_cm,75,113.9,cm,391,20513381.5688,BMX_J,BMXWAIST,"Weighted with WTMEC2YR. DXA metrics require DXAEXSTS=1 and region invalidity flags where applicable. US population reference; use for scale, not as an athlete-specific ideal."
nhanes-2017-2018-male-50-59-waist_cm-p90,NHANES 2017-2018,https://wwwn.cdc.gov/Nchs/Data/Nhanes/Public/2017/DataFiles/BMX_J.htm,2017-2018,male,50,59,waist_cm,90,127.8,cm,391,20513381.5688,BMX_J,BMXWAIST,"Weighted with WTMEC2YR. DXA metrics require DXAEXSTS=1 and region invalidity flags where applicable. US population reference; use for scale, not as an athlete-specific ideal."
nhanes-2017-2018-male-50-59-waist_cm-p95,NHANES 2017-2018,https://wwwn.cdc.gov/Nchs/Data/Nhanes/Public/2017/DataFiles/BMX_J.htm,2017-2018,male,50,59,waist_cm,95,136.7,cm,391,20513381.5688,BMX_J,BMXWAIST,"Weighted with WTMEC2YR. DXA metrics require DXAEXSTS=1 and region invalidity flags where applicable. US population reference; use for scale, not as an athlete-specific ideal."
nhanes-2017-2018-male-18-59-waist_cm-p5,NHANES 2017-2018,https://wwwn.cdc.gov/Nchs/Data/Nhanes/Public/2017/DataFiles/BMX_J.htm,2017-2018,male,18,59,waist_cm,5,75.8,cm,1583,84511177.5391,BMX_J,BMXWAIST,"Weighted with WTMEC2YR. DXA metrics require DXAEXSTS=1 and region invalidity flags where applicable. US population reference; use for scale, not as an athlete-specific ideal."
nhanes-2017-2018-male-18-59-waist_cm-p10,NHANES 2017-2018,https://wwwn.cdc.gov/Nchs/Data/Nhanes/Public/2017/DataFiles/BMX_J.htm,2017-2018,male,18,59,waist_cm,10,80.0,cm,1583,84511177.5391,BMX_J,BMXWAIST,"Weighted with WTMEC2YR. DXA metrics require DXAEXSTS=1 and region invalidity flags where applicable. US population reference; use for scale, not as an athlete-specific ideal."
nhanes-2017-2018-male-18-59-waist_cm-p25,NHANES 2017-2018,https://wwwn.cdc.gov/Nchs/Data/Nhanes/Public/2017/DataFiles/BMX_J.htm,2017-2018,male,18,59,waist_cm,25,88.9,cm,1583,84511177.5391,BMX_J,BMXWAIST,"Weighted with WTMEC2YR. DXA metrics require DXAEXSTS=1 and region invalidity flags where applicable. US population reference; use for scale, not as an athlete-specific ideal."
nhanes-2017-2018-male-18-59-waist_cm-p50,NHANES 2017-2018,https://wwwn.cdc.gov/Nchs/Data/Nhanes/Public/2017/DataFiles/BMX_J.htm,2017-2018,male,18,59,waist_cm,50,99.5,cm,1583,84511177.5391,BMX_J,BMXWAIST,"Weighted with WTMEC2YR. DXA metrics require DXAEXSTS=1 and region invalidity flags where applicable. US population reference; use for scale, not as an athlete-specific ideal."
nhanes-2017-2018-male-18-59-waist_cm-p75,NHANES 2017-2018,https://wwwn.cdc.gov/Nchs/Data/Nhanes/Public/2017/DataFiles/BMX_J.htm,2017-2018,male,18,59,waist_cm,75,110.7,cm,1583,84511177.5391,BMX_J,BMXWAIST,"Weighted with WTMEC2YR. DXA metrics require DXAEXSTS=1 and region invalidity flags where applicable. US population reference; use for scale, not as an athlete-specific ideal."
nhanes-2017-2018-male-18-59-waist_cm-p90,NHANES 2017-2018,https://wwwn.cdc.gov/Nchs/Data/Nhanes/Public/2017/DataFiles/BMX_J.htm,2017-2018,male,18,59,waist_cm,90,123.6,cm,1583,84511177.5391,BMX_J,BMXWAIST,"Weighted with WTMEC2YR. DXA metrics require DXAEXSTS=1 and region invalidity flags where applicable. US population reference; use for scale, not as an athlete-specific ideal."
nhanes-2017-2018-male-18-59-waist_cm-p95,NHANES 2017-2018,https://wwwn.cdc.gov/Nchs/Data/Nhanes/Public/2017/DataFiles/BMX_J.htm,2017-2018,male,18,59,waist_cm,95,132.6,cm,1583,84511177.5391,BMX_J,BMXWAIST,"Weighted with WTMEC2YR. DXA metrics require DXAEXSTS=1 and region invalidity flags where applicable. US population reference; use for scale, not as an athlete-specific ideal."
nhanes-2017-2018-female-18-29-waist_cm-p5,NHANES 2017-2018,https://wwwn.cdc.gov/Nchs/Data/Nhanes/Public/2017/DataFiles/BMX_J.htm,2017-2018,female,18,29,waist_cm,5,69.1,cm,498,24319005.6549,BMX_J,BMXWAIST,"Weighted with WTMEC2YR. DXA metrics require DXAEXSTS=1 and region invalidity flags where applicable. US population reference; use for scale, not as an athlete-specific ideal."
nhanes-2017-2018-female-18-29-waist_cm-p10,NHANES 2017-2018,https://wwwn.cdc.gov/Nchs/Data/Nhanes/Public/2017/DataFiles/BMX_J.htm,2017-2018,female,18,29,waist_cm,10,71.6,cm,498,24319005.6549,BMX_J,BMXWAIST,"Weighted with WTMEC2YR. DXA metrics require DXAEXSTS=1 and region invalidity flags where applicable. US population reference; use for scale, not as an athlete-specific ideal."
nhanes-2017-2018-female-18-29-waist_cm-p25,NHANES 2017-2018,https://wwwn.cdc.gov/Nchs/Data/Nhanes/Public/2017/DataFiles/BMX_J.htm,2017-2018,female,18,29,waist_cm,25,76.7,cm,498,24319005.6549,BMX_J,BMXWAIST,"Weighted with WTMEC2YR. DXA metrics require DXAEXSTS=1 and region invalidity flags where applicable. US population reference; use for scale, not as an athlete-specific ideal."
nhanes-2017-2018-female-18-29-waist_cm-p50,NHANES 2017-2018,https://wwwn.cdc.gov/Nchs/Data/Nhanes/Public/2017/DataFiles/BMX_J.htm,2017-2018,female,18,29,waist_cm,50,89.7,cm,498,24319005.6549,BMX_J,BMXWAIST,"Weighted with WTMEC2YR. DXA metrics require DXAEXSTS=1 and region invalidity flags where applicable. US population reference; use for scale, not as an athlete-specific ideal."
nhanes-2017-2018-female-18-29-waist_cm-p75,NHANES 2017-2018,https://wwwn.cdc.gov/Nchs/Data/Nhanes/Public/2017/DataFiles/BMX_J.htm,2017-2018,female,18,29,waist_cm,75,104.5,cm,498,24319005.6549,BMX_J,BMXWAIST,"Weighted with WTMEC2YR. DXA metrics require DXAEXSTS=1 and region invalidity flags where applicable. US population reference; use for scale, not as an athlete-specific ideal."
nhanes-2017-2018-female-18-29-waist_cm-p90,NHANES 2017-2018,https://wwwn.cdc.gov/Nchs/Data/Nhanes/Public/2017/DataFiles/BMX_J.htm,2017-2018,female,18,29,waist_cm,90,119.6,cm,498,24319005.6549,BMX_J,BMXWAIST,"Weighted with WTMEC2YR. DXA metrics require DXAEXSTS=1 and region invalidity flags where applicable. US population reference; use for scale, not as an athlete-specific ideal."
nhanes-2017-2018-female-18-29-waist_cm-p95,NHANES 2017-2018,https://wwwn.cdc.gov/Nchs/Data/Nhanes/Public/2017/DataFiles/BMX_J.htm,2017-2018,female,18,29,waist_cm,95,125.8,cm,498,24319005.6549,BMX_J,BMXWAIST,"Weighted with WTMEC2YR. DXA metrics require DXAEXSTS=1 and region invalidity flags where applicable. US population reference; use for scale, not as an athlete-specific ideal."
nhanes-2017-2018-female-30-39-waist_cm-p5,NHANES 2017-2018,https://wwwn.cdc.gov/Nchs/Data/Nhanes/Public/2017/DataFiles/BMX_J.htm,2017-2018,female,30,39,waist_cm,5,72.9,cm,420,20637185.7116,BMX_J,BMXWAIST,"Weighted with WTMEC2YR. DXA metrics require DXAEXSTS=1 and region invalidity flags where applicable. US population reference; use for scale, not as an athlete-specific ideal."
nhanes-2017-2018-female-30-39-waist_cm-p10,NHANES 2017-2018,https://wwwn.cdc.gov/Nchs/Data/Nhanes/Public/2017/DataFiles/BMX_J.htm,2017-2018,female,30,39,waist_cm,10,74.9,cm,420,20637185.7116,BMX_J,BMXWAIST,"Weighted with WTMEC2YR. DXA metrics require DXAEXSTS=1 and region invalidity flags where applicable. US population reference; use for scale, not as an athlete-specific ideal."
nhanes-2017-2018-female-30-39-waist_cm-p25,NHANES 2017-2018,https://wwwn.cdc.gov/Nchs/Data/Nhanes/Public/2017/DataFiles/BMX_J.htm,2017-2018,female,30,39,waist_cm,25,82.9,cm,420,20637185.7116,BMX_J,BMXWAIST,"Weighted with WTMEC2YR. DXA metrics require DXAEXSTS=1 and region invalidity flags where applicable. US population reference; use for scale, not as an athlete-specific ideal."
nhanes-2017-2018-female-30-39-waist_cm-p50,NHANES 2017-2018,https://wwwn.cdc.gov/Nchs/Data/Nhanes/Public/2017/DataFiles/BMX_J.htm,2017-2018,female,30,39,waist_cm,50,94.6,cm,420,20637185.7116,BMX_J,BMXWAIST,"Weighted with WTMEC2YR. DXA metrics require DXAEXSTS=1 and region invalidity flags where applicable. US population reference; use for scale, not as an athlete-specific ideal."
nhanes-2017-2018-female-30-39-waist_cm-p75,NHANES 2017-2018,https://wwwn.cdc.gov/Nchs/Data/Nhanes/Public/2017/DataFiles/BMX_J.htm,2017-2018,female,30,39,waist_cm,75,108.5,cm,420,20637185.7116,BMX_J,BMXWAIST,"Weighted with WTMEC2YR. DXA metrics require DXAEXSTS=1 and region invalidity flags where applicable. US population reference; use for scale, not as an athlete-specific ideal."
nhanes-2017-2018-female-30-39-waist_cm-p90,NHANES 2017-2018,https://wwwn.cdc.gov/Nchs/Data/Nhanes/Public/2017/DataFiles/BMX_J.htm,2017-2018,female,30,39,waist_cm,90,122.5,cm,420,20637185.7116,BMX_J,BMXWAIST,"Weighted with WTMEC2YR. DXA metrics require DXAEXSTS=1 and region invalidity flags where applicable. US population reference; use for scale, not as an athlete-specific ideal."
nhanes-2017-2018-female-30-39-waist_cm-p95,NHANES 2017-2018,https://wwwn.cdc.gov/Nchs/Data/Nhanes/Public/2017/DataFiles/BMX_J.htm,2017-2018,female,30,39,waist_cm,95,136.6,cm,420,20637185.7116,BMX_J,BMXWAIST,"Weighted with WTMEC2YR. DXA metrics require DXAEXSTS=1 and region invalidity flags where applicable. US population reference; use for scale, not as an athlete-specific ideal."
nhanes-2017-2018-female-40-49-waist_cm-p5,NHANES 2017-2018,https://wwwn.cdc.gov/Nchs/Data/Nhanes/Public/2017/DataFiles/BMX_J.htm,2017-2018,female,40,49,waist_cm,5,77.2,cm,385,18400240.4416,BMX_J,BMXWAIST,"Weighted with WTMEC2YR. DXA metrics require DXAEXSTS=1 and region invalidity flags where applicable. US population reference; use for scale, not as an athlete-specific ideal."
nhanes-2017-2018-female-40-49-waist_cm-p10,NHANES 2017-2018,https://wwwn.cdc.gov/Nchs/Data/Nhanes/Public/2017/DataFiles/BMX_J.htm,2017-2018,female,40,49,waist_cm,10,80.2,cm,385,18400240.4416,BMX_J,BMXWAIST,"Weighted with WTMEC2YR. DXA metrics require DXAEXSTS=1 and region invalidity flags where applicable. US population reference; use for scale, not as an athlete-specific ideal."
nhanes-2017-2018-female-40-49-waist_cm-p25,NHANES 2017-2018,https://wwwn.cdc.gov/Nchs/Data/Nhanes/Public/2017/DataFiles/BMX_J.htm,2017-2018,female,40,49,waist_cm,25,86.1,cm,385,18400240.4416,BMX_J,BMXWAIST,"Weighted with WTMEC2YR. DXA metrics require DXAEXSTS=1 and region invalidity flags where applicable. US population reference; use for scale, not as an athlete-specific ideal."
nhanes-2017-2018-female-40-49-waist_cm-p50,NHANES 2017-2018,https://wwwn.cdc.gov/Nchs/Data/Nhanes/Public/2017/DataFiles/BMX_J.htm,2017-2018,female,40,49,waist_cm,50,96.1,cm,385,18400240.4416,BMX_J,BMXWAIST,"Weighted with WTMEC2YR. DXA metrics require DXAEXSTS=1 and region invalidity flags where applicable. US population reference; use for scale, not as an athlete-specific ideal."
nhanes-2017-2018-female-40-49-waist_cm-p75,NHANES 2017-2018,https://wwwn.cdc.gov/Nchs/Data/Nhanes/Public/2017/DataFiles/BMX_J.htm,2017-2018,female,40,49,waist_cm,75,110.4,cm,385,18400240.4416,BMX_J,BMXWAIST,"Weighted with WTMEC2YR. DXA metrics require DXAEXSTS=1 and region invalidity flags where applicable. US population reference; use for scale, not as an athlete-specific ideal."
nhanes-2017-2018-female-40-49-waist_cm-p90,NHANES 2017-2018,https://wwwn.cdc.gov/Nchs/Data/Nhanes/Public/2017/DataFiles/BMX_J.htm,2017-2018,female,40,49,waist_cm,90,128.2,cm,385,18400240.4416,BMX_J,BMXWAIST,"Weighted with WTMEC2YR. DXA metrics require DXAEXSTS=1 and region invalidity flags where applicable. US population reference; use for scale, not as an athlete-specific ideal."
nhanes-2017-2018-female-40-49-waist_cm-p95,NHANES 2017-2018,https://wwwn.cdc.gov/Nchs/Data/Nhanes/Public/2017/DataFiles/BMX_J.htm,2017-2018,female,40,49,waist_cm,95,134.0,cm,385,18400240.4416,BMX_J,BMXWAIST,"Weighted with WTMEC2YR. DXA metrics require DXAEXSTS=1 and region invalidity flags where applicable. US population reference; use for scale, not as an athlete-specific ideal."
nhanes-2017-2018-female-50-59-waist_cm-p5,NHANES 2017-2018,https://wwwn.cdc.gov/Nchs/Data/Nhanes/Public/2017/DataFiles/BMX_J.htm,2017-2018,female,50,59,waist_cm,5,72.2,cm,449,22362077.7408,BMX_J,BMXWAIST,"Weighted with WTMEC2YR. DXA metrics require DXAEXSTS=1 and region invalidity flags where applicable. US population reference; use for scale, not as an athlete-specific ideal."
nhanes-2017-2018-female-50-59-waist_cm-p10,NHANES 2017-2018,https://wwwn.cdc.gov/Nchs/Data/Nhanes/Public/2017/DataFiles/BMX_J.htm,2017-2018,female,50,59,waist_cm,10,75.5,cm,449,22362077.7408,BMX_J,BMXWAIST,"Weighted with WTMEC2YR. DXA metrics require DXAEXSTS=1 and region invalidity flags where applicable. US population reference; use for scale, not as an athlete-specific ideal."
nhanes-2017-2018-female-50-59-waist_cm-p25,NHANES 2017-2018,https://wwwn.cdc.gov/Nchs/Data/Nhanes/Public/2017/DataFiles/BMX_J.htm,2017-2018,female,50,59,waist_cm,25,84.6,cm,449,22362077.7408,BMX_J,BMXWAIST,"Weighted with WTMEC2YR. DXA metrics require DXAEXSTS=1 and region invalidity flags where applicable. US population reference; use for scale, not as an athlete-specific ideal."
nhanes-2017-2018-female-50-59-waist_cm-p50,NHANES 2017-2018,https://wwwn.cdc.gov/Nchs/Data/Nhanes/Public/2017/DataFiles/BMX_J.htm,2017-2018,female,50,59,waist_cm,50,96.6,cm,449,22362077.7408,BMX_J,BMXWAIST,"Weighted with WTMEC2YR. DXA metrics require DXAEXSTS=1 and region invalidity flags where applicable. US population reference; use for scale, not as an athlete-specific ideal."
nhanes-2017-2018-female-50-59-waist_cm-p75,NHANES 2017-2018,https://wwwn.cdc.gov/Nchs/Data/Nhanes/Public/2017/DataFiles/BMX_J.htm,2017-2018,female,50,59,waist_cm,75,110.5,cm,449,22362077.7408,BMX_J,BMXWAIST,"Weighted with WTMEC2YR. DXA metrics require DXAEXSTS=1 and region invalidity flags where applicable. US population reference; use for scale, not as an athlete-specific ideal."
nhanes-2017-2018-female-50-59-waist_cm-p90,NHANES 2017-2018,https://wwwn.cdc.gov/Nchs/Data/Nhanes/Public/2017/DataFiles/BMX_J.htm,2017-2018,female,50,59,waist_cm,90,123.8,cm,449,22362077.7408,BMX_J,BMXWAIST,"Weighted with WTMEC2YR. DXA metrics require DXAEXSTS=1 and region invalidity flags where applicable. US population reference; use for scale, not as an athlete-specific ideal."
nhanes-2017-2018-female-50-59-waist_cm-p95,NHANES 2017-2018,https://wwwn.cdc.gov/Nchs/Data/Nhanes/Public/2017/DataFiles/BMX_J.htm,2017-2018,female,50,59,waist_cm,95,127.3,cm,449,22362077.7408,BMX_J,BMXWAIST,"Weighted with WTMEC2YR. DXA metrics require DXAEXSTS=1 and region invalidity flags where applicable. US population reference; use for scale, not as an athlete-specific ideal."
nhanes-2017-2018-female-18-59-waist_cm-p5,NHANES 2017-2018,https://wwwn.cdc.gov/Nchs/Data/Nhanes/Public/2017/DataFiles/BMX_J.htm,2017-2018,female,18,59,waist_cm,5,71.4,cm,1752,85718509.5489,BMX_J,BMXWAIST,"Weighted with WTMEC2YR. DXA metrics require DXAEXSTS=1 and region invalidity flags where applicable. US population reference; use for scale, not as an athlete-specific ideal."
nhanes-2017-2018-female-18-59-waist_cm-p10,NHANES 2017-2018,https://wwwn.cdc.gov/Nchs/Data/Nhanes/Public/2017/DataFiles/BMX_J.htm,2017-2018,female,18,59,waist_cm,10,74.1,cm,1752,85718509.5489,BMX_J,BMXWAIST,"Weighted with WTMEC2YR. DXA metrics require DXAEXSTS=1 and region invalidity flags where applicable. US population reference; use for scale, not as an athlete-specific ideal."
nhanes-2017-2018-female-18-59-waist_cm-p25,NHANES 2017-2018,https://wwwn.cdc.gov/Nchs/Data/Nhanes/Public/2017/DataFiles/BMX_J.htm,2017-2018,female,18,59,waist_cm,25,82.5,cm,1752,85718509.5489,BMX_J,BMXWAIST,"Weighted with WTMEC2YR. DXA metrics require DXAEXSTS=1 and region invalidity flags where applicable. US population reference; use for scale, not as an athlete-specific ideal."
nhanes-2017-2018-female-18-59-waist_cm-p50,NHANES 2017-2018,https://wwwn.cdc.gov/Nchs/Data/Nhanes/Public/2017/DataFiles/BMX_J.htm,2017-2018,female,18,59,waist_cm,50,94.2,cm,1752,85718509.5489,BMX_J,BMXWAIST,"Weighted with WTMEC2YR. DXA metrics require DXAEXSTS=1 and region invalidity flags where applicable. US population reference; use for scale, not as an athlete-specific ideal."
nhanes-2017-2018-female-18-59-waist_cm-p75,NHANES 2017-2018,https://wwwn.cdc.gov/Nchs/Data/Nhanes/Public/2017/DataFiles/BMX_J.htm,2017-2018,female,18,59,waist_cm,75,108.6,cm,1752,85718509.5489,BMX_J,BMXWAIST,"Weighted with WTMEC2YR. DXA metrics require DXAEXSTS=1 and region invalidity flags where applicable. US population reference; use for scale, not as an athlete-specific ideal."
nhanes-2017-2018-female-18-59-waist_cm-p90,NHANES 2017-2018,https://wwwn.cdc.gov/Nchs/Data/Nhanes/Public/2017/DataFiles/BMX_J.htm,2017-2018,female,18,59,waist_cm,90,123.8,cm,1752,85718509.5489,BMX_J,BMXWAIST,"Weighted with WTMEC2YR. DXA metrics require DXAEXSTS=1 and region invalidity flags where applicable. US population reference; use for scale, not as an athlete-specific ideal."
nhanes-2017-2018-female-18-59-waist_cm-p95,NHANES 2017-2018,https://wwwn.cdc.gov/Nchs/Data/Nhanes/Public/2017/DataFiles/BMX_J.htm,2017-2018,female,18,59,waist_cm,95,130.5,cm,1752,85718509.5489,BMX_J,BMXWAIST,"Weighted with WTMEC2YR. DXA metrics require DXAEXSTS=1 and region invalidity flags where applicable. US population reference; use for scale, not as an athlete-specific ideal."
nhanes-2017-2018-male-18-29-hip_cm-p5,NHANES 2017-2018,https://wwwn.cdc.gov/Nchs/Data/Nhanes/Public/2017/DataFiles/BMX_J.htm,2017-2018,male,18,29,hip_cm,5,86.0,cm,490,25539350.118,BMX_J,BMXHIP,"Weighted with WTMEC2YR. DXA metrics require DXAEXSTS=1 and region invalidity flags where applicable. US population reference; use for scale, not as an athlete-specific ideal."
nhanes-2017-2018-male-18-29-hip_cm-p10,NHANES 2017-2018,https://wwwn.cdc.gov/Nchs/Data/Nhanes/Public/2017/DataFiles/BMX_J.htm,2017-2018,male,18,29,hip_cm,10,88.8,cm,490,25539350.118,BMX_J,BMXHIP,"Weighted with WTMEC2YR. DXA metrics require DXAEXSTS=1 and region invalidity flags where applicable. US population reference; use for scale, not as an athlete-specific ideal."
nhanes-2017-2018-male-18-29-hip_cm-p25,NHANES 2017-2018,https://wwwn.cdc.gov/Nchs/Data/Nhanes/Public/2017/DataFiles/BMX_J.htm,2017-2018,male,18,29,hip_cm,25,93.5,cm,490,25539350.118,BMX_J,BMXHIP,"Weighted with WTMEC2YR. DXA metrics require DXAEXSTS=1 and region invalidity flags where applicable. US population reference; use for scale, not as an athlete-specific ideal."
nhanes-2017-2018-male-18-29-hip_cm-p50,NHANES 2017-2018,https://wwwn.cdc.gov/Nchs/Data/Nhanes/Public/2017/DataFiles/BMX_J.htm,2017-2018,male,18,29,hip_cm,50,101.0,cm,490,25539350.118,BMX_J,BMXHIP,"Weighted with WTMEC2YR. DXA metrics require DXAEXSTS=1 and region invalidity flags where applicable. US population reference; use for scale, not as an athlete-specific ideal."
nhanes-2017-2018-male-18-29-hip_cm-p75,NHANES 2017-2018,https://wwwn.cdc.gov/Nchs/Data/Nhanes/Public/2017/DataFiles/BMX_J.htm,2017-2018,male,18,29,hip_cm,75,109.9,cm,490,25539350.118,BMX_J,BMXHIP,"Weighted with WTMEC2YR. DXA metrics require DXAEXSTS=1 and region invalidity flags where applicable. US population reference; use for scale, not as an athlete-specific ideal."
nhanes-2017-2018-male-18-29-hip_cm-p90,NHANES 2017-2018,https://wwwn.cdc.gov/Nchs/Data/Nhanes/Public/2017/DataFiles/BMX_J.htm,2017-2018,male,18,29,hip_cm,90,119.6,cm,490,25539350.118,BMX_J,BMXHIP,"Weighted with WTMEC2YR. DXA metrics require DXAEXSTS=1 and region invalidity flags where applicable. US population reference; use for scale, not as an athlete-specific ideal."
nhanes-2017-2018-male-18-29-hip_cm-p95,NHANES 2017-2018,https://wwwn.cdc.gov/Nchs/Data/Nhanes/Public/2017/DataFiles/BMX_J.htm,2017-2018,male,18,29,hip_cm,95,125.0,cm,490,25539350.118,BMX_J,BMXHIP,"Weighted with WTMEC2YR. DXA metrics require DXAEXSTS=1 and region invalidity flags where applicable. US population reference; use for scale, not as an athlete-specific ideal."
nhanes-2017-2018-male-30-39-hip_cm-p5,NHANES 2017-2018,https://wwwn.cdc.gov/Nchs/Data/Nhanes/Public/2017/DataFiles/BMX_J.htm,2017-2018,male,30,39,hip_cm,5,91.4,cm,347,19838709.6925,BMX_J,BMXHIP,"Weighted with WTMEC2YR. DXA metrics require DXAEXSTS=1 and region invalidity flags where applicable. US population reference; use for scale, not as an athlete-specific ideal."
nhanes-2017-2018-male-30-39-hip_cm-p10,NHANES 2017-2018,https://wwwn.cdc.gov/Nchs/Data/Nhanes/Public/2017/DataFiles/BMX_J.htm,2017-2018,male,30,39,hip_cm,10,94.7,cm,347,19838709.6925,BMX_J,BMXHIP,"Weighted with WTMEC2YR. DXA metrics require DXAEXSTS=1 and region invalidity flags where applicable. US population reference; use for scale, not as an athlete-specific ideal."
nhanes-2017-2018-male-30-39-hip_cm-p25,NHANES 2017-2018,https://wwwn.cdc.gov/Nchs/Data/Nhanes/Public/2017/DataFiles/BMX_J.htm,2017-2018,male,30,39,hip_cm,25,99.3,cm,347,19838709.6925,BMX_J,BMXHIP,"Weighted with WTMEC2YR. DXA metrics require DXAEXSTS=1 and region invalidity flags where applicable. US population reference; use for scale, not as an athlete-specific ideal."
nhanes-2017-2018-male-30-39-hip_cm-p50,NHANES 2017-2018,https://wwwn.cdc.gov/Nchs/Data/Nhanes/Public/2017/DataFiles/BMX_J.htm,2017-2018,male,30,39,hip_cm,50,104.9,cm,347,19838709.6925,BMX_J,BMXHIP,"Weighted with WTMEC2YR. DXA metrics require DXAEXSTS=1 and region invalidity flags where applicable. US population reference; use for scale, not as an athlete-specific ideal."
nhanes-2017-2018-male-30-39-hip_cm-p75,NHANES 2017-2018,https://wwwn.cdc.gov/Nchs/Data/Nhanes/Public/2017/DataFiles/BMX_J.htm,2017-2018,male,30,39,hip_cm,75,111.8,cm,347,19838709.6925,BMX_J,BMXHIP,"Weighted with WTMEC2YR. DXA metrics require DXAEXSTS=1 and region invalidity flags where applicable. US population reference; use for scale, not as an athlete-specific ideal."
nhanes-2017-2018-male-30-39-hip_cm-p90,NHANES 2017-2018,https://wwwn.cdc.gov/Nchs/Data/Nhanes/Public/2017/DataFiles/BMX_J.htm,2017-2018,male,30,39,hip_cm,90,124.7,cm,347,19838709.6925,BMX_J,BMXHIP,"Weighted with WTMEC2YR. DXA metrics require DXAEXSTS=1 and region invalidity flags where applicable. US population reference; use for scale, not as an athlete-specific ideal."
nhanes-2017-2018-male-30-39-hip_cm-p95,NHANES 2017-2018,https://wwwn.cdc.gov/Nchs/Data/Nhanes/Public/2017/DataFiles/BMX_J.htm,2017-2018,male,30,39,hip_cm,95,127.7,cm,347,19838709.6925,BMX_J,BMXHIP,"Weighted with WTMEC2YR. DXA metrics require DXAEXSTS=1 and region invalidity flags where applicable. US population reference; use for scale, not as an athlete-specific ideal."
nhanes-2017-2018-male-40-49-hip_cm-p5,NHANES 2017-2018,https://wwwn.cdc.gov/Nchs/Data/Nhanes/Public/2017/DataFiles/BMX_J.htm,2017-2018,male,40,49,hip_cm,5,91.2,cm,357,18674401.6157,BMX_J,BMXHIP,"Weighted with WTMEC2YR. DXA metrics require DXAEXSTS=1 and region invalidity flags where applicable. US population reference; use for scale, not as an athlete-specific ideal."
nhanes-2017-2018-male-40-49-hip_cm-p10,NHANES 2017-2018,https://wwwn.cdc.gov/Nchs/Data/Nhanes/Public/2017/DataFiles/BMX_J.htm,2017-2018,male,40,49,hip_cm,10,93.9,cm,357,18674401.6157,BMX_J,BMXHIP,"Weighted with WTMEC2YR. DXA metrics require DXAEXSTS=1 and region invalidity flags where applicable. US population reference; use for scale, not as an athlete-specific ideal."
nhanes-2017-2018-male-40-49-hip_cm-p25,NHANES 2017-2018,https://wwwn.cdc.gov/Nchs/Data/Nhanes/Public/2017/DataFiles/BMX_J.htm,2017-2018,male,40,49,hip_cm,25,99.2,cm,357,18674401.6157,BMX_J,BMXHIP,"Weighted with WTMEC2YR. DXA metrics require DXAEXSTS=1 and region invalidity flags where applicable. US population reference; use for scale, not as an athlete-specific ideal."
nhanes-2017-2018-male-40-49-hip_cm-p50,NHANES 2017-2018,https://wwwn.cdc.gov/Nchs/Data/Nhanes/Public/2017/DataFiles/BMX_J.htm,2017-2018,male,40,49,hip_cm,50,105.8,cm,357,18674401.6157,BMX_J,BMXHIP,"Weighted with WTMEC2YR. DXA metrics require DXAEXSTS=1 and region invalidity flags where applicable. US population reference; use for scale, not as an athlete-specific ideal."
nhanes-2017-2018-male-40-49-hip_cm-p75,NHANES 2017-2018,https://wwwn.cdc.gov/Nchs/Data/Nhanes/Public/2017/DataFiles/BMX_J.htm,2017-2018,male,40,49,hip_cm,75,115.4,cm,357,18674401.6157,BMX_J,BMXHIP,"Weighted with WTMEC2YR. DXA metrics require DXAEXSTS=1 and region invalidity flags where applicable. US population reference; use for scale, not as an athlete-specific ideal."
nhanes-2017-2018-male-40-49-hip_cm-p90,NHANES 2017-2018,https://wwwn.cdc.gov/Nchs/Data/Nhanes/Public/2017/DataFiles/BMX_J.htm,2017-2018,male,40,49,hip_cm,90,122.1,cm,357,18674401.6157,BMX_J,BMXHIP,"Weighted with WTMEC2YR. DXA metrics require DXAEXSTS=1 and region invalidity flags where applicable. US population reference; use for scale, not as an athlete-specific ideal."
nhanes-2017-2018-male-40-49-hip_cm-p95,NHANES 2017-2018,https://wwwn.cdc.gov/Nchs/Data/Nhanes/Public/2017/DataFiles/BMX_J.htm,2017-2018,male,40,49,hip_cm,95,127.6,cm,357,18674401.6157,BMX_J,BMXHIP,"Weighted with WTMEC2YR. DXA metrics require DXAEXSTS=1 and region invalidity flags where applicable. US population reference; use for scale, not as an athlete-specific ideal."
nhanes-2017-2018-male-50-59-hip_cm-p5,NHANES 2017-2018,https://wwwn.cdc.gov/Nchs/Data/Nhanes/Public/2017/DataFiles/BMX_J.htm,2017-2018,male,50,59,hip_cm,5,90.1,cm,390,20320897.5889,BMX_J,BMXHIP,"Weighted with WTMEC2YR. DXA metrics require DXAEXSTS=1 and region invalidity flags where applicable. US population reference; use for scale, not as an athlete-specific ideal."
nhanes-2017-2018-male-50-59-hip_cm-p10,NHANES 2017-2018,https://wwwn.cdc.gov/Nchs/Data/Nhanes/Public/2017/DataFiles/BMX_J.htm,2017-2018,male,50,59,hip_cm,10,94.3,cm,390,20320897.5889,BMX_J,BMXHIP,"Weighted with WTMEC2YR. DXA metrics require DXAEXSTS=1 and region invalidity flags where applicable. US population reference; use for scale, not as an athlete-specific ideal."
nhanes-2017-2018-male-50-59-hip_cm-p25,NHANES 2017-2018,https://wwwn.cdc.gov/Nchs/Data/Nhanes/Public/2017/DataFiles/BMX_J.htm,2017-2018,male,50,59,hip_cm,25,97.2,cm,390,20320897.5889,BMX_J,BMXHIP,"Weighted with WTMEC2YR. DXA metrics require DXAEXSTS=1 and region invalidity flags where applicable. US population reference; use for scale, not as an athlete-specific ideal."
nhanes-2017-2018-male-50-59-hip_cm-p50,NHANES 2017-2018,https://wwwn.cdc.gov/Nchs/Data/Nhanes/Public/2017/DataFiles/BMX_J.htm,2017-2018,male,50,59,hip_cm,50,104.2,cm,390,20320897.5889,BMX_J,BMXHIP,"Weighted with WTMEC2YR. DXA metrics require DXAEXSTS=1 and region invalidity flags where applicable. US population reference; use for scale, not as an athlete-specific ideal."
nhanes-2017-2018-male-50-59-hip_cm-p75,NHANES 2017-2018,https://wwwn.cdc.gov/Nchs/Data/Nhanes/Public/2017/DataFiles/BMX_J.htm,2017-2018,male,50,59,hip_cm,75,110.2,cm,390,20320897.5889,BMX_J,BMXHIP,"Weighted with WTMEC2YR. DXA metrics require DXAEXSTS=1 and region invalidity flags where applicable. US population reference; use for scale, not as an athlete-specific ideal."
nhanes-2017-2018-male-50-59-hip_cm-p90,NHANES 2017-2018,https://wwwn.cdc.gov/Nchs/Data/Nhanes/Public/2017/DataFiles/BMX_J.htm,2017-2018,male,50,59,hip_cm,90,125.3,cm,390,20320897.5889,BMX_J,BMXHIP,"Weighted with WTMEC2YR. DXA metrics require DXAEXSTS=1 and region invalidity flags where applicable. US population reference; use for scale, not as an athlete-specific ideal."
nhanes-2017-2018-male-50-59-hip_cm-p95,NHANES 2017-2018,https://wwwn.cdc.gov/Nchs/Data/Nhanes/Public/2017/DataFiles/BMX_J.htm,2017-2018,male,50,59,hip_cm,95,131.6,cm,390,20320897.5889,BMX_J,BMXHIP,"Weighted with WTMEC2YR. DXA metrics require DXAEXSTS=1 and region invalidity flags where applicable. US population reference; use for scale, not as an athlete-specific ideal."
nhanes-2017-2018-male-18-59-hip_cm-p5,NHANES 2017-2018,https://wwwn.cdc.gov/Nchs/Data/Nhanes/Public/2017/DataFiles/BMX_J.htm,2017-2018,male,18,59,hip_cm,5,88.5,cm,1584,84373359.0151,BMX_J,BMXHIP,"Weighted with WTMEC2YR. DXA metrics require DXAEXSTS=1 and region invalidity flags where applicable. US population reference; use for scale, not as an athlete-specific ideal."
nhanes-2017-2018-male-18-59-hip_cm-p10,NHANES 2017-2018,https://wwwn.cdc.gov/Nchs/Data/Nhanes/Public/2017/DataFiles/BMX_J.htm,2017-2018,male,18,59,hip_cm,10,92.2,cm,1584,84373359.0151,BMX_J,BMXHIP,"Weighted with WTMEC2YR. DXA metrics require DXAEXSTS=1 and region invalidity flags where applicable. US population reference; use for scale, not as an athlete-specific ideal."
nhanes-2017-2018-male-18-59-hip_cm-p25,NHANES 2017-2018,https://wwwn.cdc.gov/Nchs/Data/Nhanes/Public/2017/DataFiles/BMX_J.htm,2017-2018,male,18,59,hip_cm,25,97.1,cm,1584,84373359.0151,BMX_J,BMXHIP,"Weighted with WTMEC2YR. DXA metrics require DXAEXSTS=1 and region invalidity flags where applicable. US population reference; use for scale, not as an athlete-specific ideal."
nhanes-2017-2018-male-18-59-hip_cm-p50,NHANES 2017-2018,https://wwwn.cdc.gov/Nchs/Data/Nhanes/Public/2017/DataFiles/BMX_J.htm,2017-2018,male,18,59,hip_cm,50,103.8,cm,1584,84373359.0151,BMX_J,BMXHIP,"Weighted with WTMEC2YR. DXA metrics require DXAEXSTS=1 and region invalidity flags where applicable. US population reference; use for scale, not as an athlete-specific ideal."
nhanes-2017-2018-male-18-59-hip_cm-p75,NHANES 2017-2018,https://wwwn.cdc.gov/Nchs/Data/Nhanes/Public/2017/DataFiles/BMX_J.htm,2017-2018,male,18,59,hip_cm,75,111.7,cm,1584,84373359.0151,BMX_J,BMXHIP,"Weighted with WTMEC2YR. DXA metrics require DXAEXSTS=1 and region invalidity flags where applicable. US population reference; use for scale, not as an athlete-specific ideal."
nhanes-2017-2018-male-18-59-hip_cm-p90,NHANES 2017-2018,https://wwwn.cdc.gov/Nchs/Data/Nhanes/Public/2017/DataFiles/BMX_J.htm,2017-2018,male,18,59,hip_cm,90,122.1,cm,1584,84373359.0151,BMX_J,BMXHIP,"Weighted with WTMEC2YR. DXA metrics require DXAEXSTS=1 and region invalidity flags where applicable. US population reference; use for scale, not as an athlete-specific ideal."
nhanes-2017-2018-male-18-59-hip_cm-p95,NHANES 2017-2018,https://wwwn.cdc.gov/Nchs/Data/Nhanes/Public/2017/DataFiles/BMX_J.htm,2017-2018,male,18,59,hip_cm,95,127.7,cm,1584,84373359.0151,BMX_J,BMXHIP,"Weighted with WTMEC2YR. DXA metrics require DXAEXSTS=1 and region invalidity flags where applicable. US population reference; use for scale, not as an athlete-specific ideal."
nhanes-2017-2018-female-18-29-hip_cm-p5,NHANES 2017-2018,https://wwwn.cdc.gov/Nchs/Data/Nhanes/Public/2017/DataFiles/BMX_J.htm,2017-2018,female,18,29,hip_cm,5,87.0,cm,502,24673762.2047,BMX_J,BMXHIP,"Weighted with WTMEC2YR. DXA metrics require DXAEXSTS=1 and region invalidity flags where applicable. US population reference; use for scale, not as an athlete-specific ideal."
nhanes-2017-2018-female-18-29-hip_cm-p10,NHANES 2017-2018,https://wwwn.cdc.gov/Nchs/Data/Nhanes/Public/2017/DataFiles/BMX_J.htm,2017-2018,female,18,29,hip_cm,10,89.0,cm,502,24673762.2047,BMX_J,BMXHIP,"Weighted with WTMEC2YR. DXA metrics require DXAEXSTS=1 and region invalidity flags where applicable. US population reference; use for scale, not as an athlete-specific ideal."
nhanes-2017-2018-female-18-29-hip_cm-p25,NHANES 2017-2018,https://wwwn.cdc.gov/Nchs/Data/Nhanes/Public/2017/DataFiles/BMX_J.htm,2017-2018,female,18,29,hip_cm,25,94.7,cm,502,24673762.2047,BMX_J,BMXHIP,"Weighted with WTMEC2YR. DXA metrics require DXAEXSTS=1 and region invalidity flags where applicable. US population reference; use for scale, not as an athlete-specific ideal."
nhanes-2017-2018-female-18-29-hip_cm-p50,NHANES 2017-2018,https://wwwn.cdc.gov/Nchs/Data/Nhanes/Public/2017/DataFiles/BMX_J.htm,2017-2018,female,18,29,hip_cm,50,102.8,cm,502,24673762.2047,BMX_J,BMXHIP,"Weighted with WTMEC2YR. DXA metrics require DXAEXSTS=1 and region invalidity flags where applicable. US population reference; use for scale, not as an athlete-specific ideal."
nhanes-2017-2018-female-18-29-hip_cm-p75,NHANES 2017-2018,https://wwwn.cdc.gov/Nchs/Data/Nhanes/Public/2017/DataFiles/BMX_J.htm,2017-2018,female,18,29,hip_cm,75,115.2,cm,502,24673762.2047,BMX_J,BMXHIP,"Weighted with WTMEC2YR. DXA metrics require DXAEXSTS=1 and region invalidity flags where applicable. US population reference; use for scale, not as an athlete-specific ideal."
nhanes-2017-2018-female-18-29-hip_cm-p90,NHANES 2017-2018,https://wwwn.cdc.gov/Nchs/Data/Nhanes/Public/2017/DataFiles/BMX_J.htm,2017-2018,female,18,29,hip_cm,90,127.8,cm,502,24673762.2047,BMX_J,BMXHIP,"Weighted with WTMEC2YR. DXA metrics require DXAEXSTS=1 and region invalidity flags where applicable. US population reference; use for scale, not as an athlete-specific ideal."
nhanes-2017-2018-female-18-29-hip_cm-p95,NHANES 2017-2018,https://wwwn.cdc.gov/Nchs/Data/Nhanes/Public/2017/DataFiles/BMX_J.htm,2017-2018,female,18,29,hip_cm,95,134.6,cm,502,24673762.2047,BMX_J,BMXHIP,"Weighted with WTMEC2YR. DXA metrics require DXAEXSTS=1 and region invalidity flags where applicable. US population reference; use for scale, not as an athlete-specific ideal."
nhanes-2017-2018-female-30-39-hip_cm-p5,NHANES 2017-2018,https://wwwn.cdc.gov/Nchs/Data/Nhanes/Public/2017/DataFiles/BMX_J.htm,2017-2018,female,30,39,hip_cm,5,89.3,cm,422,20735975.5203,BMX_J,BMXHIP,"Weighted with WTMEC2YR. DXA metrics require DXAEXSTS=1 and region invalidity flags where applicable. US population reference; use for scale, not as an athlete-specific ideal."
nhanes-2017-2018-female-30-39-hip_cm-p10,NHANES 2017-2018,https://wwwn.cdc.gov/Nchs/Data/Nhanes/Public/2017/DataFiles/BMX_J.htm,2017-2018,female,30,39,hip_cm,10,91.4,cm,422,20735975.5203,BMX_J,BMXHIP,"Weighted with WTMEC2YR. DXA metrics require DXAEXSTS=1 and region invalidity flags where applicable. US population reference; use for scale, not as an athlete-specific ideal."
nhanes-2017-2018-female-30-39-hip_cm-p25,NHANES 2017-2018,https://wwwn.cdc.gov/Nchs/Data/Nhanes/Public/2017/DataFiles/BMX_J.htm,2017-2018,female,30,39,hip_cm,25,98.3,cm,422,20735975.5203,BMX_J,BMXHIP,"Weighted with WTMEC2YR. DXA metrics require DXAEXSTS=1 and region invalidity flags where applicable. US population reference; use for scale, not as an athlete-specific ideal."
nhanes-2017-2018-female-30-39-hip_cm-p50,NHANES 2017-2018,https://wwwn.cdc.gov/Nchs/Data/Nhanes/Public/2017/DataFiles/BMX_J.htm,2017-2018,female,30,39,hip_cm,50,107.4,cm,422,20735975.5203,BMX_J,BMXHIP,"Weighted with WTMEC2YR. DXA metrics require DXAEXSTS=1 and region invalidity flags where applicable. US population reference; use for scale, not as an athlete-specific ideal."
nhanes-2017-2018-female-30-39-hip_cm-p75,NHANES 2017-2018,https://wwwn.cdc.gov/Nchs/Data/Nhanes/Public/2017/DataFiles/BMX_J.htm,2017-2018,female,30,39,hip_cm,75,119.1,cm,422,20735975.5203,BMX_J,BMXHIP,"Weighted with WTMEC2YR. DXA metrics require DXAEXSTS=1 and region invalidity flags where applicable. US population reference; use for scale, not as an athlete-specific ideal."
nhanes-2017-2018-female-30-39-hip_cm-p90,NHANES 2017-2018,https://wwwn.cdc.gov/Nchs/Data/Nhanes/Public/2017/DataFiles/BMX_J.htm,2017-2018,female,30,39,hip_cm,90,135.3,cm,422,20735975.5203,BMX_J,BMXHIP,"Weighted with WTMEC2YR. DXA metrics require DXAEXSTS=1 and region invalidity flags where applicable. US population reference; use for scale, not as an athlete-specific ideal."
nhanes-2017-2018-female-30-39-hip_cm-p95,NHANES 2017-2018,https://wwwn.cdc.gov/Nchs/Data/Nhanes/Public/2017/DataFiles/BMX_J.htm,2017-2018,female,30,39,hip_cm,95,142.2,cm,422,20735975.5203,BMX_J,BMXHIP,"Weighted with WTMEC2YR. DXA metrics require DXAEXSTS=1 and region invalidity flags where applicable. US population reference; use for scale, not as an athlete-specific ideal."
nhanes-2017-2018-female-40-49-hip_cm-p5,NHANES 2017-2018,https://wwwn.cdc.gov/Nchs/Data/Nhanes/Public/2017/DataFiles/BMX_J.htm,2017-2018,female,40,49,hip_cm,5,90.5,cm,387,18453166.2258,BMX_J,BMXHIP,"Weighted with WTMEC2YR. DXA metrics require DXAEXSTS=1 and region invalidity flags where applicable. US population reference; use for scale, not as an athlete-specific ideal."
nhanes-2017-2018-female-40-49-hip_cm-p10,NHANES 2017-2018,https://wwwn.cdc.gov/Nchs/Data/Nhanes/Public/2017/DataFiles/BMX_J.htm,2017-2018,female,40,49,hip_cm,10,94.9,cm,387,18453166.2258,BMX_J,BMXHIP,"Weighted with WTMEC2YR. DXA metrics require DXAEXSTS=1 and region invalidity flags where applicable. US population reference; use for scale, not as an athlete-specific ideal."
nhanes-2017-2018-female-40-49-hip_cm-p25,NHANES 2017-2018,https://wwwn.cdc.gov/Nchs/Data/Nhanes/Public/2017/DataFiles/BMX_J.htm,2017-2018,female,40,49,hip_cm,25,101.1,cm,387,18453166.2258,BMX_J,BMXHIP,"Weighted with WTMEC2YR. DXA metrics require DXAEXSTS=1 and region invalidity flags where applicable. US population reference; use for scale, not as an athlete-specific ideal."
nhanes-2017-2018-female-40-49-hip_cm-p50,NHANES 2017-2018,https://wwwn.cdc.gov/Nchs/Data/Nhanes/Public/2017/DataFiles/BMX_J.htm,2017-2018,female,40,49,hip_cm,50,108.9,cm,387,18453166.2258,BMX_J,BMXHIP,"Weighted with WTMEC2YR. DXA metrics require DXAEXSTS=1 and region invalidity flags where applicable. US population reference; use for scale, not as an athlete-specific ideal."
nhanes-2017-2018-female-40-49-hip_cm-p75,NHANES 2017-2018,https://wwwn.cdc.gov/Nchs/Data/Nhanes/Public/2017/DataFiles/BMX_J.htm,2017-2018,female,40,49,hip_cm,75,121.9,cm,387,18453166.2258,BMX_J,BMXHIP,"Weighted with WTMEC2YR. DXA metrics require DXAEXSTS=1 and region invalidity flags where applicable. US population reference; use for scale, not as an athlete-specific ideal."
nhanes-2017-2018-female-40-49-hip_cm-p90,NHANES 2017-2018,https://wwwn.cdc.gov/Nchs/Data/Nhanes/Public/2017/DataFiles/BMX_J.htm,2017-2018,female,40,49,hip_cm,90,137.0,cm,387,18453166.2258,BMX_J,BMXHIP,"Weighted with WTMEC2YR. DXA metrics require DXAEXSTS=1 and region invalidity flags where applicable. US population reference; use for scale, not as an athlete-specific ideal."
nhanes-2017-2018-female-40-49-hip_cm-p95,NHANES 2017-2018,https://wwwn.cdc.gov/Nchs/Data/Nhanes/Public/2017/DataFiles/BMX_J.htm,2017-2018,female,40,49,hip_cm,95,144.0,cm,387,18453166.2258,BMX_J,BMXHIP,"Weighted with WTMEC2YR. DXA metrics require DXAEXSTS=1 and region invalidity flags where applicable. US population reference; use for scale, not as an athlete-specific ideal."
nhanes-2017-2018-female-50-59-hip_cm-p5,NHANES 2017-2018,https://wwwn.cdc.gov/Nchs/Data/Nhanes/Public/2017/DataFiles/BMX_J.htm,2017-2018,female,50,59,hip_cm,5,87.0,cm,452,22468898.4285,BMX_J,BMXHIP,"Weighted with WTMEC2YR. DXA metrics require DXAEXSTS=1 and region invalidity flags where applicable. US population reference; use for scale, not as an athlete-specific ideal."
nhanes-2017-2018-female-50-59-hip_cm-p10,NHANES 2017-2018,https://wwwn.cdc.gov/Nchs/Data/Nhanes/Public/2017/DataFiles/BMX_J.htm,2017-2018,female,50,59,hip_cm,10,89.4,cm,452,22468898.4285,BMX_J,BMXHIP,"Weighted with WTMEC2YR. DXA metrics require DXAEXSTS=1 and region invalidity flags where applicable. US population reference; use for scale, not as an athlete-specific ideal."
nhanes-2017-2018-female-50-59-hip_cm-p25,NHANES 2017-2018,https://wwwn.cdc.gov/Nchs/Data/Nhanes/Public/2017/DataFiles/BMX_J.htm,2017-2018,female,50,59,hip_cm,25,97.7,cm,452,22468898.4285,BMX_J,BMXHIP,"Weighted with WTMEC2YR. DXA metrics require DXAEXSTS=1 and region invalidity flags where applicable. US population reference; use for scale, not as an athlete-specific ideal."
nhanes-2017-2018-female-50-59-hip_cm-p50,NHANES 2017-2018,https://wwwn.cdc.gov/Nchs/Data/Nhanes/Public/2017/DataFiles/BMX_J.htm,2017-2018,female,50,59,hip_cm,50,106.6,cm,452,22468898.4285,BMX_J,BMXHIP,"Weighted with WTMEC2YR. DXA metrics require DXAEXSTS=1 and region invalidity flags where applicable. US population reference; use for scale, not as an athlete-specific ideal."
nhanes-2017-2018-female-50-59-hip_cm-p75,NHANES 2017-2018,https://wwwn.cdc.gov/Nchs/Data/Nhanes/Public/2017/DataFiles/BMX_J.htm,2017-2018,female,50,59,hip_cm,75,118.0,cm,452,22468898.4285,BMX_J,BMXHIP,"Weighted with WTMEC2YR. DXA metrics require DXAEXSTS=1 and region invalidity flags where applicable. US population reference; use for scale, not as an athlete-specific ideal."
nhanes-2017-2018-female-50-59-hip_cm-p90,NHANES 2017-2018,https://wwwn.cdc.gov/Nchs/Data/Nhanes/Public/2017/DataFiles/BMX_J.htm,2017-2018,female,50,59,hip_cm,90,131.2,cm,452,22468898.4285,BMX_J,BMXHIP,"Weighted with WTMEC2YR. DXA metrics require DXAEXSTS=1 and region invalidity flags where applicable. US population reference; use for scale, not as an athlete-specific ideal."
nhanes-2017-2018-female-50-59-hip_cm-p95,NHANES 2017-2018,https://wwwn.cdc.gov/Nchs/Data/Nhanes/Public/2017/DataFiles/BMX_J.htm,2017-2018,female,50,59,hip_cm,95,135.6,cm,452,22468898.4285,BMX_J,BMXHIP,"Weighted with WTMEC2YR. DXA metrics require DXAEXSTS=1 and region invalidity flags where applicable. US population reference; use for scale, not as an athlete-specific ideal."
nhanes-2017-2018-female-18-59-hip_cm-p5,NHANES 2017-2018,https://wwwn.cdc.gov/Nchs/Data/Nhanes/Public/2017/DataFiles/BMX_J.htm,2017-2018,female,18,59,hip_cm,5,88.1,cm,1763,86331802.3793,BMX_J,BMXHIP,"Weighted with WTMEC2YR. DXA metrics require DXAEXSTS=1 and region invalidity flags where applicable. US population reference; use for scale, not as an athlete-specific ideal."
nhanes-2017-2018-female-18-59-hip_cm-p10,NHANES 2017-2018,https://wwwn.cdc.gov/Nchs/Data/Nhanes/Public/2017/DataFiles/BMX_J.htm,2017-2018,female,18,59,hip_cm,10,91.0,cm,1763,86331802.3793,BMX_J,BMXHIP,"Weighted with WTMEC2YR. DXA metrics require DXAEXSTS=1 and region invalidity flags where applicable. US population reference; use for scale, not as an athlete-specific ideal."
nhanes-2017-2018-female-18-59-hip_cm-p25,NHANES 2017-2018,https://wwwn.cdc.gov/Nchs/Data/Nhanes/Public/2017/DataFiles/BMX_J.htm,2017-2018,female,18,59,hip_cm,25,97.5,cm,1763,86331802.3793,BMX_J,BMXHIP,"Weighted with WTMEC2YR. DXA metrics require DXAEXSTS=1 and region invalidity flags where applicable. US population reference; use for scale, not as an athlete-specific ideal."
nhanes-2017-2018-female-18-59-hip_cm-p50,NHANES 2017-2018,https://wwwn.cdc.gov/Nchs/Data/Nhanes/Public/2017/DataFiles/BMX_J.htm,2017-2018,female,18,59,hip_cm,50,106.6,cm,1763,86331802.3793,BMX_J,BMXHIP,"Weighted with WTMEC2YR. DXA metrics require DXAEXSTS=1 and region invalidity flags where applicable. US population reference; use for scale, not as an athlete-specific ideal."
nhanes-2017-2018-female-18-59-hip_cm-p75,NHANES 2017-2018,https://wwwn.cdc.gov/Nchs/Data/Nhanes/Public/2017/DataFiles/BMX_J.htm,2017-2018,female,18,59,hip_cm,75,117.9,cm,1763,86331802.3793,BMX_J,BMXHIP,"Weighted with WTMEC2YR. DXA metrics require DXAEXSTS=1 and region invalidity flags where applicable. US population reference; use for scale, not as an athlete-specific ideal."
nhanes-2017-2018-female-18-59-hip_cm-p90,NHANES 2017-2018,https://wwwn.cdc.gov/Nchs/Data/Nhanes/Public/2017/DataFiles/BMX_J.htm,2017-2018,female,18,59,hip_cm,90,131.8,cm,1763,86331802.3793,BMX_J,BMXHIP,"Weighted with WTMEC2YR. DXA metrics require DXAEXSTS=1 and region invalidity flags where applicable. US population reference; use for scale, not as an athlete-specific ideal."
nhanes-2017-2018-female-18-59-hip_cm-p95,NHANES 2017-2018,https://wwwn.cdc.gov/Nchs/Data/Nhanes/Public/2017/DataFiles/BMX_J.htm,2017-2018,female,18,59,hip_cm,95,140.2,cm,1763,86331802.3793,BMX_J,BMXHIP,"Weighted with WTMEC2YR. DXA metrics require DXAEXSTS=1 and region invalidity flags where applicable. US population reference; use for scale, not as an athlete-specific ideal."
nhanes-2017-2018-male-18-29-mid_upper_arm_circumference_cm-p5,NHANES 2017-2018,https://wwwn.cdc.gov/Nchs/Data/Nhanes/Public/2017/DataFiles/BMX_J.htm,2017-2018,male,18,29,mid_upper_arm_circumference_cm,5,26.3,cm,490,25597147.984,BMX_J,BMXARMC,"Weighted with WTMEC2YR. DXA metrics require DXAEXSTS=1 and region invalidity flags where applicable. US population reference; use for scale, not as an athlete-specific ideal."
nhanes-2017-2018-male-18-29-mid_upper_arm_circumference_cm-p10,NHANES 2017-2018,https://wwwn.cdc.gov/Nchs/Data/Nhanes/Public/2017/DataFiles/BMX_J.htm,2017-2018,male,18,29,mid_upper_arm_circumference_cm,10,27.2,cm,490,25597147.984,BMX_J,BMXARMC,"Weighted with WTMEC2YR. DXA metrics require DXAEXSTS=1 and region invalidity flags where applicable. US population reference; use for scale, not as an athlete-specific ideal."
nhanes-2017-2018-male-18-29-mid_upper_arm_circumference_cm-p25,NHANES 2017-2018,https://wwwn.cdc.gov/Nchs/Data/Nhanes/Public/2017/DataFiles/BMX_J.htm,2017-2018,male,18,29,mid_upper_arm_circumference_cm,25,29.8,cm,490,25597147.984,BMX_J,BMXARMC,"Weighted with WTMEC2YR. DXA metrics require DXAEXSTS=1 and region invalidity flags where applicable. US population reference; use for scale, not as an athlete-specific ideal."
nhanes-2017-2018-male-18-29-mid_upper_arm_circumference_cm-p50,NHANES 2017-2018,https://wwwn.cdc.gov/Nchs/Data/Nhanes/Public/2017/DataFiles/BMX_J.htm,2017-2018,male,18,29,mid_upper_arm_circumference_cm,50,33.5,cm,490,25597147.984,BMX_J,BMXARMC,"Weighted with WTMEC2YR. DXA metrics require DXAEXSTS=1 and region invalidity flags where applicable. US population reference; use for scale, not as an athlete-specific ideal."
nhanes-2017-2018-male-18-29-mid_upper_arm_circumference_cm-p75,NHANES 2017-2018,https://wwwn.cdc.gov/Nchs/Data/Nhanes/Public/2017/DataFiles/BMX_J.htm,2017-2018,male,18,29,mid_upper_arm_circumference_cm,75,36.9,cm,490,25597147.984,BMX_J,BMXARMC,"Weighted with WTMEC2YR. DXA metrics require DXAEXSTS=1 and region invalidity flags where applicable. US population reference; use for scale, not as an athlete-specific ideal."
nhanes-2017-2018-male-18-29-mid_upper_arm_circumference_cm-p90,NHANES 2017-2018,https://wwwn.cdc.gov/Nchs/Data/Nhanes/Public/2017/DataFiles/BMX_J.htm,2017-2018,male,18,29,mid_upper_arm_circumference_cm,90,41.0,cm,490,25597147.984,BMX_J,BMXARMC,"Weighted with WTMEC2YR. DXA metrics require DXAEXSTS=1 and region invalidity flags where applicable. US population reference; use for scale, not as an athlete-specific ideal."
nhanes-2017-2018-male-18-29-mid_upper_arm_circumference_cm-p95,NHANES 2017-2018,https://wwwn.cdc.gov/Nchs/Data/Nhanes/Public/2017/DataFiles/BMX_J.htm,2017-2018,male,18,29,mid_upper_arm_circumference_cm,95,43.1,cm,490,25597147.984,BMX_J,BMXARMC,"Weighted with WTMEC2YR. DXA metrics require DXAEXSTS=1 and region invalidity flags where applicable. US population reference; use for scale, not as an athlete-specific ideal."
nhanes-2017-2018-male-30-39-mid_upper_arm_circumference_cm-p5,NHANES 2017-2018,https://wwwn.cdc.gov/Nchs/Data/Nhanes/Public/2017/DataFiles/BMX_J.htm,2017-2018,male,30,39,mid_upper_arm_circumference_cm,5,29.4,cm,348,19862224.8076,BMX_J,BMXARMC,"Weighted with WTMEC2YR. DXA metrics require DXAEXSTS=1 and region invalidity flags where applicable. US population reference; use for scale, not as an athlete-specific ideal."
nhanes-2017-2018-male-30-39-mid_upper_arm_circumference_cm-p10,NHANES 2017-2018,https://wwwn.cdc.gov/Nchs/Data/Nhanes/Public/2017/DataFiles/BMX_J.htm,2017-2018,male,30,39,mid_upper_arm_circumference_cm,10,30.8,cm,348,19862224.8076,BMX_J,BMXARMC,"Weighted with WTMEC2YR. DXA metrics require DXAEXSTS=1 and region invalidity flags where applicable. US population reference; use for scale, not as an athlete-specific ideal."
nhanes-2017-2018-male-30-39-mid_upper_arm_circumference_cm-p25,NHANES 2017-2018,https://wwwn.cdc.gov/Nchs/Data/Nhanes/Public/2017/DataFiles/BMX_J.htm,2017-2018,male,30,39,mid_upper_arm_circumference_cm,25,32.9,cm,348,19862224.8076,BMX_J,BMXARMC,"Weighted with WTMEC2YR. DXA metrics require DXAEXSTS=1 and region invalidity flags where applicable. US population reference; use for scale, not as an athlete-specific ideal."
nhanes-2017-2018-male-30-39-mid_upper_arm_circumference_cm-p50,NHANES 2017-2018,https://wwwn.cdc.gov/Nchs/Data/Nhanes/Public/2017/DataFiles/BMX_J.htm,2017-2018,male,30,39,mid_upper_arm_circumference_cm,50,35.5,cm,348,19862224.8076,BMX_J,BMXARMC,"Weighted with WTMEC2YR. DXA metrics require DXAEXSTS=1 and region invalidity flags where applicable. US population reference; use for scale, not as an athlete-specific ideal."
nhanes-2017-2018-male-30-39-mid_upper_arm_circumference_cm-p75,NHANES 2017-2018,https://wwwn.cdc.gov/Nchs/Data/Nhanes/Public/2017/DataFiles/BMX_J.htm,2017-2018,male,30,39,mid_upper_arm_circumference_cm,75,38.5,cm,348,19862224.8076,BMX_J,BMXARMC,"Weighted with WTMEC2YR. DXA metrics require DXAEXSTS=1 and region invalidity flags where applicable. US population reference; use for scale, not as an athlete-specific ideal."
nhanes-2017-2018-male-30-39-mid_upper_arm_circumference_cm-p90,NHANES 2017-2018,https://wwwn.cdc.gov/Nchs/Data/Nhanes/Public/2017/DataFiles/BMX_J.htm,2017-2018,male,30,39,mid_upper_arm_circumference_cm,90,41.8,cm,348,19862224.8076,BMX_J,BMXARMC,"Weighted with WTMEC2YR. DXA metrics require DXAEXSTS=1 and region invalidity flags where applicable. US population reference; use for scale, not as an athlete-specific ideal."
nhanes-2017-2018-male-30-39-mid_upper_arm_circumference_cm-p95,NHANES 2017-2018,https://wwwn.cdc.gov/Nchs/Data/Nhanes/Public/2017/DataFiles/BMX_J.htm,2017-2018,male,30,39,mid_upper_arm_circumference_cm,95,45.2,cm,348,19862224.8076,BMX_J,BMXARMC,"Weighted with WTMEC2YR. DXA metrics require DXAEXSTS=1 and region invalidity flags where applicable. US population reference; use for scale, not as an athlete-specific ideal."
nhanes-2017-2018-male-40-49-mid_upper_arm_circumference_cm-p5,NHANES 2017-2018,https://wwwn.cdc.gov/Nchs/Data/Nhanes/Public/2017/DataFiles/BMX_J.htm,2017-2018,male,40,49,mid_upper_arm_circumference_cm,5,29.1,cm,359,18752807.449,BMX_J,BMXARMC,"Weighted with WTMEC2YR. DXA metrics require DXAEXSTS=1 and region invalidity flags where applicable. US population reference; use for scale, not as an athlete-specific ideal."
nhanes-2017-2018-male-40-49-mid_upper_arm_circumference_cm-p10,NHANES 2017-2018,https://wwwn.cdc.gov/Nchs/Data/Nhanes/Public/2017/DataFiles/BMX_J.htm,2017-2018,male,40,49,mid_upper_arm_circumference_cm,10,30.9,cm,359,18752807.449,BMX_J,BMXARMC,"Weighted with WTMEC2YR. DXA metrics require DXAEXSTS=1 and region invalidity flags where applicable. US population reference; use for scale, not as an athlete-specific ideal."
nhanes-2017-2018-male-40-49-mid_upper_arm_circumference_cm-p25,NHANES 2017-2018,https://wwwn.cdc.gov/Nchs/Data/Nhanes/Public/2017/DataFiles/BMX_J.htm,2017-2018,male,40,49,mid_upper_arm_circumference_cm,25,33.3,cm,359,18752807.449,BMX_J,BMXARMC,"Weighted with WTMEC2YR. DXA metrics require DXAEXSTS=1 and region invalidity flags where applicable. US population reference; use for scale, not as an athlete-specific ideal."
nhanes-2017-2018-male-40-49-mid_upper_arm_circumference_cm-p50,NHANES 2017-2018,https://wwwn.cdc.gov/Nchs/Data/Nhanes/Public/2017/DataFiles/BMX_J.htm,2017-2018,male,40,49,mid_upper_arm_circumference_cm,50,35.3,cm,359,18752807.449,BMX_J,BMXARMC,"Weighted with WTMEC2YR. DXA metrics require DXAEXSTS=1 and region invalidity flags where applicable. US population reference; use for scale, not as an athlete-specific ideal."
nhanes-2017-2018-male-40-49-mid_upper_arm_circumference_cm-p75,NHANES 2017-2018,https://wwwn.cdc.gov/Nchs/Data/Nhanes/Public/2017/DataFiles/BMX_J.htm,2017-2018,male,40,49,mid_upper_arm_circumference_cm,75,38.7,cm,359,18752807.449,BMX_J,BMXARMC,"Weighted with WTMEC2YR. DXA metrics require DXAEXSTS=1 and region invalidity flags where applicable. US population reference; use for scale, not as an athlete-specific ideal."
nhanes-2017-2018-male-40-49-mid_upper_arm_circumference_cm-p90,NHANES 2017-2018,https://wwwn.cdc.gov/Nchs/Data/Nhanes/Public/2017/DataFiles/BMX_J.htm,2017-2018,male,40,49,mid_upper_arm_circumference_cm,90,42.6,cm,359,18752807.449,BMX_J,BMXARMC,"Weighted with WTMEC2YR. DXA metrics require DXAEXSTS=1 and region invalidity flags where applicable. US population reference; use for scale, not as an athlete-specific ideal."
nhanes-2017-2018-male-40-49-mid_upper_arm_circumference_cm-p95,NHANES 2017-2018,https://wwwn.cdc.gov/Nchs/Data/Nhanes/Public/2017/DataFiles/BMX_J.htm,2017-2018,male,40,49,mid_upper_arm_circumference_cm,95,43.6,cm,359,18752807.449,BMX_J,BMXARMC,"Weighted with WTMEC2YR. DXA metrics require DXAEXSTS=1 and region invalidity flags where applicable. US population reference; use for scale, not as an athlete-specific ideal."
nhanes-2017-2018-male-50-59-mid_upper_arm_circumference_cm-p5,NHANES 2017-2018,https://wwwn.cdc.gov/Nchs/Data/Nhanes/Public/2017/DataFiles/BMX_J.htm,2017-2018,male,50,59,mid_upper_arm_circumference_cm,5,29.0,cm,393,20630636.267,BMX_J,BMXARMC,"Weighted with WTMEC2YR. DXA metrics require DXAEXSTS=1 and region invalidity flags where applicable. US population reference; use for scale, not as an athlete-specific ideal."
nhanes-2017-2018-male-50-59-mid_upper_arm_circumference_cm-p10,NHANES 2017-2018,https://wwwn.cdc.gov/Nchs/Data/Nhanes/Public/2017/DataFiles/BMX_J.htm,2017-2018,male,50,59,mid_upper_arm_circumference_cm,10,29.5,cm,393,20630636.267,BMX_J,BMXARMC,"Weighted with WTMEC2YR. DXA metrics require DXAEXSTS=1 and region invalidity flags where applicable. US population reference; use for scale, not as an athlete-specific ideal."
nhanes-2017-2018-male-50-59-mid_upper_arm_circumference_cm-p25,NHANES 2017-2018,https://wwwn.cdc.gov/Nchs/Data/Nhanes/Public/2017/DataFiles/BMX_J.htm,2017-2018,male,50,59,mid_upper_arm_circumference_cm,25,31.9,cm,393,20630636.267,BMX_J,BMXARMC,"Weighted with WTMEC2YR. DXA metrics require DXAEXSTS=1 and region invalidity flags where applicable. US population reference; use for scale, not as an athlete-specific ideal."
nhanes-2017-2018-male-50-59-mid_upper_arm_circumference_cm-p50,NHANES 2017-2018,https://wwwn.cdc.gov/Nchs/Data/Nhanes/Public/2017/DataFiles/BMX_J.htm,2017-2018,male,50,59,mid_upper_arm_circumference_cm,50,35.2,cm,393,20630636.267,BMX_J,BMXARMC,"Weighted with WTMEC2YR. DXA metrics require DXAEXSTS=1 and region invalidity flags where applicable. US population reference; use for scale, not as an athlete-specific ideal."
nhanes-2017-2018-male-50-59-mid_upper_arm_circumference_cm-p75,NHANES 2017-2018,https://wwwn.cdc.gov/Nchs/Data/Nhanes/Public/2017/DataFiles/BMX_J.htm,2017-2018,male,50,59,mid_upper_arm_circumference_cm,75,37.8,cm,393,20630636.267,BMX_J,BMXARMC,"Weighted with WTMEC2YR. DXA metrics require DXAEXSTS=1 and region invalidity flags where applicable. US population reference; use for scale, not as an athlete-specific ideal."
nhanes-2017-2018-male-50-59-mid_upper_arm_circumference_cm-p90,NHANES 2017-2018,https://wwwn.cdc.gov/Nchs/Data/Nhanes/Public/2017/DataFiles/BMX_J.htm,2017-2018,male,50,59,mid_upper_arm_circumference_cm,90,40.1,cm,393,20630636.267,BMX_J,BMXARMC,"Weighted with WTMEC2YR. DXA metrics require DXAEXSTS=1 and region invalidity flags where applicable. US population reference; use for scale, not as an athlete-specific ideal."
nhanes-2017-2018-male-50-59-mid_upper_arm_circumference_cm-p95,NHANES 2017-2018,https://wwwn.cdc.gov/Nchs/Data/Nhanes/Public/2017/DataFiles/BMX_J.htm,2017-2018,male,50,59,mid_upper_arm_circumference_cm,95,42.1,cm,393,20630636.267,BMX_J,BMXARMC,"Weighted with WTMEC2YR. DXA metrics require DXAEXSTS=1 and region invalidity flags where applicable. US population reference; use for scale, not as an athlete-specific ideal."
nhanes-2017-2018-male-18-59-mid_upper_arm_circumference_cm-p5,NHANES 2017-2018,https://wwwn.cdc.gov/Nchs/Data/Nhanes/Public/2017/DataFiles/BMX_J.htm,2017-2018,male,18,59,mid_upper_arm_circumference_cm,5,27.6,cm,1590,84842816.5076,BMX_J,BMXARMC,"Weighted with WTMEC2YR. DXA metrics require DXAEXSTS=1 and region invalidity flags where applicable. US population reference; use for scale, not as an athlete-specific ideal."
nhanes-2017-2018-male-18-59-mid_upper_arm_circumference_cm-p10,NHANES 2017-2018,https://wwwn.cdc.gov/Nchs/Data/Nhanes/Public/2017/DataFiles/BMX_J.htm,2017-2018,male,18,59,mid_upper_arm_circumference_cm,10,29.2,cm,1590,84842816.5076,BMX_J,BMXARMC,"Weighted with WTMEC2YR. DXA metrics require DXAEXSTS=1 and region invalidity flags where applicable. US population reference; use for scale, not as an athlete-specific ideal."
nhanes-2017-2018-male-18-59-mid_upper_arm_circumference_cm-p25,NHANES 2017-2018,https://wwwn.cdc.gov/Nchs/Data/Nhanes/Public/2017/DataFiles/BMX_J.htm,2017-2018,male,18,59,mid_upper_arm_circumference_cm,25,31.9,cm,1590,84842816.5076,BMX_J,BMXARMC,"Weighted with WTMEC2YR. DXA metrics require DXAEXSTS=1 and region invalidity flags where applicable. US population reference; use for scale, not as an athlete-specific ideal."
nhanes-2017-2018-male-18-59-mid_upper_arm_circumference_cm-p50,NHANES 2017-2018,https://wwwn.cdc.gov/Nchs/Data/Nhanes/Public/2017/DataFiles/BMX_J.htm,2017-2018,male,18,59,mid_upper_arm_circumference_cm,50,35.0,cm,1590,84842816.5076,BMX_J,BMXARMC,"Weighted with WTMEC2YR. DXA metrics require DXAEXSTS=1 and region invalidity flags where applicable. US population reference; use for scale, not as an athlete-specific ideal."
nhanes-2017-2018-male-18-59-mid_upper_arm_circumference_cm-p75,NHANES 2017-2018,https://wwwn.cdc.gov/Nchs/Data/Nhanes/Public/2017/DataFiles/BMX_J.htm,2017-2018,male,18,59,mid_upper_arm_circumference_cm,75,38.0,cm,1590,84842816.5076,BMX_J,BMXARMC,"Weighted with WTMEC2YR. DXA metrics require DXAEXSTS=1 and region invalidity flags where applicable. US population reference; use for scale, not as an athlete-specific ideal."
nhanes-2017-2018-male-18-59-mid_upper_arm_circumference_cm-p90,NHANES 2017-2018,https://wwwn.cdc.gov/Nchs/Data/Nhanes/Public/2017/DataFiles/BMX_J.htm,2017-2018,male,18,59,mid_upper_arm_circumference_cm,90,41.3,cm,1590,84842816.5076,BMX_J,BMXARMC,"Weighted with WTMEC2YR. DXA metrics require DXAEXSTS=1 and region invalidity flags where applicable. US population reference; use for scale, not as an athlete-specific ideal."
nhanes-2017-2018-male-18-59-mid_upper_arm_circumference_cm-p95,NHANES 2017-2018,https://wwwn.cdc.gov/Nchs/Data/Nhanes/Public/2017/DataFiles/BMX_J.htm,2017-2018,male,18,59,mid_upper_arm_circumference_cm,95,43.5,cm,1590,84842816.5076,BMX_J,BMXARMC,"Weighted with WTMEC2YR. DXA metrics require DXAEXSTS=1 and region invalidity flags where applicable. US population reference; use for scale, not as an athlete-specific ideal."
nhanes-2017-2018-female-18-29-mid_upper_arm_circumference_cm-p5,NHANES 2017-2018,https://wwwn.cdc.gov/Nchs/Data/Nhanes/Public/2017/DataFiles/BMX_J.htm,2017-2018,female,18,29,mid_upper_arm_circumference_cm,5,23.5,cm,508,24910312.9795,BMX_J,BMXARMC,"Weighted with WTMEC2YR. DXA metrics require DXAEXSTS=1 and region invalidity flags where applicable. US population reference; use for scale, not as an athlete-specific ideal."
nhanes-2017-2018-female-18-29-mid_upper_arm_circumference_cm-p10,NHANES 2017-2018,https://wwwn.cdc.gov/Nchs/Data/Nhanes/Public/2017/DataFiles/BMX_J.htm,2017-2018,female,18,29,mid_upper_arm_circumference_cm,10,24.9,cm,508,24910312.9795,BMX_J,BMXARMC,"Weighted with WTMEC2YR. DXA metrics require DXAEXSTS=1 and region invalidity flags where applicable. US population reference; use for scale, not as an athlete-specific ideal."
nhanes-2017-2018-female-18-29-mid_upper_arm_circumference_cm-p25,NHANES 2017-2018,https://wwwn.cdc.gov/Nchs/Data/Nhanes/Public/2017/DataFiles/BMX_J.htm,2017-2018,female,18,29,mid_upper_arm_circumference_cm,25,26.9,cm,508,24910312.9795,BMX_J,BMXARMC,"Weighted with WTMEC2YR. DXA metrics require DXAEXSTS=1 and region invalidity flags where applicable. US population reference; use for scale, not as an athlete-specific ideal."
nhanes-2017-2018-female-18-29-mid_upper_arm_circumference_cm-p50,NHANES 2017-2018,https://wwwn.cdc.gov/Nchs/Data/Nhanes/Public/2017/DataFiles/BMX_J.htm,2017-2018,female,18,29,mid_upper_arm_circumference_cm,50,30.8,cm,508,24910312.9795,BMX_J,BMXARMC,"Weighted with WTMEC2YR. DXA metrics require DXAEXSTS=1 and region invalidity flags where applicable. US population reference; use for scale, not as an athlete-specific ideal."
nhanes-2017-2018-female-18-29-mid_upper_arm_circumference_cm-p75,NHANES 2017-2018,https://wwwn.cdc.gov/Nchs/Data/Nhanes/Public/2017/DataFiles/BMX_J.htm,2017-2018,female,18,29,mid_upper_arm_circumference_cm,75,35.3,cm,508,24910312.9795,BMX_J,BMXARMC,"Weighted with WTMEC2YR. DXA metrics require DXAEXSTS=1 and region invalidity flags where applicable. US population reference; use for scale, not as an athlete-specific ideal."
nhanes-2017-2018-female-18-29-mid_upper_arm_circumference_cm-p90,NHANES 2017-2018,https://wwwn.cdc.gov/Nchs/Data/Nhanes/Public/2017/DataFiles/BMX_J.htm,2017-2018,female,18,29,mid_upper_arm_circumference_cm,90,40.0,cm,508,24910312.9795,BMX_J,BMXARMC,"Weighted with WTMEC2YR. DXA metrics require DXAEXSTS=1 and region invalidity flags where applicable. US population reference; use for scale, not as an athlete-specific ideal."
nhanes-2017-2018-female-18-29-mid_upper_arm_circumference_cm-p95,NHANES 2017-2018,https://wwwn.cdc.gov/Nchs/Data/Nhanes/Public/2017/DataFiles/BMX_J.htm,2017-2018,female,18,29,mid_upper_arm_circumference_cm,95,42.2,cm,508,24910312.9795,BMX_J,BMXARMC,"Weighted with WTMEC2YR. DXA metrics require DXAEXSTS=1 and region invalidity flags where applicable. US population reference; use for scale, not as an athlete-specific ideal."
nhanes-2017-2018-female-30-39-mid_upper_arm_circumference_cm-p5,NHANES 2017-2018,https://wwwn.cdc.gov/Nchs/Data/Nhanes/Public/2017/DataFiles/BMX_J.htm,2017-2018,female,30,39,mid_upper_arm_circumference_cm,5,25.3,cm,425,20859041.3717,BMX_J,BMXARMC,"Weighted with WTMEC2YR. DXA metrics require DXAEXSTS=1 and region invalidity flags where applicable. US population reference; use for scale, not as an athlete-specific ideal."
nhanes-2017-2018-female-30-39-mid_upper_arm_circumference_cm-p10,NHANES 2017-2018,https://wwwn.cdc.gov/Nchs/Data/Nhanes/Public/2017/DataFiles/BMX_J.htm,2017-2018,female,30,39,mid_upper_arm_circumference_cm,10,26.4,cm,425,20859041.3717,BMX_J,BMXARMC,"Weighted with WTMEC2YR. DXA metrics require DXAEXSTS=1 and region invalidity flags where applicable. US population reference; use for scale, not as an athlete-specific ideal."
nhanes-2017-2018-female-30-39-mid_upper_arm_circumference_cm-p25,NHANES 2017-2018,https://wwwn.cdc.gov/Nchs/Data/Nhanes/Public/2017/DataFiles/BMX_J.htm,2017-2018,female,30,39,mid_upper_arm_circumference_cm,25,28.7,cm,425,20859041.3717,BMX_J,BMXARMC,"Weighted with WTMEC2YR. DXA metrics require DXAEXSTS=1 and region invalidity flags where applicable. US population reference; use for scale, not as an athlete-specific ideal."
nhanes-2017-2018-female-30-39-mid_upper_arm_circumference_cm-p50,NHANES 2017-2018,https://wwwn.cdc.gov/Nchs/Data/Nhanes/Public/2017/DataFiles/BMX_J.htm,2017-2018,female,30,39,mid_upper_arm_circumference_cm,50,32.1,cm,425,20859041.3717,BMX_J,BMXARMC,"Weighted with WTMEC2YR. DXA metrics require DXAEXSTS=1 and region invalidity flags where applicable. US population reference; use for scale, not as an athlete-specific ideal."
nhanes-2017-2018-female-30-39-mid_upper_arm_circumference_cm-p75,NHANES 2017-2018,https://wwwn.cdc.gov/Nchs/Data/Nhanes/Public/2017/DataFiles/BMX_J.htm,2017-2018,female,30,39,mid_upper_arm_circumference_cm,75,36.0,cm,425,20859041.3717,BMX_J,BMXARMC,"Weighted with WTMEC2YR. DXA metrics require DXAEXSTS=1 and region invalidity flags where applicable. US population reference; use for scale, not as an athlete-specific ideal."
nhanes-2017-2018-female-30-39-mid_upper_arm_circumference_cm-p90,NHANES 2017-2018,https://wwwn.cdc.gov/Nchs/Data/Nhanes/Public/2017/DataFiles/BMX_J.htm,2017-2018,female,30,39,mid_upper_arm_circumference_cm,90,41.5,cm,425,20859041.3717,BMX_J,BMXARMC,"Weighted with WTMEC2YR. DXA metrics require DXAEXSTS=1 and region invalidity flags where applicable. US population reference; use for scale, not as an athlete-specific ideal."
nhanes-2017-2018-female-30-39-mid_upper_arm_circumference_cm-p95,NHANES 2017-2018,https://wwwn.cdc.gov/Nchs/Data/Nhanes/Public/2017/DataFiles/BMX_J.htm,2017-2018,female,30,39,mid_upper_arm_circumference_cm,95,43.2,cm,425,20859041.3717,BMX_J,BMXARMC,"Weighted with WTMEC2YR. DXA metrics require DXAEXSTS=1 and region invalidity flags where applicable. US population reference; use for scale, not as an athlete-specific ideal."
nhanes-2017-2018-female-40-49-mid_upper_arm_circumference_cm-p5,NHANES 2017-2018,https://wwwn.cdc.gov/Nchs/Data/Nhanes/Public/2017/DataFiles/BMX_J.htm,2017-2018,female,40,49,mid_upper_arm_circumference_cm,5,26.2,cm,389,18579280.9764,BMX_J,BMXARMC,"Weighted with WTMEC2YR. DXA metrics require DXAEXSTS=1 and region invalidity flags where applicable. US population reference; use for scale, not as an athlete-specific ideal."
nhanes-2017-2018-female-40-49-mid_upper_arm_circumference_cm-p10,NHANES 2017-2018,https://wwwn.cdc.gov/Nchs/Data/Nhanes/Public/2017/DataFiles/BMX_J.htm,2017-2018,female,40,49,mid_upper_arm_circumference_cm,10,26.9,cm,389,18579280.9764,BMX_J,BMXARMC,"Weighted with WTMEC2YR. DXA metrics require DXAEXSTS=1 and region invalidity flags where applicable. US population reference; use for scale, not as an athlete-specific ideal."
nhanes-2017-2018-female-40-49-mid_upper_arm_circumference_cm-p25,NHANES 2017-2018,https://wwwn.cdc.gov/Nchs/Data/Nhanes/Public/2017/DataFiles/BMX_J.htm,2017-2018,female,40,49,mid_upper_arm_circumference_cm,25,29.6,cm,389,18579280.9764,BMX_J,BMXARMC,"Weighted with WTMEC2YR. DXA metrics require DXAEXSTS=1 and region invalidity flags where applicable. US population reference; use for scale, not as an athlete-specific ideal."
nhanes-2017-2018-female-40-49-mid_upper_arm_circumference_cm-p50,NHANES 2017-2018,https://wwwn.cdc.gov/Nchs/Data/Nhanes/Public/2017/DataFiles/BMX_J.htm,2017-2018,female,40,49,mid_upper_arm_circumference_cm,50,32.7,cm,389,18579280.9764,BMX_J,BMXARMC,"Weighted with WTMEC2YR. DXA metrics require DXAEXSTS=1 and region invalidity flags where applicable. US population reference; use for scale, not as an athlete-specific ideal."
nhanes-2017-2018-female-40-49-mid_upper_arm_circumference_cm-p75,NHANES 2017-2018,https://wwwn.cdc.gov/Nchs/Data/Nhanes/Public/2017/DataFiles/BMX_J.htm,2017-2018,female,40,49,mid_upper_arm_circumference_cm,75,37.3,cm,389,18579280.9764,BMX_J,BMXARMC,"Weighted with WTMEC2YR. DXA metrics require DXAEXSTS=1 and region invalidity flags where applicable. US population reference; use for scale, not as an athlete-specific ideal."
nhanes-2017-2018-female-40-49-mid_upper_arm_circumference_cm-p90,NHANES 2017-2018,https://wwwn.cdc.gov/Nchs/Data/Nhanes/Public/2017/DataFiles/BMX_J.htm,2017-2018,female,40,49,mid_upper_arm_circumference_cm,90,42.2,cm,389,18579280.9764,BMX_J,BMXARMC,"Weighted with WTMEC2YR. DXA metrics require DXAEXSTS=1 and region invalidity flags where applicable. US population reference; use for scale, not as an athlete-specific ideal."
nhanes-2017-2018-female-40-49-mid_upper_arm_circumference_cm-p95,NHANES 2017-2018,https://wwwn.cdc.gov/Nchs/Data/Nhanes/Public/2017/DataFiles/BMX_J.htm,2017-2018,female,40,49,mid_upper_arm_circumference_cm,95,43.2,cm,389,18579280.9764,BMX_J,BMXARMC,"Weighted with WTMEC2YR. DXA metrics require DXAEXSTS=1 and region invalidity flags where applicable. US population reference; use for scale, not as an athlete-specific ideal."
nhanes-2017-2018-female-50-59-mid_upper_arm_circumference_cm-p5,NHANES 2017-2018,https://wwwn.cdc.gov/Nchs/Data/Nhanes/Public/2017/DataFiles/BMX_J.htm,2017-2018,female,50,59,mid_upper_arm_circumference_cm,5,24.9,cm,456,22710283.1256,BMX_J,BMXARMC,"Weighted with WTMEC2YR. DXA metrics require DXAEXSTS=1 and region invalidity flags where applicable. US population reference; use for scale, not as an athlete-specific ideal."
nhanes-2017-2018-female-50-59-mid_upper_arm_circumference_cm-p10,NHANES 2017-2018,https://wwwn.cdc.gov/Nchs/Data/Nhanes/Public/2017/DataFiles/BMX_J.htm,2017-2018,female,50,59,mid_upper_arm_circumference_cm,10,25.7,cm,456,22710283.1256,BMX_J,BMXARMC,"Weighted with WTMEC2YR. DXA metrics require DXAEXSTS=1 and region invalidity flags where applicable. US population reference; use for scale, not as an athlete-specific ideal."
nhanes-2017-2018-female-50-59-mid_upper_arm_circumference_cm-p25,NHANES 2017-2018,https://wwwn.cdc.gov/Nchs/Data/Nhanes/Public/2017/DataFiles/BMX_J.htm,2017-2018,female,50,59,mid_upper_arm_circumference_cm,25,28.8,cm,456,22710283.1256,BMX_J,BMXARMC,"Weighted with WTMEC2YR. DXA metrics require DXAEXSTS=1 and region invalidity flags where applicable. US population reference; use for scale, not as an athlete-specific ideal."
nhanes-2017-2018-female-50-59-mid_upper_arm_circumference_cm-p50,NHANES 2017-2018,https://wwwn.cdc.gov/Nchs/Data/Nhanes/Public/2017/DataFiles/BMX_J.htm,2017-2018,female,50,59,mid_upper_arm_circumference_cm,50,32.1,cm,456,22710283.1256,BMX_J,BMXARMC,"Weighted with WTMEC2YR. DXA metrics require DXAEXSTS=1 and region invalidity flags where applicable. US population reference; use for scale, not as an athlete-specific ideal."
nhanes-2017-2018-female-50-59-mid_upper_arm_circumference_cm-p75,NHANES 2017-2018,https://wwwn.cdc.gov/Nchs/Data/Nhanes/Public/2017/DataFiles/BMX_J.htm,2017-2018,female,50,59,mid_upper_arm_circumference_cm,75,35.2,cm,456,22710283.1256,BMX_J,BMXARMC,"Weighted with WTMEC2YR. DXA metrics require DXAEXSTS=1 and region invalidity flags where applicable. US population reference; use for scale, not as an athlete-specific ideal."
nhanes-2017-2018-female-50-59-mid_upper_arm_circumference_cm-p90,NHANES 2017-2018,https://wwwn.cdc.gov/Nchs/Data/Nhanes/Public/2017/DataFiles/BMX_J.htm,2017-2018,female,50,59,mid_upper_arm_circumference_cm,90,39.9,cm,456,22710283.1256,BMX_J,BMXARMC,"Weighted with WTMEC2YR. DXA metrics require DXAEXSTS=1 and region invalidity flags where applicable. US population reference; use for scale, not as an athlete-specific ideal."
nhanes-2017-2018-female-50-59-mid_upper_arm_circumference_cm-p95,NHANES 2017-2018,https://wwwn.cdc.gov/Nchs/Data/Nhanes/Public/2017/DataFiles/BMX_J.htm,2017-2018,female,50,59,mid_upper_arm_circumference_cm,95,43.5,cm,456,22710283.1256,BMX_J,BMXARMC,"Weighted with WTMEC2YR. DXA metrics require DXAEXSTS=1 and region invalidity flags where applicable. US population reference; use for scale, not as an athlete-specific ideal."
nhanes-2017-2018-female-18-59-mid_upper_arm_circumference_cm-p5,NHANES 2017-2018,https://wwwn.cdc.gov/Nchs/Data/Nhanes/Public/2017/DataFiles/BMX_J.htm,2017-2018,female,18,59,mid_upper_arm_circumference_cm,5,24.7,cm,1778,87058918.4532,BMX_J,BMXARMC,"Weighted with WTMEC2YR. DXA metrics require DXAEXSTS=1 and region invalidity flags where applicable. US population reference; use for scale, not as an athlete-specific ideal."
nhanes-2017-2018-female-18-59-mid_upper_arm_circumference_cm-p10,NHANES 2017-2018,https://wwwn.cdc.gov/Nchs/Data/Nhanes/Public/2017/DataFiles/BMX_J.htm,2017-2018,female,18,59,mid_upper_arm_circumference_cm,10,25.8,cm,1778,87058918.4532,BMX_J,BMXARMC,"Weighted with WTMEC2YR. DXA metrics require DXAEXSTS=1 and region invalidity flags where applicable. US population reference; use for scale, not as an athlete-specific ideal."
nhanes-2017-2018-female-18-59-mid_upper_arm_circumference_cm-p25,NHANES 2017-2018,https://wwwn.cdc.gov/Nchs/Data/Nhanes/Public/2017/DataFiles/BMX_J.htm,2017-2018,female,18,59,mid_upper_arm_circumference_cm,25,28.2,cm,1778,87058918.4532,BMX_J,BMXARMC,"Weighted with WTMEC2YR. DXA metrics require DXAEXSTS=1 and region invalidity flags where applicable. US population reference; use for scale, not as an athlete-specific ideal."
nhanes-2017-2018-female-18-59-mid_upper_arm_circumference_cm-p50,NHANES 2017-2018,https://wwwn.cdc.gov/Nchs/Data/Nhanes/Public/2017/DataFiles/BMX_J.htm,2017-2018,female,18,59,mid_upper_arm_circumference_cm,50,32.0,cm,1778,87058918.4532,BMX_J,BMXARMC,"Weighted with WTMEC2YR. DXA metrics require DXAEXSTS=1 and region invalidity flags where applicable. US population reference; use for scale, not as an athlete-specific ideal."
nhanes-2017-2018-female-18-59-mid_upper_arm_circumference_cm-p75,NHANES 2017-2018,https://wwwn.cdc.gov/Nchs/Data/Nhanes/Public/2017/DataFiles/BMX_J.htm,2017-2018,female,18,59,mid_upper_arm_circumference_cm,75,35.7,cm,1778,87058918.4532,BMX_J,BMXARMC,"Weighted with WTMEC2YR. DXA metrics require DXAEXSTS=1 and region invalidity flags where applicable. US population reference; use for scale, not as an athlete-specific ideal."
nhanes-2017-2018-female-18-59-mid_upper_arm_circumference_cm-p90,NHANES 2017-2018,https://wwwn.cdc.gov/Nchs/Data/Nhanes/Public/2017/DataFiles/BMX_J.htm,2017-2018,female,18,59,mid_upper_arm_circumference_cm,90,40.7,cm,1778,87058918.4532,BMX_J,BMXARMC,"Weighted with WTMEC2YR. DXA metrics require DXAEXSTS=1 and region invalidity flags where applicable. US population reference; use for scale, not as an athlete-specific ideal."
nhanes-2017-2018-female-18-59-mid_upper_arm_circumference_cm-p95,NHANES 2017-2018,https://wwwn.cdc.gov/Nchs/Data/Nhanes/Public/2017/DataFiles/BMX_J.htm,2017-2018,female,18,59,mid_upper_arm_circumference_cm,95,43.1,cm,1778,87058918.4532,BMX_J,BMXARMC,"Weighted with WTMEC2YR. DXA metrics require DXAEXSTS=1 and region invalidity flags where applicable. US population reference; use for scale, not as an athlete-specific ideal."
nhanes-2017-2018-male-18-29-waist_to_height-p5,NHANES 2017-2018,https://wwwn.cdc.gov/Nchs/Data/Nhanes/Public/2017/DataFiles/BMX_J.htm,2017-2018,male,18,29,waist_to_height,5,0.4055,ratio,490,25597147.984,BMX_J,BMXWAIST/BMXHT,"Weighted with WTMEC2YR. DXA metrics require DXAEXSTS=1 and region invalidity flags where applicable. US population reference; use for scale, not as an athlete-specific ideal."
nhanes-2017-2018-male-18-29-waist_to_height-p10,NHANES 2017-2018,https://wwwn.cdc.gov/Nchs/Data/Nhanes/Public/2017/DataFiles/BMX_J.htm,2017-2018,male,18,29,waist_to_height,10,0.4203,ratio,490,25597147.984,BMX_J,BMXWAIST/BMXHT,"Weighted with WTMEC2YR. DXA metrics require DXAEXSTS=1 and region invalidity flags where applicable. US population reference; use for scale, not as an athlete-specific ideal."
nhanes-2017-2018-male-18-29-waist_to_height-p25,NHANES 2017-2018,https://wwwn.cdc.gov/Nchs/Data/Nhanes/Public/2017/DataFiles/BMX_J.htm,2017-2018,male,18,29,waist_to_height,25,0.4541,ratio,490,25597147.984,BMX_J,BMXWAIST/BMXHT,"Weighted with WTMEC2YR. DXA metrics require DXAEXSTS=1 and region invalidity flags where applicable. US population reference; use for scale, not as an athlete-specific ideal."
nhanes-2017-2018-male-18-29-waist_to_height-p50,NHANES 2017-2018,https://wwwn.cdc.gov/Nchs/Data/Nhanes/Public/2017/DataFiles/BMX_J.htm,2017-2018,male,18,29,waist_to_height,50,0.5135,ratio,490,25597147.984,BMX_J,BMXWAIST/BMXHT,"Weighted with WTMEC2YR. DXA metrics require DXAEXSTS=1 and region invalidity flags where applicable. US population reference; use for scale, not as an athlete-specific ideal."
nhanes-2017-2018-male-18-29-waist_to_height-p75,NHANES 2017-2018,https://wwwn.cdc.gov/Nchs/Data/Nhanes/Public/2017/DataFiles/BMX_J.htm,2017-2018,male,18,29,waist_to_height,75,0.5982,ratio,490,25597147.984,BMX_J,BMXWAIST/BMXHT,"Weighted with WTMEC2YR. DXA metrics require DXAEXSTS=1 and region invalidity flags where applicable. US population reference; use for scale, not as an athlete-specific ideal."
nhanes-2017-2018-male-18-29-waist_to_height-p90,NHANES 2017-2018,https://wwwn.cdc.gov/Nchs/Data/Nhanes/Public/2017/DataFiles/BMX_J.htm,2017-2018,male,18,29,waist_to_height,90,0.6674,ratio,490,25597147.984,BMX_J,BMXWAIST/BMXHT,"Weighted with WTMEC2YR. DXA metrics require DXAEXSTS=1 and region invalidity flags where applicable. US population reference; use for scale, not as an athlete-specific ideal."
nhanes-2017-2018-male-18-29-waist_to_height-p95,NHANES 2017-2018,https://wwwn.cdc.gov/Nchs/Data/Nhanes/Public/2017/DataFiles/BMX_J.htm,2017-2018,male,18,29,waist_to_height,95,0.7029,ratio,490,25597147.984,BMX_J,BMXWAIST/BMXHT,"Weighted with WTMEC2YR. DXA metrics require DXAEXSTS=1 and region invalidity flags where applicable. US population reference; use for scale, not as an athlete-specific ideal."
nhanes-2017-2018-male-30-39-waist_to_height-p5,NHANES 2017-2018,https://wwwn.cdc.gov/Nchs/Data/Nhanes/Public/2017/DataFiles/BMX_J.htm,2017-2018,male,30,39,waist_to_height,5,0.4505,ratio,346,19742476.0237,BMX_J,BMXWAIST/BMXHT,"Weighted with WTMEC2YR. DXA metrics require DXAEXSTS=1 and region invalidity flags where applicable. US population reference; use for scale, not as an athlete-specific ideal."
nhanes-2017-2018-male-30-39-waist_to_height-p10,NHANES 2017-2018,https://wwwn.cdc.gov/Nchs/Data/Nhanes/Public/2017/DataFiles/BMX_J.htm,2017-2018,male,30,39,waist_to_height,10,0.4705,ratio,346,19742476.0237,BMX_J,BMXWAIST/BMXHT,"Weighted with WTMEC2YR. DXA metrics require DXAEXSTS=1 and region invalidity flags where applicable. US population reference; use for scale, not as an athlete-specific ideal."
nhanes-2017-2018-male-30-39-waist_to_height-p25,NHANES 2017-2018,https://wwwn.cdc.gov/Nchs/Data/Nhanes/Public/2017/DataFiles/BMX_J.htm,2017-2018,male,30,39,waist_to_height,25,0.5165,ratio,346,19742476.0237,BMX_J,BMXWAIST/BMXHT,"Weighted with WTMEC2YR. DXA metrics require DXAEXSTS=1 and region invalidity flags where applicable. US population reference; use for scale, not as an athlete-specific ideal."
nhanes-2017-2018-male-30-39-waist_to_height-p50,NHANES 2017-2018,https://wwwn.cdc.gov/Nchs/Data/Nhanes/Public/2017/DataFiles/BMX_J.htm,2017-2018,male,30,39,waist_to_height,50,0.567,ratio,346,19742476.0237,BMX_J,BMXWAIST/BMXHT,"Weighted with WTMEC2YR. DXA metrics require DXAEXSTS=1 and region invalidity flags where applicable. US population reference; use for scale, not as an athlete-specific ideal."
nhanes-2017-2018-male-30-39-waist_to_height-p75,NHANES 2017-2018,https://wwwn.cdc.gov/Nchs/Data/Nhanes/Public/2017/DataFiles/BMX_J.htm,2017-2018,male,30,39,waist_to_height,75,0.6347,ratio,346,19742476.0237,BMX_J,BMXWAIST/BMXHT,"Weighted with WTMEC2YR. DXA metrics require DXAEXSTS=1 and region invalidity flags where applicable. US population reference; use for scale, not as an athlete-specific ideal."
nhanes-2017-2018-male-30-39-waist_to_height-p90,NHANES 2017-2018,https://wwwn.cdc.gov/Nchs/Data/Nhanes/Public/2017/DataFiles/BMX_J.htm,2017-2018,male,30,39,waist_to_height,90,0.7068,ratio,346,19742476.0237,BMX_J,BMXWAIST/BMXHT,"Weighted with WTMEC2YR. DXA metrics require DXAEXSTS=1 and region invalidity flags where applicable. US population reference; use for scale, not as an athlete-specific ideal."
nhanes-2017-2018-male-30-39-waist_to_height-p95,NHANES 2017-2018,https://wwwn.cdc.gov/Nchs/Data/Nhanes/Public/2017/DataFiles/BMX_J.htm,2017-2018,male,30,39,waist_to_height,95,0.7494,ratio,346,19742476.0237,BMX_J,BMXWAIST/BMXHT,"Weighted with WTMEC2YR. DXA metrics require DXAEXSTS=1 and region invalidity flags where applicable. US population reference; use for scale, not as an athlete-specific ideal."
nhanes-2017-2018-male-40-49-waist_to_height-p5,NHANES 2017-2018,https://wwwn.cdc.gov/Nchs/Data/Nhanes/Public/2017/DataFiles/BMX_J.htm,2017-2018,male,40,49,waist_to_height,5,0.4709,ratio,355,18645032.8008,BMX_J,BMXWAIST/BMXHT,"Weighted with WTMEC2YR. DXA metrics require DXAEXSTS=1 and region invalidity flags where applicable. US population reference; use for scale, not as an athlete-specific ideal."
nhanes-2017-2018-male-40-49-waist_to_height-p10,NHANES 2017-2018,https://wwwn.cdc.gov/Nchs/Data/Nhanes/Public/2017/DataFiles/BMX_J.htm,2017-2018,male,40,49,waist_to_height,10,0.4948,ratio,355,18645032.8008,BMX_J,BMXWAIST/BMXHT,"Weighted with WTMEC2YR. DXA metrics require DXAEXSTS=1 and region invalidity flags where applicable. US population reference; use for scale, not as an athlete-specific ideal."
nhanes-2017-2018-male-40-49-waist_to_height-p25,NHANES 2017-2018,https://wwwn.cdc.gov/Nchs/Data/Nhanes/Public/2017/DataFiles/BMX_J.htm,2017-2018,male,40,49,waist_to_height,25,0.5425,ratio,355,18645032.8008,BMX_J,BMXWAIST/BMXHT,"Weighted with WTMEC2YR. DXA metrics require DXAEXSTS=1 and region invalidity flags where applicable. US population reference; use for scale, not as an athlete-specific ideal."
nhanes-2017-2018-male-40-49-waist_to_height-p50,NHANES 2017-2018,https://wwwn.cdc.gov/Nchs/Data/Nhanes/Public/2017/DataFiles/BMX_J.htm,2017-2018,male,40,49,waist_to_height,50,0.5915,ratio,355,18645032.8008,BMX_J,BMXWAIST/BMXHT,"Weighted with WTMEC2YR. DXA metrics require DXAEXSTS=1 and region invalidity flags where applicable. US population reference; use for scale, not as an athlete-specific ideal."
nhanes-2017-2018-male-40-49-waist_to_height-p75,NHANES 2017-2018,https://wwwn.cdc.gov/Nchs/Data/Nhanes/Public/2017/DataFiles/BMX_J.htm,2017-2018,male,40,49,waist_to_height,75,0.6472,ratio,355,18645032.8008,BMX_J,BMXWAIST/BMXHT,"Weighted with WTMEC2YR. DXA metrics require DXAEXSTS=1 and region invalidity flags where applicable. US population reference; use for scale, not as an athlete-specific ideal."
nhanes-2017-2018-male-40-49-waist_to_height-p90,NHANES 2017-2018,https://wwwn.cdc.gov/Nchs/Data/Nhanes/Public/2017/DataFiles/BMX_J.htm,2017-2018,male,40,49,waist_to_height,90,0.7204,ratio,355,18645032.8008,BMX_J,BMXWAIST/BMXHT,"Weighted with WTMEC2YR. DXA metrics require DXAEXSTS=1 and region invalidity flags where applicable. US population reference; use for scale, not as an athlete-specific ideal."
nhanes-2017-2018-male-40-49-waist_to_height-p95,NHANES 2017-2018,https://wwwn.cdc.gov/Nchs/Data/Nhanes/Public/2017/DataFiles/BMX_J.htm,2017-2018,male,40,49,waist_to_height,95,0.7561,ratio,355,18645032.8008,BMX_J,BMXWAIST/BMXHT,"Weighted with WTMEC2YR. DXA metrics require DXAEXSTS=1 and region invalidity flags where applicable. US population reference; use for scale, not as an athlete-specific ideal."
nhanes-2017-2018-male-50-59-waist_to_height-p5,NHANES 2017-2018,https://wwwn.cdc.gov/Nchs/Data/Nhanes/Public/2017/DataFiles/BMX_J.htm,2017-2018,male,50,59,waist_to_height,5,0.4727,ratio,390,20492522.809,BMX_J,BMXWAIST/BMXHT,"Weighted with WTMEC2YR. DXA metrics require DXAEXSTS=1 and region invalidity flags where applicable. US population reference; use for scale, not as an athlete-specific ideal."
nhanes-2017-2018-male-50-59-waist_to_height-p10,NHANES 2017-2018,https://wwwn.cdc.gov/Nchs/Data/Nhanes/Public/2017/DataFiles/BMX_J.htm,2017-2018,male,50,59,waist_to_height,10,0.5062,ratio,390,20492522.809,BMX_J,BMXWAIST/BMXHT,"Weighted with WTMEC2YR. DXA metrics require DXAEXSTS=1 and region invalidity flags where applicable. US population reference; use for scale, not as an athlete-specific ideal."
nhanes-2017-2018-male-50-59-waist_to_height-p25,NHANES 2017-2018,https://wwwn.cdc.gov/Nchs/Data/Nhanes/Public/2017/DataFiles/BMX_J.htm,2017-2018,male,50,59,waist_to_height,25,0.5505,ratio,390,20492522.809,BMX_J,BMXWAIST/BMXHT,"Weighted with WTMEC2YR. DXA metrics require DXAEXSTS=1 and region invalidity flags where applicable. US population reference; use for scale, not as an athlete-specific ideal."
nhanes-2017-2018-male-50-59-waist_to_height-p50,NHANES 2017-2018,https://wwwn.cdc.gov/Nchs/Data/Nhanes/Public/2017/DataFiles/BMX_J.htm,2017-2018,male,50,59,waist_to_height,50,0.5907,ratio,390,20492522.809,BMX_J,BMXWAIST/BMXHT,"Weighted with WTMEC2YR. DXA metrics require DXAEXSTS=1 and region invalidity flags where applicable. US population reference; use for scale, not as an athlete-specific ideal."
nhanes-2017-2018-male-50-59-waist_to_height-p75,NHANES 2017-2018,https://wwwn.cdc.gov/Nchs/Data/Nhanes/Public/2017/DataFiles/BMX_J.htm,2017-2018,male,50,59,waist_to_height,75,0.6511,ratio,390,20492522.809,BMX_J,BMXWAIST/BMXHT,"Weighted with WTMEC2YR. DXA metrics require DXAEXSTS=1 and region invalidity flags where applicable. US population reference; use for scale, not as an athlete-specific ideal."
nhanes-2017-2018-male-50-59-waist_to_height-p90,NHANES 2017-2018,https://wwwn.cdc.gov/Nchs/Data/Nhanes/Public/2017/DataFiles/BMX_J.htm,2017-2018,male,50,59,waist_to_height,90,0.7267,ratio,390,20492522.809,BMX_J,BMXWAIST/BMXHT,"Weighted with WTMEC2YR. DXA metrics require DXAEXSTS=1 and region invalidity flags where applicable. US population reference; use for scale, not as an athlete-specific ideal."
nhanes-2017-2018-male-50-59-waist_to_height-p95,NHANES 2017-2018,https://wwwn.cdc.gov/Nchs/Data/Nhanes/Public/2017/DataFiles/BMX_J.htm,2017-2018,male,50,59,waist_to_height,95,0.7867,ratio,390,20492522.809,BMX_J,BMXWAIST/BMXHT,"Weighted with WTMEC2YR. DXA metrics require DXAEXSTS=1 and region invalidity flags where applicable. US population reference; use for scale, not as an athlete-specific ideal."
nhanes-2017-2018-male-18-59-waist_to_height-p5,NHANES 2017-2018,https://wwwn.cdc.gov/Nchs/Data/Nhanes/Public/2017/DataFiles/BMX_J.htm,2017-2018,male,18,59,waist_to_height,5,0.4333,ratio,1581,84477179.6175,BMX_J,BMXWAIST/BMXHT,"Weighted with WTMEC2YR. DXA metrics require DXAEXSTS=1 and region invalidity flags where applicable. US population reference; use for scale, not as an athlete-specific ideal."
nhanes-2017-2018-male-18-59-waist_to_height-p10,NHANES 2017-2018,https://wwwn.cdc.gov/Nchs/Data/Nhanes/Public/2017/DataFiles/BMX_J.htm,2017-2018,male,18,59,waist_to_height,10,0.4536,ratio,1581,84477179.6175,BMX_J,BMXWAIST/BMXHT,"Weighted with WTMEC2YR. DXA metrics require DXAEXSTS=1 and region invalidity flags where applicable. US population reference; use for scale, not as an athlete-specific ideal."
nhanes-2017-2018-male-18-59-waist_to_height-p25,NHANES 2017-2018,https://wwwn.cdc.gov/Nchs/Data/Nhanes/Public/2017/DataFiles/BMX_J.htm,2017-2018,male,18,59,waist_to_height,25,0.5078,ratio,1581,84477179.6175,BMX_J,BMXWAIST/BMXHT,"Weighted with WTMEC2YR. DXA metrics require DXAEXSTS=1 and region invalidity flags where applicable. US population reference; use for scale, not as an athlete-specific ideal."
nhanes-2017-2018-male-18-59-waist_to_height-p50,NHANES 2017-2018,https://wwwn.cdc.gov/Nchs/Data/Nhanes/Public/2017/DataFiles/BMX_J.htm,2017-2018,male,18,59,waist_to_height,50,0.5692,ratio,1581,84477179.6175,BMX_J,BMXWAIST/BMXHT,"Weighted with WTMEC2YR. DXA metrics require DXAEXSTS=1 and region invalidity flags where applicable. US population reference; use for scale, not as an athlete-specific ideal."
nhanes-2017-2018-male-18-59-waist_to_height-p75,NHANES 2017-2018,https://wwwn.cdc.gov/Nchs/Data/Nhanes/Public/2017/DataFiles/BMX_J.htm,2017-2018,male,18,59,waist_to_height,75,0.6334,ratio,1581,84477179.6175,BMX_J,BMXWAIST/BMXHT,"Weighted with WTMEC2YR. DXA metrics require DXAEXSTS=1 and region invalidity flags where applicable. US population reference; use for scale, not as an athlete-specific ideal."
nhanes-2017-2018-male-18-59-waist_to_height-p90,NHANES 2017-2018,https://wwwn.cdc.gov/Nchs/Data/Nhanes/Public/2017/DataFiles/BMX_J.htm,2017-2018,male,18,59,waist_to_height,90,0.6997,ratio,1581,84477179.6175,BMX_J,BMXWAIST/BMXHT,"Weighted with WTMEC2YR. DXA metrics require DXAEXSTS=1 and region invalidity flags where applicable. US population reference; use for scale, not as an athlete-specific ideal."
nhanes-2017-2018-male-18-59-waist_to_height-p95,NHANES 2017-2018,https://wwwn.cdc.gov/Nchs/Data/Nhanes/Public/2017/DataFiles/BMX_J.htm,2017-2018,male,18,59,waist_to_height,95,0.7471,ratio,1581,84477179.6175,BMX_J,BMXWAIST/BMXHT,"Weighted with WTMEC2YR. DXA metrics require DXAEXSTS=1 and region invalidity flags where applicable. US population reference; use for scale, not as an athlete-specific ideal."
nhanes-2017-2018-female-18-29-waist_to_height-p5,NHANES 2017-2018,https://wwwn.cdc.gov/Nchs/Data/Nhanes/Public/2017/DataFiles/BMX_J.htm,2017-2018,female,18,29,waist_to_height,5,0.4258,ratio,498,24319005.6549,BMX_J,BMXWAIST/BMXHT,"Weighted with WTMEC2YR. DXA metrics require DXAEXSTS=1 and region invalidity flags where applicable. US population reference; use for scale, not as an athlete-specific ideal."
nhanes-2017-2018-female-18-29-waist_to_height-p10,NHANES 2017-2018,https://wwwn.cdc.gov/Nchs/Data/Nhanes/Public/2017/DataFiles/BMX_J.htm,2017-2018,female,18,29,waist_to_height,10,0.4401,ratio,498,24319005.6549,BMX_J,BMXWAIST/BMXHT,"Weighted with WTMEC2YR. DXA metrics require DXAEXSTS=1 and region invalidity flags where applicable. US population reference; use for scale, not as an athlete-specific ideal."
nhanes-2017-2018-female-18-29-waist_to_height-p25,NHANES 2017-2018,https://wwwn.cdc.gov/Nchs/Data/Nhanes/Public/2017/DataFiles/BMX_J.htm,2017-2018,female,18,29,waist_to_height,25,0.4689,ratio,498,24319005.6549,BMX_J,BMXWAIST/BMXHT,"Weighted with WTMEC2YR. DXA metrics require DXAEXSTS=1 and region invalidity flags where applicable. US population reference; use for scale, not as an athlete-specific ideal."
nhanes-2017-2018-female-18-29-waist_to_height-p50,NHANES 2017-2018,https://wwwn.cdc.gov/Nchs/Data/Nhanes/Public/2017/DataFiles/BMX_J.htm,2017-2018,female,18,29,waist_to_height,50,0.5521,ratio,498,24319005.6549,BMX_J,BMXWAIST/BMXHT,"Weighted with WTMEC2YR. DXA metrics require DXAEXSTS=1 and region invalidity flags where applicable. US population reference; use for scale, not as an athlete-specific ideal."
nhanes-2017-2018-female-18-29-waist_to_height-p75,NHANES 2017-2018,https://wwwn.cdc.gov/Nchs/Data/Nhanes/Public/2017/DataFiles/BMX_J.htm,2017-2018,female,18,29,waist_to_height,75,0.6582,ratio,498,24319005.6549,BMX_J,BMXWAIST/BMXHT,"Weighted with WTMEC2YR. DXA metrics require DXAEXSTS=1 and region invalidity flags where applicable. US population reference; use for scale, not as an athlete-specific ideal."
nhanes-2017-2018-female-18-29-waist_to_height-p90,NHANES 2017-2018,https://wwwn.cdc.gov/Nchs/Data/Nhanes/Public/2017/DataFiles/BMX_J.htm,2017-2018,female,18,29,waist_to_height,90,0.7347,ratio,498,24319005.6549,BMX_J,BMXWAIST/BMXHT,"Weighted with WTMEC2YR. DXA metrics require DXAEXSTS=1 and region invalidity flags where applicable. US population reference; use for scale, not as an athlete-specific ideal."
nhanes-2017-2018-female-18-29-waist_to_height-p95,NHANES 2017-2018,https://wwwn.cdc.gov/Nchs/Data/Nhanes/Public/2017/DataFiles/BMX_J.htm,2017-2018,female,18,29,waist_to_height,95,0.7779,ratio,498,24319005.6549,BMX_J,BMXWAIST/BMXHT,"Weighted with WTMEC2YR. DXA metrics require DXAEXSTS=1 and region invalidity flags where applicable. US population reference; use for scale, not as an athlete-specific ideal."
nhanes-2017-2018-female-30-39-waist_to_height-p5,NHANES 2017-2018,https://wwwn.cdc.gov/Nchs/Data/Nhanes/Public/2017/DataFiles/BMX_J.htm,2017-2018,female,30,39,waist_to_height,5,0.4456,ratio,420,20637185.7116,BMX_J,BMXWAIST/BMXHT,"Weighted with WTMEC2YR. DXA metrics require DXAEXSTS=1 and region invalidity flags where applicable. US population reference; use for scale, not as an athlete-specific ideal."
nhanes-2017-2018-female-30-39-waist_to_height-p10,NHANES 2017-2018,https://wwwn.cdc.gov/Nchs/Data/Nhanes/Public/2017/DataFiles/BMX_J.htm,2017-2018,female,30,39,waist_to_height,10,0.4654,ratio,420,20637185.7116,BMX_J,BMXWAIST/BMXHT,"Weighted with WTMEC2YR. DXA metrics require DXAEXSTS=1 and region invalidity flags where applicable. US population reference; use for scale, not as an athlete-specific ideal."
nhanes-2017-2018-female-30-39-waist_to_height-p25,NHANES 2017-2018,https://wwwn.cdc.gov/Nchs/Data/Nhanes/Public/2017/DataFiles/BMX_J.htm,2017-2018,female,30,39,waist_to_height,25,0.5132,ratio,420,20637185.7116,BMX_J,BMXWAIST/BMXHT,"Weighted with WTMEC2YR. DXA metrics require DXAEXSTS=1 and region invalidity flags where applicable. US population reference; use for scale, not as an athlete-specific ideal."
nhanes-2017-2018-female-30-39-waist_to_height-p50,NHANES 2017-2018,https://wwwn.cdc.gov/Nchs/Data/Nhanes/Public/2017/DataFiles/BMX_J.htm,2017-2018,female,30,39,waist_to_height,50,0.5818,ratio,420,20637185.7116,BMX_J,BMXWAIST/BMXHT,"Weighted with WTMEC2YR. DXA metrics require DXAEXSTS=1 and region invalidity flags where applicable. US population reference; use for scale, not as an athlete-specific ideal."
nhanes-2017-2018-female-30-39-waist_to_height-p75,NHANES 2017-2018,https://wwwn.cdc.gov/Nchs/Data/Nhanes/Public/2017/DataFiles/BMX_J.htm,2017-2018,female,30,39,waist_to_height,75,0.6749,ratio,420,20637185.7116,BMX_J,BMXWAIST/BMXHT,"Weighted with WTMEC2YR. DXA metrics require DXAEXSTS=1 and region invalidity flags where applicable. US population reference; use for scale, not as an athlete-specific ideal."
nhanes-2017-2018-female-30-39-waist_to_height-p90,NHANES 2017-2018,https://wwwn.cdc.gov/Nchs/Data/Nhanes/Public/2017/DataFiles/BMX_J.htm,2017-2018,female,30,39,waist_to_height,90,0.7714,ratio,420,20637185.7116,BMX_J,BMXWAIST/BMXHT,"Weighted with WTMEC2YR. DXA metrics require DXAEXSTS=1 and region invalidity flags where applicable. US population reference; use for scale, not as an athlete-specific ideal."
nhanes-2017-2018-female-30-39-waist_to_height-p95,NHANES 2017-2018,https://wwwn.cdc.gov/Nchs/Data/Nhanes/Public/2017/DataFiles/BMX_J.htm,2017-2018,female,30,39,waist_to_height,95,0.8208,ratio,420,20637185.7116,BMX_J,BMXWAIST/BMXHT,"Weighted with WTMEC2YR. DXA metrics require DXAEXSTS=1 and region invalidity flags where applicable. US population reference; use for scale, not as an athlete-specific ideal."
nhanes-2017-2018-female-40-49-waist_to_height-p5,NHANES 2017-2018,https://wwwn.cdc.gov/Nchs/Data/Nhanes/Public/2017/DataFiles/BMX_J.htm,2017-2018,female,40,49,waist_to_height,5,0.4769,ratio,385,18400240.4416,BMX_J,BMXWAIST/BMXHT,"Weighted with WTMEC2YR. DXA metrics require DXAEXSTS=1 and region invalidity flags where applicable. US population reference; use for scale, not as an athlete-specific ideal."
nhanes-2017-2018-female-40-49-waist_to_height-p10,NHANES 2017-2018,https://wwwn.cdc.gov/Nchs/Data/Nhanes/Public/2017/DataFiles/BMX_J.htm,2017-2018,female,40,49,waist_to_height,10,0.4887,ratio,385,18400240.4416,BMX_J,BMXWAIST/BMXHT,"Weighted with WTMEC2YR. DXA metrics require DXAEXSTS=1 and region invalidity flags where applicable. US population reference; use for scale, not as an athlete-specific ideal."
nhanes-2017-2018-female-40-49-waist_to_height-p25,NHANES 2017-2018,https://wwwn.cdc.gov/Nchs/Data/Nhanes/Public/2017/DataFiles/BMX_J.htm,2017-2018,female,40,49,waist_to_height,25,0.5234,ratio,385,18400240.4416,BMX_J,BMXWAIST/BMXHT,"Weighted with WTMEC2YR. DXA metrics require DXAEXSTS=1 and region invalidity flags where applicable. US population reference; use for scale, not as an athlete-specific ideal."
nhanes-2017-2018-female-40-49-waist_to_height-p50,NHANES 2017-2018,https://wwwn.cdc.gov/Nchs/Data/Nhanes/Public/2017/DataFiles/BMX_J.htm,2017-2018,female,40,49,waist_to_height,50,0.6,ratio,385,18400240.4416,BMX_J,BMXWAIST/BMXHT,"Weighted with WTMEC2YR. DXA metrics require DXAEXSTS=1 and region invalidity flags where applicable. US population reference; use for scale, not as an athlete-specific ideal."
nhanes-2017-2018-female-40-49-waist_to_height-p75,NHANES 2017-2018,https://wwwn.cdc.gov/Nchs/Data/Nhanes/Public/2017/DataFiles/BMX_J.htm,2017-2018,female,40,49,waist_to_height,75,0.6759,ratio,385,18400240.4416,BMX_J,BMXWAIST/BMXHT,"Weighted with WTMEC2YR. DXA metrics require DXAEXSTS=1 and region invalidity flags where applicable. US population reference; use for scale, not as an athlete-specific ideal."
nhanes-2017-2018-female-40-49-waist_to_height-p90,NHANES 2017-2018,https://wwwn.cdc.gov/Nchs/Data/Nhanes/Public/2017/DataFiles/BMX_J.htm,2017-2018,female,40,49,waist_to_height,90,0.8018,ratio,385,18400240.4416,BMX_J,BMXWAIST/BMXHT,"Weighted with WTMEC2YR. DXA metrics require DXAEXSTS=1 and region invalidity flags where applicable. US population reference; use for scale, not as an athlete-specific ideal."
nhanes-2017-2018-female-40-49-waist_to_height-p95,NHANES 2017-2018,https://wwwn.cdc.gov/Nchs/Data/Nhanes/Public/2017/DataFiles/BMX_J.htm,2017-2018,female,40,49,waist_to_height,95,0.8417,ratio,385,18400240.4416,BMX_J,BMXWAIST/BMXHT,"Weighted with WTMEC2YR. DXA metrics require DXAEXSTS=1 and region invalidity flags where applicable. US population reference; use for scale, not as an athlete-specific ideal."
nhanes-2017-2018-female-50-59-waist_to_height-p5,NHANES 2017-2018,https://wwwn.cdc.gov/Nchs/Data/Nhanes/Public/2017/DataFiles/BMX_J.htm,2017-2018,female,50,59,waist_to_height,5,0.4483,ratio,449,22362077.7408,BMX_J,BMXWAIST/BMXHT,"Weighted with WTMEC2YR. DXA metrics require DXAEXSTS=1 and region invalidity flags where applicable. US population reference; use for scale, not as an athlete-specific ideal."
nhanes-2017-2018-female-50-59-waist_to_height-p10,NHANES 2017-2018,https://wwwn.cdc.gov/Nchs/Data/Nhanes/Public/2017/DataFiles/BMX_J.htm,2017-2018,female,50,59,waist_to_height,10,0.4629,ratio,449,22362077.7408,BMX_J,BMXWAIST/BMXHT,"Weighted with WTMEC2YR. DXA metrics require DXAEXSTS=1 and region invalidity flags where applicable. US population reference; use for scale, not as an athlete-specific ideal."
nhanes-2017-2018-female-50-59-waist_to_height-p25,NHANES 2017-2018,https://wwwn.cdc.gov/Nchs/Data/Nhanes/Public/2017/DataFiles/BMX_J.htm,2017-2018,female,50,59,waist_to_height,25,0.5266,ratio,449,22362077.7408,BMX_J,BMXWAIST/BMXHT,"Weighted with WTMEC2YR. DXA metrics require DXAEXSTS=1 and region invalidity flags where applicable. US population reference; use for scale, not as an athlete-specific ideal."
nhanes-2017-2018-female-50-59-waist_to_height-p50,NHANES 2017-2018,https://wwwn.cdc.gov/Nchs/Data/Nhanes/Public/2017/DataFiles/BMX_J.htm,2017-2018,female,50,59,waist_to_height,50,0.6041,ratio,449,22362077.7408,BMX_J,BMXWAIST/BMXHT,"Weighted with WTMEC2YR. DXA metrics require DXAEXSTS=1 and region invalidity flags where applicable. US population reference; use for scale, not as an athlete-specific ideal."
nhanes-2017-2018-female-50-59-waist_to_height-p75,NHANES 2017-2018,https://wwwn.cdc.gov/Nchs/Data/Nhanes/Public/2017/DataFiles/BMX_J.htm,2017-2018,female,50,59,waist_to_height,75,0.7001,ratio,449,22362077.7408,BMX_J,BMXWAIST/BMXHT,"Weighted with WTMEC2YR. DXA metrics require DXAEXSTS=1 and region invalidity flags where applicable. US population reference; use for scale, not as an athlete-specific ideal."
nhanes-2017-2018-female-50-59-waist_to_height-p90,NHANES 2017-2018,https://wwwn.cdc.gov/Nchs/Data/Nhanes/Public/2017/DataFiles/BMX_J.htm,2017-2018,female,50,59,waist_to_height,90,0.7839,ratio,449,22362077.7408,BMX_J,BMXWAIST/BMXHT,"Weighted with WTMEC2YR. DXA metrics require DXAEXSTS=1 and region invalidity flags where applicable. US population reference; use for scale, not as an athlete-specific ideal."
nhanes-2017-2018-female-50-59-waist_to_height-p95,NHANES 2017-2018,https://wwwn.cdc.gov/Nchs/Data/Nhanes/Public/2017/DataFiles/BMX_J.htm,2017-2018,female,50,59,waist_to_height,95,0.8084,ratio,449,22362077.7408,BMX_J,BMXWAIST/BMXHT,"Weighted with WTMEC2YR. DXA metrics require DXAEXSTS=1 and region invalidity flags where applicable. US population reference; use for scale, not as an athlete-specific ideal."
nhanes-2017-2018-female-18-59-waist_to_height-p5,NHANES 2017-2018,https://wwwn.cdc.gov/Nchs/Data/Nhanes/Public/2017/DataFiles/BMX_J.htm,2017-2018,female,18,59,waist_to_height,5,0.4408,ratio,1752,85718509.5489,BMX_J,BMXWAIST/BMXHT,"Weighted with WTMEC2YR. DXA metrics require DXAEXSTS=1 and region invalidity flags where applicable. US population reference; use for scale, not as an athlete-specific ideal."
nhanes-2017-2018-female-18-59-waist_to_height-p10,NHANES 2017-2018,https://wwwn.cdc.gov/Nchs/Data/Nhanes/Public/2017/DataFiles/BMX_J.htm,2017-2018,female,18,59,waist_to_height,10,0.4569,ratio,1752,85718509.5489,BMX_J,BMXWAIST/BMXHT,"Weighted with WTMEC2YR. DXA metrics require DXAEXSTS=1 and region invalidity flags where applicable. US population reference; use for scale, not as an athlete-specific ideal."
nhanes-2017-2018-female-18-59-waist_to_height-p25,NHANES 2017-2018,https://wwwn.cdc.gov/Nchs/Data/Nhanes/Public/2017/DataFiles/BMX_J.htm,2017-2018,female,18,59,waist_to_height,25,0.5074,ratio,1752,85718509.5489,BMX_J,BMXWAIST/BMXHT,"Weighted with WTMEC2YR. DXA metrics require DXAEXSTS=1 and region invalidity flags where applicable. US population reference; use for scale, not as an athlete-specific ideal."
nhanes-2017-2018-female-18-59-waist_to_height-p50,NHANES 2017-2018,https://wwwn.cdc.gov/Nchs/Data/Nhanes/Public/2017/DataFiles/BMX_J.htm,2017-2018,female,18,59,waist_to_height,50,0.5818,ratio,1752,85718509.5489,BMX_J,BMXWAIST/BMXHT,"Weighted with WTMEC2YR. DXA metrics require DXAEXSTS=1 and region invalidity flags where applicable. US population reference; use for scale, not as an athlete-specific ideal."
nhanes-2017-2018-female-18-59-waist_to_height-p75,NHANES 2017-2018,https://wwwn.cdc.gov/Nchs/Data/Nhanes/Public/2017/DataFiles/BMX_J.htm,2017-2018,female,18,59,waist_to_height,75,0.6741,ratio,1752,85718509.5489,BMX_J,BMXWAIST/BMXHT,"Weighted with WTMEC2YR. DXA metrics require DXAEXSTS=1 and region invalidity flags where applicable. US population reference; use for scale, not as an athlete-specific ideal."
nhanes-2017-2018-female-18-59-waist_to_height-p90,NHANES 2017-2018,https://wwwn.cdc.gov/Nchs/Data/Nhanes/Public/2017/DataFiles/BMX_J.htm,2017-2018,female,18,59,waist_to_height,90,0.7694,ratio,1752,85718509.5489,BMX_J,BMXWAIST/BMXHT,"Weighted with WTMEC2YR. DXA metrics require DXAEXSTS=1 and region invalidity flags where applicable. US population reference; use for scale, not as an athlete-specific ideal."
nhanes-2017-2018-female-18-59-waist_to_height-p95,NHANES 2017-2018,https://wwwn.cdc.gov/Nchs/Data/Nhanes/Public/2017/DataFiles/BMX_J.htm,2017-2018,female,18,59,waist_to_height,95,0.8128,ratio,1752,85718509.5489,BMX_J,BMXWAIST/BMXHT,"Weighted with WTMEC2YR. DXA metrics require DXAEXSTS=1 and region invalidity flags where applicable. US population reference; use for scale, not as an athlete-specific ideal."
nhanes-2017-2018-male-18-29-waist_to_hip-p5,NHANES 2017-2018,https://wwwn.cdc.gov/Nchs/Data/Nhanes/Public/2017/DataFiles/BMX_J.htm,2017-2018,male,18,29,waist_to_hip,5,0.789,ratio,489,25511735.3912,BMX_J,BMXWAIST/BMXHIP,"Weighted with WTMEC2YR. DXA metrics require DXAEXSTS=1 and region invalidity flags where applicable. US population reference; use for scale, not as an athlete-specific ideal."
nhanes-2017-2018-male-18-29-waist_to_hip-p10,NHANES 2017-2018,https://wwwn.cdc.gov/Nchs/Data/Nhanes/Public/2017/DataFiles/BMX_J.htm,2017-2018,male,18,29,waist_to_hip,10,0.8163,ratio,489,25511735.3912,BMX_J,BMXWAIST/BMXHIP,"Weighted with WTMEC2YR. DXA metrics require DXAEXSTS=1 and region invalidity flags where applicable. US population reference; use for scale, not as an athlete-specific ideal."
nhanes-2017-2018-male-18-29-waist_to_hip-p25,NHANES 2017-2018,https://wwwn.cdc.gov/Nchs/Data/Nhanes/Public/2017/DataFiles/BMX_J.htm,2017-2018,male,18,29,waist_to_hip,25,0.8506,ratio,489,25511735.3912,BMX_J,BMXWAIST/BMXHIP,"Weighted with WTMEC2YR. DXA metrics require DXAEXSTS=1 and region invalidity flags where applicable. US population reference; use for scale, not as an athlete-specific ideal."
nhanes-2017-2018-male-18-29-waist_to_hip-p50,NHANES 2017-2018,https://wwwn.cdc.gov/Nchs/Data/Nhanes/Public/2017/DataFiles/BMX_J.htm,2017-2018,male,18,29,waist_to_hip,50,0.8927,ratio,489,25511735.3912,BMX_J,BMXWAIST/BMXHIP,"Weighted with WTMEC2YR. DXA metrics require DXAEXSTS=1 and region invalidity flags where applicable. US population reference; use for scale, not as an athlete-specific ideal."
nhanes-2017-2018-male-18-29-waist_to_hip-p75,NHANES 2017-2018,https://wwwn.cdc.gov/Nchs/Data/Nhanes/Public/2017/DataFiles/BMX_J.htm,2017-2018,male,18,29,waist_to_hip,75,0.956,ratio,489,25511735.3912,BMX_J,BMXWAIST/BMXHIP,"Weighted with WTMEC2YR. DXA metrics require DXAEXSTS=1 and region invalidity flags where applicable. US population reference; use for scale, not as an athlete-specific ideal."
nhanes-2017-2018-male-18-29-waist_to_hip-p90,NHANES 2017-2018,https://wwwn.cdc.gov/Nchs/Data/Nhanes/Public/2017/DataFiles/BMX_J.htm,2017-2018,male,18,29,waist_to_hip,90,1.0074,ratio,489,25511735.3912,BMX_J,BMXWAIST/BMXHIP,"Weighted with WTMEC2YR. DXA metrics require DXAEXSTS=1 and region invalidity flags where applicable. US population reference; use for scale, not as an athlete-specific ideal."
nhanes-2017-2018-male-18-29-waist_to_hip-p95,NHANES 2017-2018,https://wwwn.cdc.gov/Nchs/Data/Nhanes/Public/2017/DataFiles/BMX_J.htm,2017-2018,male,18,29,waist_to_hip,95,1.0352,ratio,489,25511735.3912,BMX_J,BMXWAIST/BMXHIP,"Weighted with WTMEC2YR. DXA metrics require DXAEXSTS=1 and region invalidity flags where applicable. US population reference; use for scale, not as an athlete-specific ideal."
nhanes-2017-2018-male-30-39-waist_to_hip-p5,NHANES 2017-2018,https://wwwn.cdc.gov/Nchs/Data/Nhanes/Public/2017/DataFiles/BMX_J.htm,2017-2018,male,30,39,waist_to_hip,5,0.8421,ratio,345,19718960.9086,BMX_J,BMXWAIST/BMXHIP,"Weighted with WTMEC2YR. DXA metrics require DXAEXSTS=1 and region invalidity flags where applicable. US population reference; use for scale, not as an athlete-specific ideal."
nhanes-2017-2018-male-30-39-waist_to_hip-p10,NHANES 2017-2018,https://wwwn.cdc.gov/Nchs/Data/Nhanes/Public/2017/DataFiles/BMX_J.htm,2017-2018,male,30,39,waist_to_hip,10,0.8639,ratio,345,19718960.9086,BMX_J,BMXWAIST/BMXHIP,"Weighted with WTMEC2YR. DXA metrics require DXAEXSTS=1 and region invalidity flags where applicable. US population reference; use for scale, not as an athlete-specific ideal."
nhanes-2017-2018-male-30-39-waist_to_hip-p25,NHANES 2017-2018,https://wwwn.cdc.gov/Nchs/Data/Nhanes/Public/2017/DataFiles/BMX_J.htm,2017-2018,male,30,39,waist_to_hip,25,0.907,ratio,345,19718960.9086,BMX_J,BMXWAIST/BMXHIP,"Weighted with WTMEC2YR. DXA metrics require DXAEXSTS=1 and region invalidity flags where applicable. US population reference; use for scale, not as an athlete-specific ideal."
nhanes-2017-2018-male-30-39-waist_to_hip-p50,NHANES 2017-2018,https://wwwn.cdc.gov/Nchs/Data/Nhanes/Public/2017/DataFiles/BMX_J.htm,2017-2018,male,30,39,waist_to_hip,50,0.957,ratio,345,19718960.9086,BMX_J,BMXWAIST/BMXHIP,"Weighted with WTMEC2YR. DXA metrics require DXAEXSTS=1 and region invalidity flags where applicable. US population reference; use for scale, not as an athlete-specific ideal."
nhanes-2017-2018-male-30-39-waist_to_hip-p75,NHANES 2017-2018,https://wwwn.cdc.gov/Nchs/Data/Nhanes/Public/2017/DataFiles/BMX_J.htm,2017-2018,male,30,39,waist_to_hip,75,1.0021,ratio,345,19718960.9086,BMX_J,BMXWAIST/BMXHIP,"Weighted with WTMEC2YR. DXA metrics require DXAEXSTS=1 and region invalidity flags where applicable. US population reference; use for scale, not as an athlete-specific ideal."
nhanes-2017-2018-male-30-39-waist_to_hip-p90,NHANES 2017-2018,https://wwwn.cdc.gov/Nchs/Data/Nhanes/Public/2017/DataFiles/BMX_J.htm,2017-2018,male,30,39,waist_to_hip,90,1.0514,ratio,345,19718960.9086,BMX_J,BMXWAIST/BMXHIP,"Weighted with WTMEC2YR. DXA metrics require DXAEXSTS=1 and region invalidity flags where applicable. US population reference; use for scale, not as an athlete-specific ideal."
nhanes-2017-2018-male-30-39-waist_to_hip-p95,NHANES 2017-2018,https://wwwn.cdc.gov/Nchs/Data/Nhanes/Public/2017/DataFiles/BMX_J.htm,2017-2018,male,30,39,waist_to_hip,95,1.0661,ratio,345,19718960.9086,BMX_J,BMXWAIST/BMXHIP,"Weighted with WTMEC2YR. DXA metrics require DXAEXSTS=1 and region invalidity flags where applicable. US population reference; use for scale, not as an athlete-specific ideal."
nhanes-2017-2018-male-40-49-waist_to_hip-p5,NHANES 2017-2018,https://wwwn.cdc.gov/Nchs/Data/Nhanes/Public/2017/DataFiles/BMX_J.htm,2017-2018,male,40,49,waist_to_hip,5,0.8833,ratio,356,18658171.9627,BMX_J,BMXWAIST/BMXHIP,"Weighted with WTMEC2YR. DXA metrics require DXAEXSTS=1 and region invalidity flags where applicable. US population reference; use for scale, not as an athlete-specific ideal."
nhanes-2017-2018-male-40-49-waist_to_hip-p10,NHANES 2017-2018,https://wwwn.cdc.gov/Nchs/Data/Nhanes/Public/2017/DataFiles/BMX_J.htm,2017-2018,male,40,49,waist_to_hip,10,0.9023,ratio,356,18658171.9627,BMX_J,BMXWAIST/BMXHIP,"Weighted with WTMEC2YR. DXA metrics require DXAEXSTS=1 and region invalidity flags where applicable. US population reference; use for scale, not as an athlete-specific ideal."
nhanes-2017-2018-male-40-49-waist_to_hip-p25,NHANES 2017-2018,https://wwwn.cdc.gov/Nchs/Data/Nhanes/Public/2017/DataFiles/BMX_J.htm,2017-2018,male,40,49,waist_to_hip,25,0.9343,ratio,356,18658171.9627,BMX_J,BMXWAIST/BMXHIP,"Weighted with WTMEC2YR. DXA metrics require DXAEXSTS=1 and region invalidity flags where applicable. US population reference; use for scale, not as an athlete-specific ideal."
nhanes-2017-2018-male-40-49-waist_to_hip-p50,NHANES 2017-2018,https://wwwn.cdc.gov/Nchs/Data/Nhanes/Public/2017/DataFiles/BMX_J.htm,2017-2018,male,40,49,waist_to_hip,50,0.9768,ratio,356,18658171.9627,BMX_J,BMXWAIST/BMXHIP,"Weighted with WTMEC2YR. DXA metrics require DXAEXSTS=1 and region invalidity flags where applicable. US population reference; use for scale, not as an athlete-specific ideal."
nhanes-2017-2018-male-40-49-waist_to_hip-p75,NHANES 2017-2018,https://wwwn.cdc.gov/Nchs/Data/Nhanes/Public/2017/DataFiles/BMX_J.htm,2017-2018,male,40,49,waist_to_hip,75,1.0227,ratio,356,18658171.9627,BMX_J,BMXWAIST/BMXHIP,"Weighted with WTMEC2YR. DXA metrics require DXAEXSTS=1 and region invalidity flags where applicable. US population reference; use for scale, not as an athlete-specific ideal."
nhanes-2017-2018-male-40-49-waist_to_hip-p90,NHANES 2017-2018,https://wwwn.cdc.gov/Nchs/Data/Nhanes/Public/2017/DataFiles/BMX_J.htm,2017-2018,male,40,49,waist_to_hip,90,1.0644,ratio,356,18658171.9627,BMX_J,BMXWAIST/BMXHIP,"Weighted with WTMEC2YR. DXA metrics require DXAEXSTS=1 and region invalidity flags where applicable. US population reference; use for scale, not as an athlete-specific ideal."
nhanes-2017-2018-male-40-49-waist_to_hip-p95,NHANES 2017-2018,https://wwwn.cdc.gov/Nchs/Data/Nhanes/Public/2017/DataFiles/BMX_J.htm,2017-2018,male,40,49,waist_to_hip,95,1.0846,ratio,356,18658171.9627,BMX_J,BMXWAIST/BMXHIP,"Weighted with WTMEC2YR. DXA metrics require DXAEXSTS=1 and region invalidity flags where applicable. US population reference; use for scale, not as an athlete-specific ideal."
nhanes-2017-2018-male-50-59-waist_to_hip-p5,NHANES 2017-2018,https://wwwn.cdc.gov/Nchs/Data/Nhanes/Public/2017/DataFiles/BMX_J.htm,2017-2018,male,50,59,waist_to_hip,5,0.897,ratio,389,20211206.4411,BMX_J,BMXWAIST/BMXHIP,"Weighted with WTMEC2YR. DXA metrics require DXAEXSTS=1 and region invalidity flags where applicable. US population reference; use for scale, not as an athlete-specific ideal."
nhanes-2017-2018-male-50-59-waist_to_hip-p10,NHANES 2017-2018,https://wwwn.cdc.gov/Nchs/Data/Nhanes/Public/2017/DataFiles/BMX_J.htm,2017-2018,male,50,59,waist_to_hip,10,0.9211,ratio,389,20211206.4411,BMX_J,BMXWAIST/BMXHIP,"Weighted with WTMEC2YR. DXA metrics require DXAEXSTS=1 and region invalidity flags where applicable. US population reference; use for scale, not as an athlete-specific ideal."
nhanes-2017-2018-male-50-59-waist_to_hip-p25,NHANES 2017-2018,https://wwwn.cdc.gov/Nchs/Data/Nhanes/Public/2017/DataFiles/BMX_J.htm,2017-2018,male,50,59,waist_to_hip,25,0.959,ratio,389,20211206.4411,BMX_J,BMXWAIST/BMXHIP,"Weighted with WTMEC2YR. DXA metrics require DXAEXSTS=1 and region invalidity flags where applicable. US population reference; use for scale, not as an athlete-specific ideal."
nhanes-2017-2018-male-50-59-waist_to_hip-p50,NHANES 2017-2018,https://wwwn.cdc.gov/Nchs/Data/Nhanes/Public/2017/DataFiles/BMX_J.htm,2017-2018,male,50,59,waist_to_hip,50,0.9969,ratio,389,20211206.4411,BMX_J,BMXWAIST/BMXHIP,"Weighted with WTMEC2YR. DXA metrics require DXAEXSTS=1 and region invalidity flags where applicable. US population reference; use for scale, not as an athlete-specific ideal."
nhanes-2017-2018-male-50-59-waist_to_hip-p75,NHANES 2017-2018,https://wwwn.cdc.gov/Nchs/Data/Nhanes/Public/2017/DataFiles/BMX_J.htm,2017-2018,male,50,59,waist_to_hip,75,1.0412,ratio,389,20211206.4411,BMX_J,BMXWAIST/BMXHIP,"Weighted with WTMEC2YR. DXA metrics require DXAEXSTS=1 and region invalidity flags where applicable. US population reference; use for scale, not as an athlete-specific ideal."
nhanes-2017-2018-male-50-59-waist_to_hip-p90,NHANES 2017-2018,https://wwwn.cdc.gov/Nchs/Data/Nhanes/Public/2017/DataFiles/BMX_J.htm,2017-2018,male,50,59,waist_to_hip,90,1.0826,ratio,389,20211206.4411,BMX_J,BMXWAIST/BMXHIP,"Weighted with WTMEC2YR. DXA metrics require DXAEXSTS=1 and region invalidity flags where applicable. US population reference; use for scale, not as an athlete-specific ideal."
nhanes-2017-2018-male-50-59-waist_to_hip-p95,NHANES 2017-2018,https://wwwn.cdc.gov/Nchs/Data/Nhanes/Public/2017/DataFiles/BMX_J.htm,2017-2018,male,50,59,waist_to_hip,95,1.0905,ratio,389,20211206.4411,BMX_J,BMXWAIST/BMXHIP,"Weighted with WTMEC2YR. DXA metrics require DXAEXSTS=1 and region invalidity flags where applicable. US population reference; use for scale, not as an athlete-specific ideal."
nhanes-2017-2018-male-18-59-waist_to_hip-p5,NHANES 2017-2018,https://wwwn.cdc.gov/Nchs/Data/Nhanes/Public/2017/DataFiles/BMX_J.htm,2017-2018,male,18,59,waist_to_hip,5,0.8273,ratio,1579,84100074.7036,BMX_J,BMXWAIST/BMXHIP,"Weighted with WTMEC2YR. DXA metrics require DXAEXSTS=1 and region invalidity flags where applicable. US population reference; use for scale, not as an athlete-specific ideal."
nhanes-2017-2018-male-18-59-waist_to_hip-p10,NHANES 2017-2018,https://wwwn.cdc.gov/Nchs/Data/Nhanes/Public/2017/DataFiles/BMX_J.htm,2017-2018,male,18,59,waist_to_hip,10,0.8506,ratio,1579,84100074.7036,BMX_J,BMXWAIST/BMXHIP,"Weighted with WTMEC2YR. DXA metrics require DXAEXSTS=1 and region invalidity flags where applicable. US population reference; use for scale, not as an athlete-specific ideal."
nhanes-2017-2018-male-18-59-waist_to_hip-p25,NHANES 2017-2018,https://wwwn.cdc.gov/Nchs/Data/Nhanes/Public/2017/DataFiles/BMX_J.htm,2017-2018,male,18,59,waist_to_hip,25,0.8985,ratio,1579,84100074.7036,BMX_J,BMXWAIST/BMXHIP,"Weighted with WTMEC2YR. DXA metrics require DXAEXSTS=1 and region invalidity flags where applicable. US population reference; use for scale, not as an athlete-specific ideal."
nhanes-2017-2018-male-18-59-waist_to_hip-p50,NHANES 2017-2018,https://wwwn.cdc.gov/Nchs/Data/Nhanes/Public/2017/DataFiles/BMX_J.htm,2017-2018,male,18,59,waist_to_hip,50,0.959,ratio,1579,84100074.7036,BMX_J,BMXWAIST/BMXHIP,"Weighted with WTMEC2YR. DXA metrics require DXAEXSTS=1 and region invalidity flags where applicable. US population reference; use for scale, not as an athlete-specific ideal."
nhanes-2017-2018-male-18-59-waist_to_hip-p75,NHANES 2017-2018,https://wwwn.cdc.gov/Nchs/Data/Nhanes/Public/2017/DataFiles/BMX_J.htm,2017-2018,male,18,59,waist_to_hip,75,1.0116,ratio,1579,84100074.7036,BMX_J,BMXWAIST/BMXHIP,"Weighted with WTMEC2YR. DXA metrics require DXAEXSTS=1 and region invalidity flags where applicable. US population reference; use for scale, not as an athlete-specific ideal."
nhanes-2017-2018-male-18-59-waist_to_hip-p90,NHANES 2017-2018,https://wwwn.cdc.gov/Nchs/Data/Nhanes/Public/2017/DataFiles/BMX_J.htm,2017-2018,male,18,59,waist_to_hip,90,1.0565,ratio,1579,84100074.7036,BMX_J,BMXWAIST/BMXHIP,"Weighted with WTMEC2YR. DXA metrics require DXAEXSTS=1 and region invalidity flags where applicable. US population reference; use for scale, not as an athlete-specific ideal."
nhanes-2017-2018-male-18-59-waist_to_hip-p95,NHANES 2017-2018,https://wwwn.cdc.gov/Nchs/Data/Nhanes/Public/2017/DataFiles/BMX_J.htm,2017-2018,male,18,59,waist_to_hip,95,1.0784,ratio,1579,84100074.7036,BMX_J,BMXWAIST/BMXHIP,"Weighted with WTMEC2YR. DXA metrics require DXAEXSTS=1 and region invalidity flags where applicable. US population reference; use for scale, not as an athlete-specific ideal."
nhanes-2017-2018-female-18-29-waist_to_hip-p5,NHANES 2017-2018,https://wwwn.cdc.gov/Nchs/Data/Nhanes/Public/2017/DataFiles/BMX_J.htm,2017-2018,female,18,29,waist_to_hip,5,0.7497,ratio,498,24319005.6549,BMX_J,BMXWAIST/BMXHIP,"Weighted with WTMEC2YR. DXA metrics require DXAEXSTS=1 and region invalidity flags where applicable. US population reference; use for scale, not as an athlete-specific ideal."
nhanes-2017-2018-female-18-29-waist_to_hip-p10,NHANES 2017-2018,https://wwwn.cdc.gov/Nchs/Data/Nhanes/Public/2017/DataFiles/BMX_J.htm,2017-2018,female,18,29,waist_to_hip,10,0.7652,ratio,498,24319005.6549,BMX_J,BMXWAIST/BMXHIP,"Weighted with WTMEC2YR. DXA metrics require DXAEXSTS=1 and region invalidity flags where applicable. US population reference; use for scale, not as an athlete-specific ideal."
nhanes-2017-2018-female-18-29-waist_to_hip-p25,NHANES 2017-2018,https://wwwn.cdc.gov/Nchs/Data/Nhanes/Public/2017/DataFiles/BMX_J.htm,2017-2018,female,18,29,waist_to_hip,25,0.8054,ratio,498,24319005.6549,BMX_J,BMXWAIST/BMXHIP,"Weighted with WTMEC2YR. DXA metrics require DXAEXSTS=1 and region invalidity flags where applicable. US population reference; use for scale, not as an athlete-specific ideal."
nhanes-2017-2018-female-18-29-waist_to_hip-p50,NHANES 2017-2018,https://wwwn.cdc.gov/Nchs/Data/Nhanes/Public/2017/DataFiles/BMX_J.htm,2017-2018,female,18,29,waist_to_hip,50,0.8601,ratio,498,24319005.6549,BMX_J,BMXWAIST/BMXHIP,"Weighted with WTMEC2YR. DXA metrics require DXAEXSTS=1 and region invalidity flags where applicable. US population reference; use for scale, not as an athlete-specific ideal."
nhanes-2017-2018-female-18-29-waist_to_hip-p75,NHANES 2017-2018,https://wwwn.cdc.gov/Nchs/Data/Nhanes/Public/2017/DataFiles/BMX_J.htm,2017-2018,female,18,29,waist_to_hip,75,0.9208,ratio,498,24319005.6549,BMX_J,BMXWAIST/BMXHIP,"Weighted with WTMEC2YR. DXA metrics require DXAEXSTS=1 and region invalidity flags where applicable. US population reference; use for scale, not as an athlete-specific ideal."
nhanes-2017-2018-female-18-29-waist_to_hip-p90,NHANES 2017-2018,https://wwwn.cdc.gov/Nchs/Data/Nhanes/Public/2017/DataFiles/BMX_J.htm,2017-2018,female,18,29,waist_to_hip,90,0.9787,ratio,498,24319005.6549,BMX_J,BMXWAIST/BMXHIP,"Weighted with WTMEC2YR. DXA metrics require DXAEXSTS=1 and region invalidity flags where applicable. US population reference; use for scale, not as an athlete-specific ideal."
nhanes-2017-2018-female-18-29-waist_to_hip-p95,NHANES 2017-2018,https://wwwn.cdc.gov/Nchs/Data/Nhanes/Public/2017/DataFiles/BMX_J.htm,2017-2018,female,18,29,waist_to_hip,95,1.0136,ratio,498,24319005.6549,BMX_J,BMXWAIST/BMXHIP,"Weighted with WTMEC2YR. DXA metrics require DXAEXSTS=1 and region invalidity flags where applicable. US population reference; use for scale, not as an athlete-specific ideal."
nhanes-2017-2018-female-30-39-waist_to_hip-p5,NHANES 2017-2018,https://wwwn.cdc.gov/Nchs/Data/Nhanes/Public/2017/DataFiles/BMX_J.htm,2017-2018,female,30,39,waist_to_hip,5,0.7532,ratio,420,20637185.7116,BMX_J,BMXWAIST/BMXHIP,"Weighted with WTMEC2YR. DXA metrics require DXAEXSTS=1 and region invalidity flags where applicable. US population reference; use for scale, not as an athlete-specific ideal."
nhanes-2017-2018-female-30-39-waist_to_hip-p10,NHANES 2017-2018,https://wwwn.cdc.gov/Nchs/Data/Nhanes/Public/2017/DataFiles/BMX_J.htm,2017-2018,female,30,39,waist_to_hip,10,0.79,ratio,420,20637185.7116,BMX_J,BMXWAIST/BMXHIP,"Weighted with WTMEC2YR. DXA metrics require DXAEXSTS=1 and region invalidity flags where applicable. US population reference; use for scale, not as an athlete-specific ideal."
nhanes-2017-2018-female-30-39-waist_to_hip-p25,NHANES 2017-2018,https://wwwn.cdc.gov/Nchs/Data/Nhanes/Public/2017/DataFiles/BMX_J.htm,2017-2018,female,30,39,waist_to_hip,25,0.8217,ratio,420,20637185.7116,BMX_J,BMXWAIST/BMXHIP,"Weighted with WTMEC2YR. DXA metrics require DXAEXSTS=1 and region invalidity flags where applicable. US population reference; use for scale, not as an athlete-specific ideal."
nhanes-2017-2018-female-30-39-waist_to_hip-p50,NHANES 2017-2018,https://wwwn.cdc.gov/Nchs/Data/Nhanes/Public/2017/DataFiles/BMX_J.htm,2017-2018,female,30,39,waist_to_hip,50,0.873,ratio,420,20637185.7116,BMX_J,BMXWAIST/BMXHIP,"Weighted with WTMEC2YR. DXA metrics require DXAEXSTS=1 and region invalidity flags where applicable. US population reference; use for scale, not as an athlete-specific ideal."
nhanes-2017-2018-female-30-39-waist_to_hip-p75,NHANES 2017-2018,https://wwwn.cdc.gov/Nchs/Data/Nhanes/Public/2017/DataFiles/BMX_J.htm,2017-2018,female,30,39,waist_to_hip,75,0.9327,ratio,420,20637185.7116,BMX_J,BMXWAIST/BMXHIP,"Weighted with WTMEC2YR. DXA metrics require DXAEXSTS=1 and region invalidity flags where applicable. US population reference; use for scale, not as an athlete-specific ideal."
nhanes-2017-2018-female-30-39-waist_to_hip-p90,NHANES 2017-2018,https://wwwn.cdc.gov/Nchs/Data/Nhanes/Public/2017/DataFiles/BMX_J.htm,2017-2018,female,30,39,waist_to_hip,90,0.973,ratio,420,20637185.7116,BMX_J,BMXWAIST/BMXHIP,"Weighted with WTMEC2YR. DXA metrics require DXAEXSTS=1 and region invalidity flags where applicable. US population reference; use for scale, not as an athlete-specific ideal."
nhanes-2017-2018-female-30-39-waist_to_hip-p95,NHANES 2017-2018,https://wwwn.cdc.gov/Nchs/Data/Nhanes/Public/2017/DataFiles/BMX_J.htm,2017-2018,female,30,39,waist_to_hip,95,0.9982,ratio,420,20637185.7116,BMX_J,BMXWAIST/BMXHIP,"Weighted with WTMEC2YR. DXA metrics require DXAEXSTS=1 and region invalidity flags where applicable. US population reference; use for scale, not as an athlete-specific ideal."
nhanes-2017-2018-female-40-49-waist_to_hip-p5,NHANES 2017-2018,https://wwwn.cdc.gov/Nchs/Data/Nhanes/Public/2017/DataFiles/BMX_J.htm,2017-2018,female,40,49,waist_to_hip,5,0.7873,ratio,385,18400240.4416,BMX_J,BMXWAIST/BMXHIP,"Weighted with WTMEC2YR. DXA metrics require DXAEXSTS=1 and region invalidity flags where applicable. US population reference; use for scale, not as an athlete-specific ideal."
nhanes-2017-2018-female-40-49-waist_to_hip-p10,NHANES 2017-2018,https://wwwn.cdc.gov/Nchs/Data/Nhanes/Public/2017/DataFiles/BMX_J.htm,2017-2018,female,40,49,waist_to_hip,10,0.8042,ratio,385,18400240.4416,BMX_J,BMXWAIST/BMXHIP,"Weighted with WTMEC2YR. DXA metrics require DXAEXSTS=1 and region invalidity flags where applicable. US population reference; use for scale, not as an athlete-specific ideal."
nhanes-2017-2018-female-40-49-waist_to_hip-p25,NHANES 2017-2018,https://wwwn.cdc.gov/Nchs/Data/Nhanes/Public/2017/DataFiles/BMX_J.htm,2017-2018,female,40,49,waist_to_hip,25,0.8339,ratio,385,18400240.4416,BMX_J,BMXWAIST/BMXHIP,"Weighted with WTMEC2YR. DXA metrics require DXAEXSTS=1 and region invalidity flags where applicable. US population reference; use for scale, not as an athlete-specific ideal."
nhanes-2017-2018-female-40-49-waist_to_hip-p50,NHANES 2017-2018,https://wwwn.cdc.gov/Nchs/Data/Nhanes/Public/2017/DataFiles/BMX_J.htm,2017-2018,female,40,49,waist_to_hip,50,0.8874,ratio,385,18400240.4416,BMX_J,BMXWAIST/BMXHIP,"Weighted with WTMEC2YR. DXA metrics require DXAEXSTS=1 and region invalidity flags where applicable. US population reference; use for scale, not as an athlete-specific ideal."
nhanes-2017-2018-female-40-49-waist_to_hip-p75,NHANES 2017-2018,https://wwwn.cdc.gov/Nchs/Data/Nhanes/Public/2017/DataFiles/BMX_J.htm,2017-2018,female,40,49,waist_to_hip,75,0.936,ratio,385,18400240.4416,BMX_J,BMXWAIST/BMXHIP,"Weighted with WTMEC2YR. DXA metrics require DXAEXSTS=1 and region invalidity flags where applicable. US population reference; use for scale, not as an athlete-specific ideal."
nhanes-2017-2018-female-40-49-waist_to_hip-p90,NHANES 2017-2018,https://wwwn.cdc.gov/Nchs/Data/Nhanes/Public/2017/DataFiles/BMX_J.htm,2017-2018,female,40,49,waist_to_hip,90,0.9777,ratio,385,18400240.4416,BMX_J,BMXWAIST/BMXHIP,"Weighted with WTMEC2YR. DXA metrics require DXAEXSTS=1 and region invalidity flags where applicable. US population reference; use for scale, not as an athlete-specific ideal."
nhanes-2017-2018-female-40-49-waist_to_hip-p95,NHANES 2017-2018,https://wwwn.cdc.gov/Nchs/Data/Nhanes/Public/2017/DataFiles/BMX_J.htm,2017-2018,female,40,49,waist_to_hip,95,0.9938,ratio,385,18400240.4416,BMX_J,BMXWAIST/BMXHIP,"Weighted with WTMEC2YR. DXA metrics require DXAEXSTS=1 and region invalidity flags where applicable. US population reference; use for scale, not as an athlete-specific ideal."
nhanes-2017-2018-female-50-59-waist_to_hip-p5,NHANES 2017-2018,https://wwwn.cdc.gov/Nchs/Data/Nhanes/Public/2017/DataFiles/BMX_J.htm,2017-2018,female,50,59,waist_to_hip,5,0.791,ratio,447,22306924.4646,BMX_J,BMXWAIST/BMXHIP,"Weighted with WTMEC2YR. DXA metrics require DXAEXSTS=1 and region invalidity flags where applicable. US population reference; use for scale, not as an athlete-specific ideal."
nhanes-2017-2018-female-50-59-waist_to_hip-p10,NHANES 2017-2018,https://wwwn.cdc.gov/Nchs/Data/Nhanes/Public/2017/DataFiles/BMX_J.htm,2017-2018,female,50,59,waist_to_hip,10,0.813,ratio,447,22306924.4646,BMX_J,BMXWAIST/BMXHIP,"Weighted with WTMEC2YR. DXA metrics require DXAEXSTS=1 and region invalidity flags where applicable. US population reference; use for scale, not as an athlete-specific ideal."
nhanes-2017-2018-female-50-59-waist_to_hip-p25,NHANES 2017-2018,https://wwwn.cdc.gov/Nchs/Data/Nhanes/Public/2017/DataFiles/BMX_J.htm,2017-2018,female,50,59,waist_to_hip,25,0.849,ratio,447,22306924.4646,BMX_J,BMXWAIST/BMXHIP,"Weighted with WTMEC2YR. DXA metrics require DXAEXSTS=1 and region invalidity flags where applicable. US population reference; use for scale, not as an athlete-specific ideal."
nhanes-2017-2018-female-50-59-waist_to_hip-p50,NHANES 2017-2018,https://wwwn.cdc.gov/Nchs/Data/Nhanes/Public/2017/DataFiles/BMX_J.htm,2017-2018,female,50,59,waist_to_hip,50,0.9047,ratio,447,22306924.4646,BMX_J,BMXWAIST/BMXHIP,"Weighted with WTMEC2YR. DXA metrics require DXAEXSTS=1 and region invalidity flags where applicable. US population reference; use for scale, not as an athlete-specific ideal."
nhanes-2017-2018-female-50-59-waist_to_hip-p75,NHANES 2017-2018,https://wwwn.cdc.gov/Nchs/Data/Nhanes/Public/2017/DataFiles/BMX_J.htm,2017-2018,female,50,59,waist_to_hip,75,0.9498,ratio,447,22306924.4646,BMX_J,BMXWAIST/BMXHIP,"Weighted with WTMEC2YR. DXA metrics require DXAEXSTS=1 and region invalidity flags where applicable. US population reference; use for scale, not as an athlete-specific ideal."
nhanes-2017-2018-female-50-59-waist_to_hip-p90,NHANES 2017-2018,https://wwwn.cdc.gov/Nchs/Data/Nhanes/Public/2017/DataFiles/BMX_J.htm,2017-2018,female,50,59,waist_to_hip,90,0.9819,ratio,447,22306924.4646,BMX_J,BMXWAIST/BMXHIP,"Weighted with WTMEC2YR. DXA metrics require DXAEXSTS=1 and region invalidity flags where applicable. US population reference; use for scale, not as an athlete-specific ideal."
nhanes-2017-2018-female-50-59-waist_to_hip-p95,NHANES 2017-2018,https://wwwn.cdc.gov/Nchs/Data/Nhanes/Public/2017/DataFiles/BMX_J.htm,2017-2018,female,50,59,waist_to_hip,95,1.0082,ratio,447,22306924.4646,BMX_J,BMXWAIST/BMXHIP,"Weighted with WTMEC2YR. DXA metrics require DXAEXSTS=1 and region invalidity flags where applicable. US population reference; use for scale, not as an athlete-specific ideal."
nhanes-2017-2018-female-18-59-waist_to_hip-p5,NHANES 2017-2018,https://wwwn.cdc.gov/Nchs/Data/Nhanes/Public/2017/DataFiles/BMX_J.htm,2017-2018,female,18,59,waist_to_hip,5,0.7655,ratio,1750,85663356.2727,BMX_J,BMXWAIST/BMXHIP,"Weighted with WTMEC2YR. DXA metrics require DXAEXSTS=1 and region invalidity flags where applicable. US population reference; use for scale, not as an athlete-specific ideal."
nhanes-2017-2018-female-18-59-waist_to_hip-p10,NHANES 2017-2018,https://wwwn.cdc.gov/Nchs/Data/Nhanes/Public/2017/DataFiles/BMX_J.htm,2017-2018,female,18,59,waist_to_hip,10,0.79,ratio,1750,85663356.2727,BMX_J,BMXWAIST/BMXHIP,"Weighted with WTMEC2YR. DXA metrics require DXAEXSTS=1 and region invalidity flags where applicable. US population reference; use for scale, not as an athlete-specific ideal."
nhanes-2017-2018-female-18-59-waist_to_hip-p25,NHANES 2017-2018,https://wwwn.cdc.gov/Nchs/Data/Nhanes/Public/2017/DataFiles/BMX_J.htm,2017-2018,female,18,59,waist_to_hip,25,0.8251,ratio,1750,85663356.2727,BMX_J,BMXWAIST/BMXHIP,"Weighted with WTMEC2YR. DXA metrics require DXAEXSTS=1 and region invalidity flags where applicable. US population reference; use for scale, not as an athlete-specific ideal."
nhanes-2017-2018-female-18-59-waist_to_hip-p50,NHANES 2017-2018,https://wwwn.cdc.gov/Nchs/Data/Nhanes/Public/2017/DataFiles/BMX_J.htm,2017-2018,female,18,59,waist_to_hip,50,0.8822,ratio,1750,85663356.2727,BMX_J,BMXWAIST/BMXHIP,"Weighted with WTMEC2YR. DXA metrics require DXAEXSTS=1 and region invalidity flags where applicable. US population reference; use for scale, not as an athlete-specific ideal."
nhanes-2017-2018-female-18-59-waist_to_hip-p75,NHANES 2017-2018,https://wwwn.cdc.gov/Nchs/Data/Nhanes/Public/2017/DataFiles/BMX_J.htm,2017-2018,female,18,59,waist_to_hip,75,0.9374,ratio,1750,85663356.2727,BMX_J,BMXWAIST/BMXHIP,"Weighted with WTMEC2YR. DXA metrics require DXAEXSTS=1 and region invalidity flags where applicable. US population reference; use for scale, not as an athlete-specific ideal."
nhanes-2017-2018-female-18-59-waist_to_hip-p90,NHANES 2017-2018,https://wwwn.cdc.gov/Nchs/Data/Nhanes/Public/2017/DataFiles/BMX_J.htm,2017-2018,female,18,59,waist_to_hip,90,0.9777,ratio,1750,85663356.2727,BMX_J,BMXWAIST/BMXHIP,"Weighted with WTMEC2YR. DXA metrics require DXAEXSTS=1 and region invalidity flags where applicable. US population reference; use for scale, not as an athlete-specific ideal."
nhanes-2017-2018-female-18-59-waist_to_hip-p95,NHANES 2017-2018,https://wwwn.cdc.gov/Nchs/Data/Nhanes/Public/2017/DataFiles/BMX_J.htm,2017-2018,female,18,59,waist_to_hip,95,1.0027,ratio,1750,85663356.2727,BMX_J,BMXWAIST/BMXHIP,"Weighted with WTMEC2YR. DXA metrics require DXAEXSTS=1 and region invalidity flags where applicable. US population reference; use for scale, not as an athlete-specific ideal."
nhanes-2017-2018-male-18-29-total_fat_mass_kg-p5,NHANES 2017-2018,https://wwwn.cdc.gov/Nchs/Data/Nhanes/Public/2017/DataFiles/DXX_J.htm,2017-2018,male,18,29,total_fat_mass_kg,5,8.8596,kg,379,19527536.465,DXX_J,DXDTOFAT,"Weighted with WTMEC2YR. DXA metrics require DXAEXSTS=1 and region invalidity flags where applicable. US population reference; use for scale, not as an athlete-specific ideal."
nhanes-2017-2018-male-18-29-total_fat_mass_kg-p10,NHANES 2017-2018,https://wwwn.cdc.gov/Nchs/Data/Nhanes/Public/2017/DataFiles/DXX_J.htm,2017-2018,male,18,29,total_fat_mass_kg,10,9.9946,kg,379,19527536.465,DXX_J,DXDTOFAT,"Weighted with WTMEC2YR. DXA metrics require DXAEXSTS=1 and region invalidity flags where applicable. US population reference; use for scale, not as an athlete-specific ideal."
nhanes-2017-2018-male-18-29-total_fat_mass_kg-p25,NHANES 2017-2018,https://wwwn.cdc.gov/Nchs/Data/Nhanes/Public/2017/DataFiles/DXX_J.htm,2017-2018,male,18,29,total_fat_mass_kg,25,13.3353,kg,379,19527536.465,DXX_J,DXDTOFAT,"Weighted with WTMEC2YR. DXA metrics require DXAEXSTS=1 and region invalidity flags where applicable. US population reference; use for scale, not as an athlete-specific ideal."
nhanes-2017-2018-male-18-29-total_fat_mass_kg-p50,NHANES 2017-2018,https://wwwn.cdc.gov/Nchs/Data/Nhanes/Public/2017/DataFiles/DXX_J.htm,2017-2018,male,18,29,total_fat_mass_kg,50,19.6624,kg,379,19527536.465,DXX_J,DXDTOFAT,"Weighted with WTMEC2YR. DXA metrics require DXAEXSTS=1 and region invalidity flags where applicable. US population reference; use for scale, not as an athlete-specific ideal."
nhanes-2017-2018-male-18-29-total_fat_mass_kg-p75,NHANES 2017-2018,https://wwwn.cdc.gov/Nchs/Data/Nhanes/Public/2017/DataFiles/DXX_J.htm,2017-2018,male,18,29,total_fat_mass_kg,75,27.8872,kg,379,19527536.465,DXX_J,DXDTOFAT,"Weighted with WTMEC2YR. DXA metrics require DXAEXSTS=1 and region invalidity flags where applicable. US population reference; use for scale, not as an athlete-specific ideal."
nhanes-2017-2018-male-18-29-total_fat_mass_kg-p90,NHANES 2017-2018,https://wwwn.cdc.gov/Nchs/Data/Nhanes/Public/2017/DataFiles/DXX_J.htm,2017-2018,male,18,29,total_fat_mass_kg,90,35.9179,kg,379,19527536.465,DXX_J,DXDTOFAT,"Weighted with WTMEC2YR. DXA metrics require DXAEXSTS=1 and region invalidity flags where applicable. US population reference; use for scale, not as an athlete-specific ideal."
nhanes-2017-2018-male-18-29-total_fat_mass_kg-p95,NHANES 2017-2018,https://wwwn.cdc.gov/Nchs/Data/Nhanes/Public/2017/DataFiles/DXX_J.htm,2017-2018,male,18,29,total_fat_mass_kg,95,42.341,kg,379,19527536.465,DXX_J,DXDTOFAT,"Weighted with WTMEC2YR. DXA metrics require DXAEXSTS=1 and region invalidity flags where applicable. US population reference; use for scale, not as an athlete-specific ideal."
nhanes-2017-2018-male-30-39-total_fat_mass_kg-p5,NHANES 2017-2018,https://wwwn.cdc.gov/Nchs/Data/Nhanes/Public/2017/DataFiles/DXX_J.htm,2017-2018,male,30,39,total_fat_mass_kg,5,12.1138,kg,250,13745697.5879,DXX_J,DXDTOFAT,"Weighted with WTMEC2YR. DXA metrics require DXAEXSTS=1 and region invalidity flags where applicable. US population reference; use for scale, not as an athlete-specific ideal."
nhanes-2017-2018-male-30-39-total_fat_mass_kg-p10,NHANES 2017-2018,https://wwwn.cdc.gov/Nchs/Data/Nhanes/Public/2017/DataFiles/DXX_J.htm,2017-2018,male,30,39,total_fat_mass_kg,10,14.6817,kg,250,13745697.5879,DXX_J,DXDTOFAT,"Weighted with WTMEC2YR. DXA metrics require DXAEXSTS=1 and region invalidity flags where applicable. US population reference; use for scale, not as an athlete-specific ideal."
nhanes-2017-2018-male-30-39-total_fat_mass_kg-p25,NHANES 2017-2018,https://wwwn.cdc.gov/Nchs/Data/Nhanes/Public/2017/DataFiles/DXX_J.htm,2017-2018,male,30,39,total_fat_mass_kg,25,18.9765,kg,250,13745697.5879,DXX_J,DXDTOFAT,"Weighted with WTMEC2YR. DXA metrics require DXAEXSTS=1 and region invalidity flags where applicable. US population reference; use for scale, not as an athlete-specific ideal."
nhanes-2017-2018-male-30-39-total_fat_mass_kg-p50,NHANES 2017-2018,https://wwwn.cdc.gov/Nchs/Data/Nhanes/Public/2017/DataFiles/DXX_J.htm,2017-2018,male,30,39,total_fat_mass_kg,50,23.572,kg,250,13745697.5879,DXX_J,DXDTOFAT,"Weighted with WTMEC2YR. DXA metrics require DXAEXSTS=1 and region invalidity flags where applicable. US population reference; use for scale, not as an athlete-specific ideal."
nhanes-2017-2018-male-30-39-total_fat_mass_kg-p75,NHANES 2017-2018,https://wwwn.cdc.gov/Nchs/Data/Nhanes/Public/2017/DataFiles/DXX_J.htm,2017-2018,male,30,39,total_fat_mass_kg,75,30.2724,kg,250,13745697.5879,DXX_J,DXDTOFAT,"Weighted with WTMEC2YR. DXA metrics require DXAEXSTS=1 and region invalidity flags where applicable. US population reference; use for scale, not as an athlete-specific ideal."
nhanes-2017-2018-male-30-39-total_fat_mass_kg-p90,NHANES 2017-2018,https://wwwn.cdc.gov/Nchs/Data/Nhanes/Public/2017/DataFiles/DXX_J.htm,2017-2018,male,30,39,total_fat_mass_kg,90,39.0734,kg,250,13745697.5879,DXX_J,DXDTOFAT,"Weighted with WTMEC2YR. DXA metrics require DXAEXSTS=1 and region invalidity flags where applicable. US population reference; use for scale, not as an athlete-specific ideal."
nhanes-2017-2018-male-30-39-total_fat_mass_kg-p95,NHANES 2017-2018,https://wwwn.cdc.gov/Nchs/Data/Nhanes/Public/2017/DataFiles/DXX_J.htm,2017-2018,male,30,39,total_fat_mass_kg,95,44.1406,kg,250,13745697.5879,DXX_J,DXDTOFAT,"Weighted with WTMEC2YR. DXA metrics require DXAEXSTS=1 and region invalidity flags where applicable. US population reference; use for scale, not as an athlete-specific ideal."
nhanes-2017-2018-male-40-49-total_fat_mass_kg-p5,NHANES 2017-2018,https://wwwn.cdc.gov/Nchs/Data/Nhanes/Public/2017/DataFiles/DXX_J.htm,2017-2018,male,40,49,total_fat_mass_kg,5,13.5629,kg,264,13090051.1191,DXX_J,DXDTOFAT,"Weighted with WTMEC2YR. DXA metrics require DXAEXSTS=1 and region invalidity flags where applicable. US population reference; use for scale, not as an athlete-specific ideal."
nhanes-2017-2018-male-40-49-total_fat_mass_kg-p10,NHANES 2017-2018,https://wwwn.cdc.gov/Nchs/Data/Nhanes/Public/2017/DataFiles/DXX_J.htm,2017-2018,male,40,49,total_fat_mass_kg,10,16.3079,kg,264,13090051.1191,DXX_J,DXDTOFAT,"Weighted with WTMEC2YR. DXA metrics require DXAEXSTS=1 and region invalidity flags where applicable. US population reference; use for scale, not as an athlete-specific ideal."
nhanes-2017-2018-male-40-49-total_fat_mass_kg-p25,NHANES 2017-2018,https://wwwn.cdc.gov/Nchs/Data/Nhanes/Public/2017/DataFiles/DXX_J.htm,2017-2018,male,40,49,total_fat_mass_kg,25,20.361,kg,264,13090051.1191,DXX_J,DXDTOFAT,"Weighted with WTMEC2YR. DXA metrics require DXAEXSTS=1 and region invalidity flags where applicable. US population reference; use for scale, not as an athlete-specific ideal."
nhanes-2017-2018-male-40-49-total_fat_mass_kg-p50,NHANES 2017-2018,https://wwwn.cdc.gov/Nchs/Data/Nhanes/Public/2017/DataFiles/DXX_J.htm,2017-2018,male,40,49,total_fat_mass_kg,50,25.3009,kg,264,13090051.1191,DXX_J,DXDTOFAT,"Weighted with WTMEC2YR. DXA metrics require DXAEXSTS=1 and region invalidity flags where applicable. US population reference; use for scale, not as an athlete-specific ideal."
nhanes-2017-2018-male-40-49-total_fat_mass_kg-p75,NHANES 2017-2018,https://wwwn.cdc.gov/Nchs/Data/Nhanes/Public/2017/DataFiles/DXX_J.htm,2017-2018,male,40,49,total_fat_mass_kg,75,34.0597,kg,264,13090051.1191,DXX_J,DXDTOFAT,"Weighted with WTMEC2YR. DXA metrics require DXAEXSTS=1 and region invalidity flags where applicable. US population reference; use for scale, not as an athlete-specific ideal."
nhanes-2017-2018-male-40-49-total_fat_mass_kg-p90,NHANES 2017-2018,https://wwwn.cdc.gov/Nchs/Data/Nhanes/Public/2017/DataFiles/DXX_J.htm,2017-2018,male,40,49,total_fat_mass_kg,90,39.9167,kg,264,13090051.1191,DXX_J,DXDTOFAT,"Weighted with WTMEC2YR. DXA metrics require DXAEXSTS=1 and region invalidity flags where applicable. US population reference; use for scale, not as an athlete-specific ideal."
nhanes-2017-2018-male-40-49-total_fat_mass_kg-p95,NHANES 2017-2018,https://wwwn.cdc.gov/Nchs/Data/Nhanes/Public/2017/DataFiles/DXX_J.htm,2017-2018,male,40,49,total_fat_mass_kg,95,45.8711,kg,264,13090051.1191,DXX_J,DXDTOFAT,"Weighted with WTMEC2YR. DXA metrics require DXAEXSTS=1 and region invalidity flags where applicable. US population reference; use for scale, not as an athlete-specific ideal."
nhanes-2017-2018-male-50-59-total_fat_mass_kg-p5,NHANES 2017-2018,https://wwwn.cdc.gov/Nchs/Data/Nhanes/Public/2017/DataFiles/DXX_J.htm,2017-2018,male,50,59,total_fat_mass_kg,5,12.0348,kg,282,14049750.216,DXX_J,DXDTOFAT,"Weighted with WTMEC2YR. DXA metrics require DXAEXSTS=1 and region invalidity flags where applicable. US population reference; use for scale, not as an athlete-specific ideal."
nhanes-2017-2018-male-50-59-total_fat_mass_kg-p10,NHANES 2017-2018,https://wwwn.cdc.gov/Nchs/Data/Nhanes/Public/2017/DataFiles/DXX_J.htm,2017-2018,male,50,59,total_fat_mass_kg,10,16.0529,kg,282,14049750.216,DXX_J,DXDTOFAT,"Weighted with WTMEC2YR. DXA metrics require DXAEXSTS=1 and region invalidity flags where applicable. US population reference; use for scale, not as an athlete-specific ideal."
nhanes-2017-2018-male-50-59-total_fat_mass_kg-p25,NHANES 2017-2018,https://wwwn.cdc.gov/Nchs/Data/Nhanes/Public/2017/DataFiles/DXX_J.htm,2017-2018,male,50,59,total_fat_mass_kg,25,20.076,kg,282,14049750.216,DXX_J,DXDTOFAT,"Weighted with WTMEC2YR. DXA metrics require DXAEXSTS=1 and region invalidity flags where applicable. US population reference; use for scale, not as an athlete-specific ideal."
nhanes-2017-2018-male-50-59-total_fat_mass_kg-p50,NHANES 2017-2018,https://wwwn.cdc.gov/Nchs/Data/Nhanes/Public/2017/DataFiles/DXX_J.htm,2017-2018,male,50,59,total_fat_mass_kg,50,24.6725,kg,282,14049750.216,DXX_J,DXDTOFAT,"Weighted with WTMEC2YR. DXA metrics require DXAEXSTS=1 and region invalidity flags where applicable. US population reference; use for scale, not as an athlete-specific ideal."
nhanes-2017-2018-male-50-59-total_fat_mass_kg-p75,NHANES 2017-2018,https://wwwn.cdc.gov/Nchs/Data/Nhanes/Public/2017/DataFiles/DXX_J.htm,2017-2018,male,50,59,total_fat_mass_kg,75,29.66,kg,282,14049750.216,DXX_J,DXDTOFAT,"Weighted with WTMEC2YR. DXA metrics require DXAEXSTS=1 and region invalidity flags where applicable. US population reference; use for scale, not as an athlete-specific ideal."
nhanes-2017-2018-male-50-59-total_fat_mass_kg-p90,NHANES 2017-2018,https://wwwn.cdc.gov/Nchs/Data/Nhanes/Public/2017/DataFiles/DXX_J.htm,2017-2018,male,50,59,total_fat_mass_kg,90,38.8207,kg,282,14049750.216,DXX_J,DXDTOFAT,"Weighted with WTMEC2YR. DXA metrics require DXAEXSTS=1 and region invalidity flags where applicable. US population reference; use for scale, not as an athlete-specific ideal."
nhanes-2017-2018-male-50-59-total_fat_mass_kg-p95,NHANES 2017-2018,https://wwwn.cdc.gov/Nchs/Data/Nhanes/Public/2017/DataFiles/DXX_J.htm,2017-2018,male,50,59,total_fat_mass_kg,95,48.7961,kg,282,14049750.216,DXX_J,DXDTOFAT,"Weighted with WTMEC2YR. DXA metrics require DXAEXSTS=1 and region invalidity flags where applicable. US population reference; use for scale, not as an athlete-specific ideal."
nhanes-2017-2018-male-18-59-total_fat_mass_kg-p5,NHANES 2017-2018,https://wwwn.cdc.gov/Nchs/Data/Nhanes/Public/2017/DataFiles/DXX_J.htm,2017-2018,male,18,59,total_fat_mass_kg,5,10.4994,kg,1175,60413035.3881,DXX_J,DXDTOFAT,"Weighted with WTMEC2YR. DXA metrics require DXAEXSTS=1 and region invalidity flags where applicable. US population reference; use for scale, not as an athlete-specific ideal."
nhanes-2017-2018-male-18-59-total_fat_mass_kg-p10,NHANES 2017-2018,https://wwwn.cdc.gov/Nchs/Data/Nhanes/Public/2017/DataFiles/DXX_J.htm,2017-2018,male,18,59,total_fat_mass_kg,10,12.5459,kg,1175,60413035.3881,DXX_J,DXDTOFAT,"Weighted with WTMEC2YR. DXA metrics require DXAEXSTS=1 and region invalidity flags where applicable. US population reference; use for scale, not as an athlete-specific ideal."
nhanes-2017-2018-male-18-59-total_fat_mass_kg-p25,NHANES 2017-2018,https://wwwn.cdc.gov/Nchs/Data/Nhanes/Public/2017/DataFiles/DXX_J.htm,2017-2018,male,18,59,total_fat_mass_kg,25,17.3726,kg,1175,60413035.3881,DXX_J,DXDTOFAT,"Weighted with WTMEC2YR. DXA metrics require DXAEXSTS=1 and region invalidity flags where applicable. US population reference; use for scale, not as an athlete-specific ideal."
nhanes-2017-2018-male-18-59-total_fat_mass_kg-p50,NHANES 2017-2018,https://wwwn.cdc.gov/Nchs/Data/Nhanes/Public/2017/DataFiles/DXX_J.htm,2017-2018,male,18,59,total_fat_mass_kg,50,23.6936,kg,1175,60413035.3881,DXX_J,DXDTOFAT,"Weighted with WTMEC2YR. DXA metrics require DXAEXSTS=1 and region invalidity flags where applicable. US population reference; use for scale, not as an athlete-specific ideal."
nhanes-2017-2018-male-18-59-total_fat_mass_kg-p75,NHANES 2017-2018,https://wwwn.cdc.gov/Nchs/Data/Nhanes/Public/2017/DataFiles/DXX_J.htm,2017-2018,male,18,59,total_fat_mass_kg,75,30.316,kg,1175,60413035.3881,DXX_J,DXDTOFAT,"Weighted with WTMEC2YR. DXA metrics require DXAEXSTS=1 and region invalidity flags where applicable. US population reference; use for scale, not as an athlete-specific ideal."
nhanes-2017-2018-male-18-59-total_fat_mass_kg-p90,NHANES 2017-2018,https://wwwn.cdc.gov/Nchs/Data/Nhanes/Public/2017/DataFiles/DXX_J.htm,2017-2018,male,18,59,total_fat_mass_kg,90,38.6029,kg,1175,60413035.3881,DXX_J,DXDTOFAT,"Weighted with WTMEC2YR. DXA metrics require DXAEXSTS=1 and region invalidity flags where applicable. US population reference; use for scale, not as an athlete-specific ideal."
nhanes-2017-2018-male-18-59-total_fat_mass_kg-p95,NHANES 2017-2018,https://wwwn.cdc.gov/Nchs/Data/Nhanes/Public/2017/DataFiles/DXX_J.htm,2017-2018,male,18,59,total_fat_mass_kg,95,45.4555,kg,1175,60413035.3881,DXX_J,DXDTOFAT,"Weighted with WTMEC2YR. DXA metrics require DXAEXSTS=1 and region invalidity flags where applicable. US population reference; use for scale, not as an athlete-specific ideal."
nhanes-2017-2018-female-18-29-total_fat_mass_kg-p5,NHANES 2017-2018,https://wwwn.cdc.gov/Nchs/Data/Nhanes/Public/2017/DataFiles/DXX_J.htm,2017-2018,female,18,29,total_fat_mass_kg,5,12.6869,kg,370,18589693.6296,DXX_J,DXDTOFAT,"Weighted with WTMEC2YR. DXA metrics require DXAEXSTS=1 and region invalidity flags where applicable. US population reference; use for scale, not as an athlete-specific ideal."
nhanes-2017-2018-female-18-29-total_fat_mass_kg-p10,NHANES 2017-2018,https://wwwn.cdc.gov/Nchs/Data/Nhanes/Public/2017/DataFiles/DXX_J.htm,2017-2018,female,18,29,total_fat_mass_kg,10,14.3471,kg,370,18589693.6296,DXX_J,DXDTOFAT,"Weighted with WTMEC2YR. DXA metrics require DXAEXSTS=1 and region invalidity flags where applicable. US population reference; use for scale, not as an athlete-specific ideal."
nhanes-2017-2018-female-18-29-total_fat_mass_kg-p25,NHANES 2017-2018,https://wwwn.cdc.gov/Nchs/Data/Nhanes/Public/2017/DataFiles/DXX_J.htm,2017-2018,female,18,29,total_fat_mass_kg,25,17.6977,kg,370,18589693.6296,DXX_J,DXDTOFAT,"Weighted with WTMEC2YR. DXA metrics require DXAEXSTS=1 and region invalidity flags where applicable. US population reference; use for scale, not as an athlete-specific ideal."
nhanes-2017-2018-female-18-29-total_fat_mass_kg-p50,NHANES 2017-2018,https://wwwn.cdc.gov/Nchs/Data/Nhanes/Public/2017/DataFiles/DXX_J.htm,2017-2018,female,18,29,total_fat_mass_kg,50,26.6172,kg,370,18589693.6296,DXX_J,DXDTOFAT,"Weighted with WTMEC2YR. DXA metrics require DXAEXSTS=1 and region invalidity flags where applicable. US population reference; use for scale, not as an athlete-specific ideal."
nhanes-2017-2018-female-18-29-total_fat_mass_kg-p75,NHANES 2017-2018,https://wwwn.cdc.gov/Nchs/Data/Nhanes/Public/2017/DataFiles/DXX_J.htm,2017-2018,female,18,29,total_fat_mass_kg,75,35.1356,kg,370,18589693.6296,DXX_J,DXDTOFAT,"Weighted with WTMEC2YR. DXA metrics require DXAEXSTS=1 and region invalidity flags where applicable. US population reference; use for scale, not as an athlete-specific ideal."
nhanes-2017-2018-female-18-29-total_fat_mass_kg-p90,NHANES 2017-2018,https://wwwn.cdc.gov/Nchs/Data/Nhanes/Public/2017/DataFiles/DXX_J.htm,2017-2018,female,18,29,total_fat_mass_kg,90,45.2541,kg,370,18589693.6296,DXX_J,DXDTOFAT,"Weighted with WTMEC2YR. DXA metrics require DXAEXSTS=1 and region invalidity flags where applicable. US population reference; use for scale, not as an athlete-specific ideal."
nhanes-2017-2018-female-18-29-total_fat_mass_kg-p95,NHANES 2017-2018,https://wwwn.cdc.gov/Nchs/Data/Nhanes/Public/2017/DataFiles/DXX_J.htm,2017-2018,female,18,29,total_fat_mass_kg,95,54.86,kg,370,18589693.6296,DXX_J,DXDTOFAT,"Weighted with WTMEC2YR. DXA metrics require DXAEXSTS=1 and region invalidity flags where applicable. US population reference; use for scale, not as an athlete-specific ideal."
nhanes-2017-2018-female-30-39-total_fat_mass_kg-p5,NHANES 2017-2018,https://wwwn.cdc.gov/Nchs/Data/Nhanes/Public/2017/DataFiles/DXX_J.htm,2017-2018,female,30,39,total_fat_mass_kg,5,14.6784,kg,293,14187658.6457,DXX_J,DXDTOFAT,"Weighted with WTMEC2YR. DXA metrics require DXAEXSTS=1 and region invalidity flags where applicable. US population reference; use for scale, not as an athlete-specific ideal."
nhanes-2017-2018-female-30-39-total_fat_mass_kg-p10,NHANES 2017-2018,https://wwwn.cdc.gov/Nchs/Data/Nhanes/Public/2017/DataFiles/DXX_J.htm,2017-2018,female,30,39,total_fat_mass_kg,10,16.6926,kg,293,14187658.6457,DXX_J,DXDTOFAT,"Weighted with WTMEC2YR. DXA metrics require DXAEXSTS=1 and region invalidity flags where applicable. US population reference; use for scale, not as an athlete-specific ideal."
nhanes-2017-2018-female-30-39-total_fat_mass_kg-p25,NHANES 2017-2018,https://wwwn.cdc.gov/Nchs/Data/Nhanes/Public/2017/DataFiles/DXX_J.htm,2017-2018,female,30,39,total_fat_mass_kg,25,20.3909,kg,293,14187658.6457,DXX_J,DXDTOFAT,"Weighted with WTMEC2YR. DXA metrics require DXAEXSTS=1 and region invalidity flags where applicable. US population reference; use for scale, not as an athlete-specific ideal."
nhanes-2017-2018-female-30-39-total_fat_mass_kg-p50,NHANES 2017-2018,https://wwwn.cdc.gov/Nchs/Data/Nhanes/Public/2017/DataFiles/DXX_J.htm,2017-2018,female,30,39,total_fat_mass_kg,50,28.384,kg,293,14187658.6457,DXX_J,DXDTOFAT,"Weighted with WTMEC2YR. DXA metrics require DXAEXSTS=1 and region invalidity flags where applicable. US population reference; use for scale, not as an athlete-specific ideal."
nhanes-2017-2018-female-30-39-total_fat_mass_kg-p75,NHANES 2017-2018,https://wwwn.cdc.gov/Nchs/Data/Nhanes/Public/2017/DataFiles/DXX_J.htm,2017-2018,female,30,39,total_fat_mass_kg,75,38.0175,kg,293,14187658.6457,DXX_J,DXDTOFAT,"Weighted with WTMEC2YR. DXA metrics require DXAEXSTS=1 and region invalidity flags where applicable. US population reference; use for scale, not as an athlete-specific ideal."
nhanes-2017-2018-female-30-39-total_fat_mass_kg-p90,NHANES 2017-2018,https://wwwn.cdc.gov/Nchs/Data/Nhanes/Public/2017/DataFiles/DXX_J.htm,2017-2018,female,30,39,total_fat_mass_kg,90,48.3598,kg,293,14187658.6457,DXX_J,DXDTOFAT,"Weighted with WTMEC2YR. DXA metrics require DXAEXSTS=1 and region invalidity flags where applicable. US population reference; use for scale, not as an athlete-specific ideal."
nhanes-2017-2018-female-30-39-total_fat_mass_kg-p95,NHANES 2017-2018,https://wwwn.cdc.gov/Nchs/Data/Nhanes/Public/2017/DataFiles/DXX_J.htm,2017-2018,female,30,39,total_fat_mass_kg,95,56.8538,kg,293,14187658.6457,DXX_J,DXDTOFAT,"Weighted with WTMEC2YR. DXA metrics require DXAEXSTS=1 and region invalidity flags where applicable. US population reference; use for scale, not as an athlete-specific ideal."
nhanes-2017-2018-female-40-49-total_fat_mass_kg-p5,NHANES 2017-2018,https://wwwn.cdc.gov/Nchs/Data/Nhanes/Public/2017/DataFiles/DXX_J.htm,2017-2018,female,40,49,total_fat_mass_kg,5,15.3022,kg,289,14202291.3652,DXX_J,DXDTOFAT,"Weighted with WTMEC2YR. DXA metrics require DXAEXSTS=1 and region invalidity flags where applicable. US population reference; use for scale, not as an athlete-specific ideal."
nhanes-2017-2018-female-40-49-total_fat_mass_kg-p10,NHANES 2017-2018,https://wwwn.cdc.gov/Nchs/Data/Nhanes/Public/2017/DataFiles/DXX_J.htm,2017-2018,female,40,49,total_fat_mass_kg,10,18.435,kg,289,14202291.3652,DXX_J,DXDTOFAT,"Weighted with WTMEC2YR. DXA metrics require DXAEXSTS=1 and region invalidity flags where applicable. US population reference; use for scale, not as an athlete-specific ideal."
nhanes-2017-2018-female-40-49-total_fat_mass_kg-p25,NHANES 2017-2018,https://wwwn.cdc.gov/Nchs/Data/Nhanes/Public/2017/DataFiles/DXX_J.htm,2017-2018,female,40,49,total_fat_mass_kg,25,24.3383,kg,289,14202291.3652,DXX_J,DXDTOFAT,"Weighted with WTMEC2YR. DXA metrics require DXAEXSTS=1 and region invalidity flags where applicable. US population reference; use for scale, not as an athlete-specific ideal."
nhanes-2017-2018-female-40-49-total_fat_mass_kg-p50,NHANES 2017-2018,https://wwwn.cdc.gov/Nchs/Data/Nhanes/Public/2017/DataFiles/DXX_J.htm,2017-2018,female,40,49,total_fat_mass_kg,50,29.9063,kg,289,14202291.3652,DXX_J,DXDTOFAT,"Weighted with WTMEC2YR. DXA metrics require DXAEXSTS=1 and region invalidity flags where applicable. US population reference; use for scale, not as an athlete-specific ideal."
nhanes-2017-2018-female-40-49-total_fat_mass_kg-p75,NHANES 2017-2018,https://wwwn.cdc.gov/Nchs/Data/Nhanes/Public/2017/DataFiles/DXX_J.htm,2017-2018,female,40,49,total_fat_mass_kg,75,38.7491,kg,289,14202291.3652,DXX_J,DXDTOFAT,"Weighted with WTMEC2YR. DXA metrics require DXAEXSTS=1 and region invalidity flags where applicable. US population reference; use for scale, not as an athlete-specific ideal."
nhanes-2017-2018-female-40-49-total_fat_mass_kg-p90,NHANES 2017-2018,https://wwwn.cdc.gov/Nchs/Data/Nhanes/Public/2017/DataFiles/DXX_J.htm,2017-2018,female,40,49,total_fat_mass_kg,90,49.6678,kg,289,14202291.3652,DXX_J,DXDTOFAT,"Weighted with WTMEC2YR. DXA metrics require DXAEXSTS=1 and region invalidity flags where applicable. US population reference; use for scale, not as an athlete-specific ideal."
nhanes-2017-2018-female-40-49-total_fat_mass_kg-p95,NHANES 2017-2018,https://wwwn.cdc.gov/Nchs/Data/Nhanes/Public/2017/DataFiles/DXX_J.htm,2017-2018,female,40,49,total_fat_mass_kg,95,55.3433,kg,289,14202291.3652,DXX_J,DXDTOFAT,"Weighted with WTMEC2YR. DXA metrics require DXAEXSTS=1 and region invalidity flags where applicable. US population reference; use for scale, not as an athlete-specific ideal."
nhanes-2017-2018-female-50-59-total_fat_mass_kg-p5,NHANES 2017-2018,https://wwwn.cdc.gov/Nchs/Data/Nhanes/Public/2017/DataFiles/DXX_J.htm,2017-2018,female,50,59,total_fat_mass_kg,5,14.7435,kg,325,15080428.8046,DXX_J,DXDTOFAT,"Weighted with WTMEC2YR. DXA metrics require DXAEXSTS=1 and region invalidity flags where applicable. US population reference; use for scale, not as an athlete-specific ideal."
nhanes-2017-2018-female-50-59-total_fat_mass_kg-p10,NHANES 2017-2018,https://wwwn.cdc.gov/Nchs/Data/Nhanes/Public/2017/DataFiles/DXX_J.htm,2017-2018,female,50,59,total_fat_mass_kg,10,16.1826,kg,325,15080428.8046,DXX_J,DXDTOFAT,"Weighted with WTMEC2YR. DXA metrics require DXAEXSTS=1 and region invalidity flags where applicable. US population reference; use for scale, not as an athlete-specific ideal."
nhanes-2017-2018-female-50-59-total_fat_mass_kg-p25,NHANES 2017-2018,https://wwwn.cdc.gov/Nchs/Data/Nhanes/Public/2017/DataFiles/DXX_J.htm,2017-2018,female,50,59,total_fat_mass_kg,25,21.4631,kg,325,15080428.8046,DXX_J,DXDTOFAT,"Weighted with WTMEC2YR. DXA metrics require DXAEXSTS=1 and region invalidity flags where applicable. US population reference; use for scale, not as an athlete-specific ideal."
nhanes-2017-2018-female-50-59-total_fat_mass_kg-p50,NHANES 2017-2018,https://wwwn.cdc.gov/Nchs/Data/Nhanes/Public/2017/DataFiles/DXX_J.htm,2017-2018,female,50,59,total_fat_mass_kg,50,29.2661,kg,325,15080428.8046,DXX_J,DXDTOFAT,"Weighted with WTMEC2YR. DXA metrics require DXAEXSTS=1 and region invalidity flags where applicable. US population reference; use for scale, not as an athlete-specific ideal."
nhanes-2017-2018-female-50-59-total_fat_mass_kg-p75,NHANES 2017-2018,https://wwwn.cdc.gov/Nchs/Data/Nhanes/Public/2017/DataFiles/DXX_J.htm,2017-2018,female,50,59,total_fat_mass_kg,75,36.9533,kg,325,15080428.8046,DXX_J,DXDTOFAT,"Weighted with WTMEC2YR. DXA metrics require DXAEXSTS=1 and region invalidity flags where applicable. US population reference; use for scale, not as an athlete-specific ideal."
nhanes-2017-2018-female-50-59-total_fat_mass_kg-p90,NHANES 2017-2018,https://wwwn.cdc.gov/Nchs/Data/Nhanes/Public/2017/DataFiles/DXX_J.htm,2017-2018,female,50,59,total_fat_mass_kg,90,44.3591,kg,325,15080428.8046,DXX_J,DXDTOFAT,"Weighted with WTMEC2YR. DXA metrics require DXAEXSTS=1 and region invalidity flags where applicable. US population reference; use for scale, not as an athlete-specific ideal."
nhanes-2017-2018-female-50-59-total_fat_mass_kg-p95,NHANES 2017-2018,https://wwwn.cdc.gov/Nchs/Data/Nhanes/Public/2017/DataFiles/DXX_J.htm,2017-2018,female,50,59,total_fat_mass_kg,95,48.4436,kg,325,15080428.8046,DXX_J,DXDTOFAT,"Weighted with WTMEC2YR. DXA metrics require DXAEXSTS=1 and region invalidity flags where applicable. US population reference; use for scale, not as an athlete-specific ideal."
nhanes-2017-2018-female-18-59-total_fat_mass_kg-p5,NHANES 2017-2018,https://wwwn.cdc.gov/Nchs/Data/Nhanes/Public/2017/DataFiles/DXX_J.htm,2017-2018,female,18,59,total_fat_mass_kg,5,13.8914,kg,1277,62060072.4451,DXX_J,DXDTOFAT,"Weighted with WTMEC2YR. DXA metrics require DXAEXSTS=1 and region invalidity flags where applicable. US population reference; use for scale, not as an athlete-specific ideal."
nhanes-2017-2018-female-18-59-total_fat_mass_kg-p10,NHANES 2017-2018,https://wwwn.cdc.gov/Nchs/Data/Nhanes/Public/2017/DataFiles/DXX_J.htm,2017-2018,female,18,59,total_fat_mass_kg,10,15.6877,kg,1277,62060072.4451,DXX_J,DXDTOFAT,"Weighted with WTMEC2YR. DXA metrics require DXAEXSTS=1 and region invalidity flags where applicable. US population reference; use for scale, not as an athlete-specific ideal."
nhanes-2017-2018-female-18-59-total_fat_mass_kg-p25,NHANES 2017-2018,https://wwwn.cdc.gov/Nchs/Data/Nhanes/Public/2017/DataFiles/DXX_J.htm,2017-2018,female,18,59,total_fat_mass_kg,25,20.7316,kg,1277,62060072.4451,DXX_J,DXDTOFAT,"Weighted with WTMEC2YR. DXA metrics require DXAEXSTS=1 and region invalidity flags where applicable. US population reference; use for scale, not as an athlete-specific ideal."
nhanes-2017-2018-female-18-59-total_fat_mass_kg-p50,NHANES 2017-2018,https://wwwn.cdc.gov/Nchs/Data/Nhanes/Public/2017/DataFiles/DXX_J.htm,2017-2018,female,18,59,total_fat_mass_kg,50,28.0378,kg,1277,62060072.4451,DXX_J,DXDTOFAT,"Weighted with WTMEC2YR. DXA metrics require DXAEXSTS=1 and region invalidity flags where applicable. US population reference; use for scale, not as an athlete-specific ideal."
nhanes-2017-2018-female-18-59-total_fat_mass_kg-p75,NHANES 2017-2018,https://wwwn.cdc.gov/Nchs/Data/Nhanes/Public/2017/DataFiles/DXX_J.htm,2017-2018,female,18,59,total_fat_mass_kg,75,37.2047,kg,1277,62060072.4451,DXX_J,DXDTOFAT,"Weighted with WTMEC2YR. DXA metrics require DXAEXSTS=1 and region invalidity flags where applicable. US population reference; use for scale, not as an athlete-specific ideal."
nhanes-2017-2018-female-18-59-total_fat_mass_kg-p90,NHANES 2017-2018,https://wwwn.cdc.gov/Nchs/Data/Nhanes/Public/2017/DataFiles/DXX_J.htm,2017-2018,female,18,59,total_fat_mass_kg,90,46.497,kg,1277,62060072.4451,DXX_J,DXDTOFAT,"Weighted with WTMEC2YR. DXA metrics require DXAEXSTS=1 and region invalidity flags where applicable. US population reference; use for scale, not as an athlete-specific ideal."
nhanes-2017-2018-female-18-59-total_fat_mass_kg-p95,NHANES 2017-2018,https://wwwn.cdc.gov/Nchs/Data/Nhanes/Public/2017/DataFiles/DXX_J.htm,2017-2018,female,18,59,total_fat_mass_kg,95,54.8143,kg,1277,62060072.4451,DXX_J,DXDTOFAT,"Weighted with WTMEC2YR. DXA metrics require DXAEXSTS=1 and region invalidity flags where applicable. US population reference; use for scale, not as an athlete-specific ideal."
nhanes-2017-2018-male-18-29-total_lean_mass_excl_bmc_kg-p5,NHANES 2017-2018,https://wwwn.cdc.gov/Nchs/Data/Nhanes/Public/2017/DataFiles/DXX_J.htm,2017-2018,male,18,29,total_lean_mass_excl_bmc_kg,5,44.4699,kg,382,19588581.0613,DXX_J,DXDTOLE,"Weighted with WTMEC2YR. DXA metrics require DXAEXSTS=1 and region invalidity flags where applicable. US population reference; use for scale, not as an athlete-specific ideal."
nhanes-2017-2018-male-18-29-total_lean_mass_excl_bmc_kg-p10,NHANES 2017-2018,https://wwwn.cdc.gov/Nchs/Data/Nhanes/Public/2017/DataFiles/DXX_J.htm,2017-2018,male,18,29,total_lean_mass_excl_bmc_kg,10,46.3459,kg,382,19588581.0613,DXX_J,DXDTOLE,"Weighted with WTMEC2YR. DXA metrics require DXAEXSTS=1 and region invalidity flags where applicable. US population reference; use for scale, not as an athlete-specific ideal."
nhanes-2017-2018-male-18-29-total_lean_mass_excl_bmc_kg-p25,NHANES 2017-2018,https://wwwn.cdc.gov/Nchs/Data/Nhanes/Public/2017/DataFiles/DXX_J.htm,2017-2018,male,18,29,total_lean_mass_excl_bmc_kg,25,50.3325,kg,382,19588581.0613,DXX_J,DXDTOLE,"Weighted with WTMEC2YR. DXA metrics require DXAEXSTS=1 and region invalidity flags where applicable. US population reference; use for scale, not as an athlete-specific ideal."
nhanes-2017-2018-male-18-29-total_lean_mass_excl_bmc_kg-p50,NHANES 2017-2018,https://wwwn.cdc.gov/Nchs/Data/Nhanes/Public/2017/DataFiles/DXX_J.htm,2017-2018,male,18,29,total_lean_mass_excl_bmc_kg,50,56.5787,kg,382,19588581.0613,DXX_J,DXDTOLE,"Weighted with WTMEC2YR. DXA metrics require DXAEXSTS=1 and region invalidity flags where applicable. US population reference; use for scale, not as an athlete-specific ideal."
nhanes-2017-2018-male-18-29-total_lean_mass_excl_bmc_kg-p75,NHANES 2017-2018,https://wwwn.cdc.gov/Nchs/Data/Nhanes/Public/2017/DataFiles/DXX_J.htm,2017-2018,male,18,29,total_lean_mass_excl_bmc_kg,75,63.3214,kg,382,19588581.0613,DXX_J,DXDTOLE,"Weighted with WTMEC2YR. DXA metrics require DXAEXSTS=1 and region invalidity flags where applicable. US population reference; use for scale, not as an athlete-specific ideal."
nhanes-2017-2018-male-18-29-total_lean_mass_excl_bmc_kg-p90,NHANES 2017-2018,https://wwwn.cdc.gov/Nchs/Data/Nhanes/Public/2017/DataFiles/DXX_J.htm,2017-2018,male,18,29,total_lean_mass_excl_bmc_kg,90,71.6638,kg,382,19588581.0613,DXX_J,DXDTOLE,"Weighted with WTMEC2YR. DXA metrics require DXAEXSTS=1 and region invalidity flags where applicable. US population reference; use for scale, not as an athlete-specific ideal."
nhanes-2017-2018-male-18-29-total_lean_mass_excl_bmc_kg-p95,NHANES 2017-2018,https://wwwn.cdc.gov/Nchs/Data/Nhanes/Public/2017/DataFiles/DXX_J.htm,2017-2018,male,18,29,total_lean_mass_excl_bmc_kg,95,76.0594,kg,382,19588581.0613,DXX_J,DXDTOLE,"Weighted with WTMEC2YR. DXA metrics require DXAEXSTS=1 and region invalidity flags where applicable. US population reference; use for scale, not as an athlete-specific ideal."
nhanes-2017-2018-male-30-39-total_lean_mass_excl_bmc_kg-p5,NHANES 2017-2018,https://wwwn.cdc.gov/Nchs/Data/Nhanes/Public/2017/DataFiles/DXX_J.htm,2017-2018,male,30,39,total_lean_mass_excl_bmc_kg,5,48.3679,kg,256,14085352.557,DXX_J,DXDTOLE,"Weighted with WTMEC2YR. DXA metrics require DXAEXSTS=1 and region invalidity flags where applicable. US population reference; use for scale, not as an athlete-specific ideal."
nhanes-2017-2018-male-30-39-total_lean_mass_excl_bmc_kg-p10,NHANES 2017-2018,https://wwwn.cdc.gov/Nchs/Data/Nhanes/Public/2017/DataFiles/DXX_J.htm,2017-2018,male,30,39,total_lean_mass_excl_bmc_kg,10,51.1268,kg,256,14085352.557,DXX_J,DXDTOLE,"Weighted with WTMEC2YR. DXA metrics require DXAEXSTS=1 and region invalidity flags where applicable. US population reference; use for scale, not as an athlete-specific ideal."
nhanes-2017-2018-male-30-39-total_lean_mass_excl_bmc_kg-p25,NHANES 2017-2018,https://wwwn.cdc.gov/Nchs/Data/Nhanes/Public/2017/DataFiles/DXX_J.htm,2017-2018,male,30,39,total_lean_mass_excl_bmc_kg,25,55.3004,kg,256,14085352.557,DXX_J,DXDTOLE,"Weighted with WTMEC2YR. DXA metrics require DXAEXSTS=1 and region invalidity flags where applicable. US population reference; use for scale, not as an athlete-specific ideal."
nhanes-2017-2018-male-30-39-total_lean_mass_excl_bmc_kg-p50,NHANES 2017-2018,https://wwwn.cdc.gov/Nchs/Data/Nhanes/Public/2017/DataFiles/DXX_J.htm,2017-2018,male,30,39,total_lean_mass_excl_bmc_kg,50,61.2403,kg,256,14085352.557,DXX_J,DXDTOLE,"Weighted with WTMEC2YR. DXA metrics require DXAEXSTS=1 and region invalidity flags where applicable. US population reference; use for scale, not as an athlete-specific ideal."
nhanes-2017-2018-male-30-39-total_lean_mass_excl_bmc_kg-p75,NHANES 2017-2018,https://wwwn.cdc.gov/Nchs/Data/Nhanes/Public/2017/DataFiles/DXX_J.htm,2017-2018,male,30,39,total_lean_mass_excl_bmc_kg,75,68.522,kg,256,14085352.557,DXX_J,DXDTOLE,"Weighted with WTMEC2YR. DXA metrics require DXAEXSTS=1 and region invalidity flags where applicable. US population reference; use for scale, not as an athlete-specific ideal."
nhanes-2017-2018-male-30-39-total_lean_mass_excl_bmc_kg-p90,NHANES 2017-2018,https://wwwn.cdc.gov/Nchs/Data/Nhanes/Public/2017/DataFiles/DXX_J.htm,2017-2018,male,30,39,total_lean_mass_excl_bmc_kg,90,74.1264,kg,256,14085352.557,DXX_J,DXDTOLE,"Weighted with WTMEC2YR. DXA metrics require DXAEXSTS=1 and region invalidity flags where applicable. US population reference; use for scale, not as an athlete-specific ideal."
nhanes-2017-2018-male-30-39-total_lean_mass_excl_bmc_kg-p95,NHANES 2017-2018,https://wwwn.cdc.gov/Nchs/Data/Nhanes/Public/2017/DataFiles/DXX_J.htm,2017-2018,male,30,39,total_lean_mass_excl_bmc_kg,95,78.0219,kg,256,14085352.557,DXX_J,DXDTOLE,"Weighted with WTMEC2YR. DXA metrics require DXAEXSTS=1 and region invalidity flags where applicable. US population reference; use for scale, not as an athlete-specific ideal."
nhanes-2017-2018-male-40-49-total_lean_mass_excl_bmc_kg-p5,NHANES 2017-2018,https://wwwn.cdc.gov/Nchs/Data/Nhanes/Public/2017/DataFiles/DXX_J.htm,2017-2018,male,40,49,total_lean_mass_excl_bmc_kg,5,46.9426,kg,272,13353872.572,DXX_J,DXDTOLE,"Weighted with WTMEC2YR. DXA metrics require DXAEXSTS=1 and region invalidity flags where applicable. US population reference; use for scale, not as an athlete-specific ideal."
nhanes-2017-2018-male-40-49-total_lean_mass_excl_bmc_kg-p10,NHANES 2017-2018,https://wwwn.cdc.gov/Nchs/Data/Nhanes/Public/2017/DataFiles/DXX_J.htm,2017-2018,male,40,49,total_lean_mass_excl_bmc_kg,10,48.9442,kg,272,13353872.572,DXX_J,DXDTOLE,"Weighted with WTMEC2YR. DXA metrics require DXAEXSTS=1 and region invalidity flags where applicable. US population reference; use for scale, not as an athlete-specific ideal."
nhanes-2017-2018-male-40-49-total_lean_mass_excl_bmc_kg-p25,NHANES 2017-2018,https://wwwn.cdc.gov/Nchs/Data/Nhanes/Public/2017/DataFiles/DXX_J.htm,2017-2018,male,40,49,total_lean_mass_excl_bmc_kg,25,55.5627,kg,272,13353872.572,DXX_J,DXDTOLE,"Weighted with WTMEC2YR. DXA metrics require DXAEXSTS=1 and region invalidity flags where applicable. US population reference; use for scale, not as an athlete-specific ideal."
nhanes-2017-2018-male-40-49-total_lean_mass_excl_bmc_kg-p50,NHANES 2017-2018,https://wwwn.cdc.gov/Nchs/Data/Nhanes/Public/2017/DataFiles/DXX_J.htm,2017-2018,male,40,49,total_lean_mass_excl_bmc_kg,50,61.1835,kg,272,13353872.572,DXX_J,DXDTOLE,"Weighted with WTMEC2YR. DXA metrics require DXAEXSTS=1 and region invalidity flags where applicable. US population reference; use for scale, not as an athlete-specific ideal."
nhanes-2017-2018-male-40-49-total_lean_mass_excl_bmc_kg-p75,NHANES 2017-2018,https://wwwn.cdc.gov/Nchs/Data/Nhanes/Public/2017/DataFiles/DXX_J.htm,2017-2018,male,40,49,total_lean_mass_excl_bmc_kg,75,68.8116,kg,272,13353872.572,DXX_J,DXDTOLE,"Weighted with WTMEC2YR. DXA metrics require DXAEXSTS=1 and region invalidity flags where applicable. US population reference; use for scale, not as an athlete-specific ideal."
nhanes-2017-2018-male-40-49-total_lean_mass_excl_bmc_kg-p90,NHANES 2017-2018,https://wwwn.cdc.gov/Nchs/Data/Nhanes/Public/2017/DataFiles/DXX_J.htm,2017-2018,male,40,49,total_lean_mass_excl_bmc_kg,90,78.7685,kg,272,13353872.572,DXX_J,DXDTOLE,"Weighted with WTMEC2YR. DXA metrics require DXAEXSTS=1 and region invalidity flags where applicable. US population reference; use for scale, not as an athlete-specific ideal."
nhanes-2017-2018-male-40-49-total_lean_mass_excl_bmc_kg-p95,NHANES 2017-2018,https://wwwn.cdc.gov/Nchs/Data/Nhanes/Public/2017/DataFiles/DXX_J.htm,2017-2018,male,40,49,total_lean_mass_excl_bmc_kg,95,82.6835,kg,272,13353872.572,DXX_J,DXDTOLE,"Weighted with WTMEC2YR. DXA metrics require DXAEXSTS=1 and region invalidity flags where applicable. US population reference; use for scale, not as an athlete-specific ideal."
nhanes-2017-2018-male-50-59-total_lean_mass_excl_bmc_kg-p5,NHANES 2017-2018,https://wwwn.cdc.gov/Nchs/Data/Nhanes/Public/2017/DataFiles/DXX_J.htm,2017-2018,male,50,59,total_lean_mass_excl_bmc_kg,5,46.7621,kg,288,14423483.425,DXX_J,DXDTOLE,"Weighted with WTMEC2YR. DXA metrics require DXAEXSTS=1 and region invalidity flags where applicable. US population reference; use for scale, not as an athlete-specific ideal."
nhanes-2017-2018-male-50-59-total_lean_mass_excl_bmc_kg-p10,NHANES 2017-2018,https://wwwn.cdc.gov/Nchs/Data/Nhanes/Public/2017/DataFiles/DXX_J.htm,2017-2018,male,50,59,total_lean_mass_excl_bmc_kg,10,49.2117,kg,288,14423483.425,DXX_J,DXDTOLE,"Weighted with WTMEC2YR. DXA metrics require DXAEXSTS=1 and region invalidity flags where applicable. US population reference; use for scale, not as an athlete-specific ideal."
nhanes-2017-2018-male-50-59-total_lean_mass_excl_bmc_kg-p25,NHANES 2017-2018,https://wwwn.cdc.gov/Nchs/Data/Nhanes/Public/2017/DataFiles/DXX_J.htm,2017-2018,male,50,59,total_lean_mass_excl_bmc_kg,25,54.4032,kg,288,14423483.425,DXX_J,DXDTOLE,"Weighted with WTMEC2YR. DXA metrics require DXAEXSTS=1 and region invalidity flags where applicable. US population reference; use for scale, not as an athlete-specific ideal."
nhanes-2017-2018-male-50-59-total_lean_mass_excl_bmc_kg-p50,NHANES 2017-2018,https://wwwn.cdc.gov/Nchs/Data/Nhanes/Public/2017/DataFiles/DXX_J.htm,2017-2018,male,50,59,total_lean_mass_excl_bmc_kg,50,61.1507,kg,288,14423483.425,DXX_J,DXDTOLE,"Weighted with WTMEC2YR. DXA metrics require DXAEXSTS=1 and region invalidity flags where applicable. US population reference; use for scale, not as an athlete-specific ideal."
nhanes-2017-2018-male-50-59-total_lean_mass_excl_bmc_kg-p75,NHANES 2017-2018,https://wwwn.cdc.gov/Nchs/Data/Nhanes/Public/2017/DataFiles/DXX_J.htm,2017-2018,male,50,59,total_lean_mass_excl_bmc_kg,75,67.1932,kg,288,14423483.425,DXX_J,DXDTOLE,"Weighted with WTMEC2YR. DXA metrics require DXAEXSTS=1 and region invalidity flags where applicable. US population reference; use for scale, not as an athlete-specific ideal."
nhanes-2017-2018-male-50-59-total_lean_mass_excl_bmc_kg-p90,NHANES 2017-2018,https://wwwn.cdc.gov/Nchs/Data/Nhanes/Public/2017/DataFiles/DXX_J.htm,2017-2018,male,50,59,total_lean_mass_excl_bmc_kg,90,73.9685,kg,288,14423483.425,DXX_J,DXDTOLE,"Weighted with WTMEC2YR. DXA metrics require DXAEXSTS=1 and region invalidity flags where applicable. US population reference; use for scale, not as an athlete-specific ideal."
nhanes-2017-2018-male-50-59-total_lean_mass_excl_bmc_kg-p95,NHANES 2017-2018,https://wwwn.cdc.gov/Nchs/Data/Nhanes/Public/2017/DataFiles/DXX_J.htm,2017-2018,male,50,59,total_lean_mass_excl_bmc_kg,95,75.882,kg,288,14423483.425,DXX_J,DXDTOLE,"Weighted with WTMEC2YR. DXA metrics require DXAEXSTS=1 and region invalidity flags where applicable. US population reference; use for scale, not as an athlete-specific ideal."
nhanes-2017-2018-male-18-59-total_lean_mass_excl_bmc_kg-p5,NHANES 2017-2018,https://wwwn.cdc.gov/Nchs/Data/Nhanes/Public/2017/DataFiles/DXX_J.htm,2017-2018,male,18,59,total_lean_mass_excl_bmc_kg,5,45.0615,kg,1198,61451289.6153,DXX_J,DXDTOLE,"Weighted with WTMEC2YR. DXA metrics require DXAEXSTS=1 and region invalidity flags where applicable. US population reference; use for scale, not as an athlete-specific ideal."
nhanes-2017-2018-male-18-59-total_lean_mass_excl_bmc_kg-p10,NHANES 2017-2018,https://wwwn.cdc.gov/Nchs/Data/Nhanes/Public/2017/DataFiles/DXX_J.htm,2017-2018,male,18,59,total_lean_mass_excl_bmc_kg,10,48.292,kg,1198,61451289.6153,DXX_J,DXDTOLE,"Weighted with WTMEC2YR. DXA metrics require DXAEXSTS=1 and region invalidity flags where applicable. US population reference; use for scale, not as an athlete-specific ideal."
nhanes-2017-2018-male-18-59-total_lean_mass_excl_bmc_kg-p25,NHANES 2017-2018,https://wwwn.cdc.gov/Nchs/Data/Nhanes/Public/2017/DataFiles/DXX_J.htm,2017-2018,male,18,59,total_lean_mass_excl_bmc_kg,25,53.3188,kg,1198,61451289.6153,DXX_J,DXDTOLE,"Weighted with WTMEC2YR. DXA metrics require DXAEXSTS=1 and region invalidity flags where applicable. US population reference; use for scale, not as an athlete-specific ideal."
nhanes-2017-2018-male-18-59-total_lean_mass_excl_bmc_kg-p50,NHANES 2017-2018,https://wwwn.cdc.gov/Nchs/Data/Nhanes/Public/2017/DataFiles/DXX_J.htm,2017-2018,male,18,59,total_lean_mass_excl_bmc_kg,50,59.8754,kg,1198,61451289.6153,DXX_J,DXDTOLE,"Weighted with WTMEC2YR. DXA metrics require DXAEXSTS=1 and region invalidity flags where applicable. US population reference; use for scale, not as an athlete-specific ideal."
nhanes-2017-2018-male-18-59-total_lean_mass_excl_bmc_kg-p75,NHANES 2017-2018,https://wwwn.cdc.gov/Nchs/Data/Nhanes/Public/2017/DataFiles/DXX_J.htm,2017-2018,male,18,59,total_lean_mass_excl_bmc_kg,75,66.865,kg,1198,61451289.6153,DXX_J,DXDTOLE,"Weighted with WTMEC2YR. DXA metrics require DXAEXSTS=1 and region invalidity flags where applicable. US population reference; use for scale, not as an athlete-specific ideal."
nhanes-2017-2018-male-18-59-total_lean_mass_excl_bmc_kg-p90,NHANES 2017-2018,https://wwwn.cdc.gov/Nchs/Data/Nhanes/Public/2017/DataFiles/DXX_J.htm,2017-2018,male,18,59,total_lean_mass_excl_bmc_kg,90,74.1264,kg,1198,61451289.6153,DXX_J,DXDTOLE,"Weighted with WTMEC2YR. DXA metrics require DXAEXSTS=1 and region invalidity flags where applicable. US population reference; use for scale, not as an athlete-specific ideal."
nhanes-2017-2018-male-18-59-total_lean_mass_excl_bmc_kg-p95,NHANES 2017-2018,https://wwwn.cdc.gov/Nchs/Data/Nhanes/Public/2017/DataFiles/DXX_J.htm,2017-2018,male,18,59,total_lean_mass_excl_bmc_kg,95,78.0219,kg,1198,61451289.6153,DXX_J,DXDTOLE,"Weighted with WTMEC2YR. DXA metrics require DXAEXSTS=1 and region invalidity flags where applicable. US population reference; use for scale, not as an athlete-specific ideal."
nhanes-2017-2018-female-18-29-total_lean_mass_excl_bmc_kg-p5,NHANES 2017-2018,https://wwwn.cdc.gov/Nchs/Data/Nhanes/Public/2017/DataFiles/DXX_J.htm,2017-2018,female,18,29,total_lean_mass_excl_bmc_kg,5,31.8365,kg,396,19620013.1526,DXX_J,DXDTOLE,"Weighted with WTMEC2YR. DXA metrics require DXAEXSTS=1 and region invalidity flags where applicable. US population reference; use for scale, not as an athlete-specific ideal."
nhanes-2017-2018-female-18-29-total_lean_mass_excl_bmc_kg-p10,NHANES 2017-2018,https://wwwn.cdc.gov/Nchs/Data/Nhanes/Public/2017/DataFiles/DXX_J.htm,2017-2018,female,18,29,total_lean_mass_excl_bmc_kg,10,33.568,kg,396,19620013.1526,DXX_J,DXDTOLE,"Weighted with WTMEC2YR. DXA metrics require DXAEXSTS=1 and region invalidity flags where applicable. US population reference; use for scale, not as an athlete-specific ideal."
nhanes-2017-2018-female-18-29-total_lean_mass_excl_bmc_kg-p25,NHANES 2017-2018,https://wwwn.cdc.gov/Nchs/Data/Nhanes/Public/2017/DataFiles/DXX_J.htm,2017-2018,female,18,29,total_lean_mass_excl_bmc_kg,25,37.8443,kg,396,19620013.1526,DXX_J,DXDTOLE,"Weighted with WTMEC2YR. DXA metrics require DXAEXSTS=1 and region invalidity flags where applicable. US population reference; use for scale, not as an athlete-specific ideal."
nhanes-2017-2018-female-18-29-total_lean_mass_excl_bmc_kg-p50,NHANES 2017-2018,https://wwwn.cdc.gov/Nchs/Data/Nhanes/Public/2017/DataFiles/DXX_J.htm,2017-2018,female,18,29,total_lean_mass_excl_bmc_kg,50,42.694,kg,396,19620013.1526,DXX_J,DXDTOLE,"Weighted with WTMEC2YR. DXA metrics require DXAEXSTS=1 and region invalidity flags where applicable. US population reference; use for scale, not as an athlete-specific ideal."
nhanes-2017-2018-female-18-29-total_lean_mass_excl_bmc_kg-p75,NHANES 2017-2018,https://wwwn.cdc.gov/Nchs/Data/Nhanes/Public/2017/DataFiles/DXX_J.htm,2017-2018,female,18,29,total_lean_mass_excl_bmc_kg,75,47.8933,kg,396,19620013.1526,DXX_J,DXDTOLE,"Weighted with WTMEC2YR. DXA metrics require DXAEXSTS=1 and region invalidity flags where applicable. US population reference; use for scale, not as an athlete-specific ideal."
nhanes-2017-2018-female-18-29-total_lean_mass_excl_bmc_kg-p90,NHANES 2017-2018,https://wwwn.cdc.gov/Nchs/Data/Nhanes/Public/2017/DataFiles/DXX_J.htm,2017-2018,female,18,29,total_lean_mass_excl_bmc_kg,90,56.607,kg,396,19620013.1526,DXX_J,DXDTOLE,"Weighted with WTMEC2YR. DXA metrics require DXAEXSTS=1 and region invalidity flags where applicable. US population reference; use for scale, not as an athlete-specific ideal."
nhanes-2017-2018-female-18-29-total_lean_mass_excl_bmc_kg-p95,NHANES 2017-2018,https://wwwn.cdc.gov/Nchs/Data/Nhanes/Public/2017/DataFiles/DXX_J.htm,2017-2018,female,18,29,total_lean_mass_excl_bmc_kg,95,59.8994,kg,396,19620013.1526,DXX_J,DXDTOLE,"Weighted with WTMEC2YR. DXA metrics require DXAEXSTS=1 and region invalidity flags where applicable. US population reference; use for scale, not as an athlete-specific ideal."
nhanes-2017-2018-female-30-39-total_lean_mass_excl_bmc_kg-p5,NHANES 2017-2018,https://wwwn.cdc.gov/Nchs/Data/Nhanes/Public/2017/DataFiles/DXX_J.htm,2017-2018,female,30,39,total_lean_mass_excl_bmc_kg,5,33.2005,kg,313,14856899.4481,DXX_J,DXDTOLE,"Weighted with WTMEC2YR. DXA metrics require DXAEXSTS=1 and region invalidity flags where applicable. US population reference; use for scale, not as an athlete-specific ideal."
nhanes-2017-2018-female-30-39-total_lean_mass_excl_bmc_kg-p10,NHANES 2017-2018,https://wwwn.cdc.gov/Nchs/Data/Nhanes/Public/2017/DataFiles/DXX_J.htm,2017-2018,female,30,39,total_lean_mass_excl_bmc_kg,10,34.8372,kg,313,14856899.4481,DXX_J,DXDTOLE,"Weighted with WTMEC2YR. DXA metrics require DXAEXSTS=1 and region invalidity flags where applicable. US population reference; use for scale, not as an athlete-specific ideal."
nhanes-2017-2018-female-30-39-total_lean_mass_excl_bmc_kg-p25,NHANES 2017-2018,https://wwwn.cdc.gov/Nchs/Data/Nhanes/Public/2017/DataFiles/DXX_J.htm,2017-2018,female,30,39,total_lean_mass_excl_bmc_kg,25,38.0104,kg,313,14856899.4481,DXX_J,DXDTOLE,"Weighted with WTMEC2YR. DXA metrics require DXAEXSTS=1 and region invalidity flags where applicable. US population reference; use for scale, not as an athlete-specific ideal."
nhanes-2017-2018-female-30-39-total_lean_mass_excl_bmc_kg-p50,NHANES 2017-2018,https://wwwn.cdc.gov/Nchs/Data/Nhanes/Public/2017/DataFiles/DXX_J.htm,2017-2018,female,30,39,total_lean_mass_excl_bmc_kg,50,43.3743,kg,313,14856899.4481,DXX_J,DXDTOLE,"Weighted with WTMEC2YR. DXA metrics require DXAEXSTS=1 and region invalidity flags where applicable. US population reference; use for scale, not as an athlete-specific ideal."
nhanes-2017-2018-female-30-39-total_lean_mass_excl_bmc_kg-p75,NHANES 2017-2018,https://wwwn.cdc.gov/Nchs/Data/Nhanes/Public/2017/DataFiles/DXX_J.htm,2017-2018,female,30,39,total_lean_mass_excl_bmc_kg,75,49.9224,kg,313,14856899.4481,DXX_J,DXDTOLE,"Weighted with WTMEC2YR. DXA metrics require DXAEXSTS=1 and region invalidity flags where applicable. US population reference; use for scale, not as an athlete-specific ideal."
nhanes-2017-2018-female-30-39-total_lean_mass_excl_bmc_kg-p90,NHANES 2017-2018,https://wwwn.cdc.gov/Nchs/Data/Nhanes/Public/2017/DataFiles/DXX_J.htm,2017-2018,female,30,39,total_lean_mass_excl_bmc_kg,90,56.1706,kg,313,14856899.4481,DXX_J,DXDTOLE,"Weighted with WTMEC2YR. DXA metrics require DXAEXSTS=1 and region invalidity flags where applicable. US population reference; use for scale, not as an athlete-specific ideal."
nhanes-2017-2018-female-30-39-total_lean_mass_excl_bmc_kg-p95,NHANES 2017-2018,https://wwwn.cdc.gov/Nchs/Data/Nhanes/Public/2017/DataFiles/DXX_J.htm,2017-2018,female,30,39,total_lean_mass_excl_bmc_kg,95,62.1292,kg,313,14856899.4481,DXX_J,DXDTOLE,"Weighted with WTMEC2YR. DXA metrics require DXAEXSTS=1 and region invalidity flags where applicable. US population reference; use for scale, not as an athlete-specific ideal."
nhanes-2017-2018-female-40-49-total_lean_mass_excl_bmc_kg-p5,NHANES 2017-2018,https://wwwn.cdc.gov/Nchs/Data/Nhanes/Public/2017/DataFiles/DXX_J.htm,2017-2018,female,40,49,total_lean_mass_excl_bmc_kg,5,33.1973,kg,307,14647170.9669,DXX_J,DXDTOLE,"Weighted with WTMEC2YR. DXA metrics require DXAEXSTS=1 and region invalidity flags where applicable. US population reference; use for scale, not as an athlete-specific ideal."
nhanes-2017-2018-female-40-49-total_lean_mass_excl_bmc_kg-p10,NHANES 2017-2018,https://wwwn.cdc.gov/Nchs/Data/Nhanes/Public/2017/DataFiles/DXX_J.htm,2017-2018,female,40,49,total_lean_mass_excl_bmc_kg,10,35.4426,kg,307,14647170.9669,DXX_J,DXDTOLE,"Weighted with WTMEC2YR. DXA metrics require DXAEXSTS=1 and region invalidity flags where applicable. US population reference; use for scale, not as an athlete-specific ideal."
nhanes-2017-2018-female-40-49-total_lean_mass_excl_bmc_kg-p25,NHANES 2017-2018,https://wwwn.cdc.gov/Nchs/Data/Nhanes/Public/2017/DataFiles/DXX_J.htm,2017-2018,female,40,49,total_lean_mass_excl_bmc_kg,25,38.4837,kg,307,14647170.9669,DXX_J,DXDTOLE,"Weighted with WTMEC2YR. DXA metrics require DXAEXSTS=1 and region invalidity flags where applicable. US population reference; use for scale, not as an athlete-specific ideal."
nhanes-2017-2018-female-40-49-total_lean_mass_excl_bmc_kg-p50,NHANES 2017-2018,https://wwwn.cdc.gov/Nchs/Data/Nhanes/Public/2017/DataFiles/DXX_J.htm,2017-2018,female,40,49,total_lean_mass_excl_bmc_kg,50,43.033,kg,307,14647170.9669,DXX_J,DXDTOLE,"Weighted with WTMEC2YR. DXA metrics require DXAEXSTS=1 and region invalidity flags where applicable. US population reference; use for scale, not as an athlete-specific ideal."
nhanes-2017-2018-female-40-49-total_lean_mass_excl_bmc_kg-p75,NHANES 2017-2018,https://wwwn.cdc.gov/Nchs/Data/Nhanes/Public/2017/DataFiles/DXX_J.htm,2017-2018,female,40,49,total_lean_mass_excl_bmc_kg,75,49.5936,kg,307,14647170.9669,DXX_J,DXDTOLE,"Weighted with WTMEC2YR. DXA metrics require DXAEXSTS=1 and region invalidity flags where applicable. US population reference; use for scale, not as an athlete-specific ideal."
nhanes-2017-2018-female-40-49-total_lean_mass_excl_bmc_kg-p90,NHANES 2017-2018,https://wwwn.cdc.gov/Nchs/Data/Nhanes/Public/2017/DataFiles/DXX_J.htm,2017-2018,female,40,49,total_lean_mass_excl_bmc_kg,90,55.3625,kg,307,14647170.9669,DXX_J,DXDTOLE,"Weighted with WTMEC2YR. DXA metrics require DXAEXSTS=1 and region invalidity flags where applicable. US population reference; use for scale, not as an athlete-specific ideal."
nhanes-2017-2018-female-40-49-total_lean_mass_excl_bmc_kg-p95,NHANES 2017-2018,https://wwwn.cdc.gov/Nchs/Data/Nhanes/Public/2017/DataFiles/DXX_J.htm,2017-2018,female,40,49,total_lean_mass_excl_bmc_kg,95,60.2983,kg,307,14647170.9669,DXX_J,DXDTOLE,"Weighted with WTMEC2YR. DXA metrics require DXAEXSTS=1 and region invalidity flags where applicable. US population reference; use for scale, not as an athlete-specific ideal."
nhanes-2017-2018-female-50-59-total_lean_mass_excl_bmc_kg-p5,NHANES 2017-2018,https://wwwn.cdc.gov/Nchs/Data/Nhanes/Public/2017/DataFiles/DXX_J.htm,2017-2018,female,50,59,total_lean_mass_excl_bmc_kg,5,31.4834,kg,339,15456759.1944,DXX_J,DXDTOLE,"Weighted with WTMEC2YR. DXA metrics require DXAEXSTS=1 and region invalidity flags where applicable. US population reference; use for scale, not as an athlete-specific ideal."
nhanes-2017-2018-female-50-59-total_lean_mass_excl_bmc_kg-p10,NHANES 2017-2018,https://wwwn.cdc.gov/Nchs/Data/Nhanes/Public/2017/DataFiles/DXX_J.htm,2017-2018,female,50,59,total_lean_mass_excl_bmc_kg,10,33.0137,kg,339,15456759.1944,DXX_J,DXDTOLE,"Weighted with WTMEC2YR. DXA metrics require DXAEXSTS=1 and region invalidity flags where applicable. US population reference; use for scale, not as an athlete-specific ideal."
nhanes-2017-2018-female-50-59-total_lean_mass_excl_bmc_kg-p25,NHANES 2017-2018,https://wwwn.cdc.gov/Nchs/Data/Nhanes/Public/2017/DataFiles/DXX_J.htm,2017-2018,female,50,59,total_lean_mass_excl_bmc_kg,25,36.0443,kg,339,15456759.1944,DXX_J,DXDTOLE,"Weighted with WTMEC2YR. DXA metrics require DXAEXSTS=1 and region invalidity flags where applicable. US population reference; use for scale, not as an athlete-specific ideal."
nhanes-2017-2018-female-50-59-total_lean_mass_excl_bmc_kg-p50,NHANES 2017-2018,https://wwwn.cdc.gov/Nchs/Data/Nhanes/Public/2017/DataFiles/DXX_J.htm,2017-2018,female,50,59,total_lean_mass_excl_bmc_kg,50,40.2015,kg,339,15456759.1944,DXX_J,DXDTOLE,"Weighted with WTMEC2YR. DXA metrics require DXAEXSTS=1 and region invalidity flags where applicable. US population reference; use for scale, not as an athlete-specific ideal."
nhanes-2017-2018-female-50-59-total_lean_mass_excl_bmc_kg-p75,NHANES 2017-2018,https://wwwn.cdc.gov/Nchs/Data/Nhanes/Public/2017/DataFiles/DXX_J.htm,2017-2018,female,50,59,total_lean_mass_excl_bmc_kg,75,47.3601,kg,339,15456759.1944,DXX_J,DXDTOLE,"Weighted with WTMEC2YR. DXA metrics require DXAEXSTS=1 and region invalidity flags where applicable. US population reference; use for scale, not as an athlete-specific ideal."
nhanes-2017-2018-female-50-59-total_lean_mass_excl_bmc_kg-p90,NHANES 2017-2018,https://wwwn.cdc.gov/Nchs/Data/Nhanes/Public/2017/DataFiles/DXX_J.htm,2017-2018,female,50,59,total_lean_mass_excl_bmc_kg,90,51.2902,kg,339,15456759.1944,DXX_J,DXDTOLE,"Weighted with WTMEC2YR. DXA metrics require DXAEXSTS=1 and region invalidity flags where applicable. US population reference; use for scale, not as an athlete-specific ideal."
nhanes-2017-2018-female-50-59-total_lean_mass_excl_bmc_kg-p95,NHANES 2017-2018,https://wwwn.cdc.gov/Nchs/Data/Nhanes/Public/2017/DataFiles/DXX_J.htm,2017-2018,female,50,59,total_lean_mass_excl_bmc_kg,95,55.9267,kg,339,15456759.1944,DXX_J,DXDTOLE,"Weighted with WTMEC2YR. DXA metrics require DXAEXSTS=1 and region invalidity flags where applicable. US population reference; use for scale, not as an athlete-specific ideal."
nhanes-2017-2018-female-18-59-total_lean_mass_excl_bmc_kg-p5,NHANES 2017-2018,https://wwwn.cdc.gov/Nchs/Data/Nhanes/Public/2017/DataFiles/DXX_J.htm,2017-2018,female,18,59,total_lean_mass_excl_bmc_kg,5,32.3255,kg,1355,64580842.762,DXX_J,DXDTOLE,"Weighted with WTMEC2YR. DXA metrics require DXAEXSTS=1 and region invalidity flags where applicable. US population reference; use for scale, not as an athlete-specific ideal."
nhanes-2017-2018-female-18-59-total_lean_mass_excl_bmc_kg-p10,NHANES 2017-2018,https://wwwn.cdc.gov/Nchs/Data/Nhanes/Public/2017/DataFiles/DXX_J.htm,2017-2018,female,18,59,total_lean_mass_excl_bmc_kg,10,33.8721,kg,1355,64580842.762,DXX_J,DXDTOLE,"Weighted with WTMEC2YR. DXA metrics require DXAEXSTS=1 and region invalidity flags where applicable. US population reference; use for scale, not as an athlete-specific ideal."
nhanes-2017-2018-female-18-59-total_lean_mass_excl_bmc_kg-p25,NHANES 2017-2018,https://wwwn.cdc.gov/Nchs/Data/Nhanes/Public/2017/DataFiles/DXX_J.htm,2017-2018,female,18,59,total_lean_mass_excl_bmc_kg,25,37.8093,kg,1355,64580842.762,DXX_J,DXDTOLE,"Weighted with WTMEC2YR. DXA metrics require DXAEXSTS=1 and region invalidity flags where applicable. US population reference; use for scale, not as an athlete-specific ideal."
nhanes-2017-2018-female-18-59-total_lean_mass_excl_bmc_kg-p50,NHANES 2017-2018,https://wwwn.cdc.gov/Nchs/Data/Nhanes/Public/2017/DataFiles/DXX_J.htm,2017-2018,female,18,59,total_lean_mass_excl_bmc_kg,50,42.3892,kg,1355,64580842.762,DXX_J,DXDTOLE,"Weighted with WTMEC2YR. DXA metrics require DXAEXSTS=1 and region invalidity flags where applicable. US population reference; use for scale, not as an athlete-specific ideal."
nhanes-2017-2018-female-18-59-total_lean_mass_excl_bmc_kg-p75,NHANES 2017-2018,https://wwwn.cdc.gov/Nchs/Data/Nhanes/Public/2017/DataFiles/DXX_J.htm,2017-2018,female,18,59,total_lean_mass_excl_bmc_kg,75,48.4065,kg,1355,64580842.762,DXX_J,DXDTOLE,"Weighted with WTMEC2YR. DXA metrics require DXAEXSTS=1 and region invalidity flags where applicable. US population reference; use for scale, not as an athlete-specific ideal."
nhanes-2017-2018-female-18-59-total_lean_mass_excl_bmc_kg-p90,NHANES 2017-2018,https://wwwn.cdc.gov/Nchs/Data/Nhanes/Public/2017/DataFiles/DXX_J.htm,2017-2018,female,18,59,total_lean_mass_excl_bmc_kg,90,55.1447,kg,1355,64580842.762,DXX_J,DXDTOLE,"Weighted with WTMEC2YR. DXA metrics require DXAEXSTS=1 and region invalidity flags where applicable. US population reference; use for scale, not as an athlete-specific ideal."
nhanes-2017-2018-female-18-59-total_lean_mass_excl_bmc_kg-p95,NHANES 2017-2018,https://wwwn.cdc.gov/Nchs/Data/Nhanes/Public/2017/DataFiles/DXX_J.htm,2017-2018,female,18,59,total_lean_mass_excl_bmc_kg,95,59.6187,kg,1355,64580842.762,DXX_J,DXDTOLE,"Weighted with WTMEC2YR. DXA metrics require DXAEXSTS=1 and region invalidity flags where applicable. US population reference; use for scale, not as an athlete-specific ideal."
nhanes-2017-2018-male-18-29-total_lean_mass_incl_bmc_kg-p5,NHANES 2017-2018,https://wwwn.cdc.gov/Nchs/Data/Nhanes/Public/2017/DataFiles/DXX_J.htm,2017-2018,male,18,29,total_lean_mass_incl_bmc_kg,5,46.5505,kg,379,19527536.465,DXX_J,DXDTOLI,"Weighted with WTMEC2YR. DXA metrics require DXAEXSTS=1 and region invalidity flags where applicable. US population reference; use for scale, not as an athlete-specific ideal."
nhanes-2017-2018-male-18-29-total_lean_mass_incl_bmc_kg-p10,NHANES 2017-2018,https://wwwn.cdc.gov/Nchs/Data/Nhanes/Public/2017/DataFiles/DXX_J.htm,2017-2018,male,18,29,total_lean_mass_incl_bmc_kg,10,48.514,kg,379,19527536.465,DXX_J,DXDTOLI,"Weighted with WTMEC2YR. DXA metrics require DXAEXSTS=1 and region invalidity flags where applicable. US population reference; use for scale, not as an athlete-specific ideal."
nhanes-2017-2018-male-18-29-total_lean_mass_incl_bmc_kg-p25,NHANES 2017-2018,https://wwwn.cdc.gov/Nchs/Data/Nhanes/Public/2017/DataFiles/DXX_J.htm,2017-2018,male,18,29,total_lean_mass_incl_bmc_kg,25,52.8891,kg,379,19527536.465,DXX_J,DXDTOLI,"Weighted with WTMEC2YR. DXA metrics require DXAEXSTS=1 and region invalidity flags where applicable. US population reference; use for scale, not as an athlete-specific ideal."
nhanes-2017-2018-male-18-29-total_lean_mass_incl_bmc_kg-p50,NHANES 2017-2018,https://wwwn.cdc.gov/Nchs/Data/Nhanes/Public/2017/DataFiles/DXX_J.htm,2017-2018,male,18,29,total_lean_mass_incl_bmc_kg,50,59.3536,kg,379,19527536.465,DXX_J,DXDTOLI,"Weighted with WTMEC2YR. DXA metrics require DXAEXSTS=1 and region invalidity flags where applicable. US population reference; use for scale, not as an athlete-specific ideal."
nhanes-2017-2018-male-18-29-total_lean_mass_incl_bmc_kg-p75,NHANES 2017-2018,https://wwwn.cdc.gov/Nchs/Data/Nhanes/Public/2017/DataFiles/DXX_J.htm,2017-2018,male,18,29,total_lean_mass_incl_bmc_kg,75,66.0321,kg,379,19527536.465,DXX_J,DXDTOLI,"Weighted with WTMEC2YR. DXA metrics require DXAEXSTS=1 and region invalidity flags where applicable. US population reference; use for scale, not as an athlete-specific ideal."
nhanes-2017-2018-male-18-29-total_lean_mass_incl_bmc_kg-p90,NHANES 2017-2018,https://wwwn.cdc.gov/Nchs/Data/Nhanes/Public/2017/DataFiles/DXX_J.htm,2017-2018,male,18,29,total_lean_mass_incl_bmc_kg,90,74.4612,kg,379,19527536.465,DXX_J,DXDTOLI,"Weighted with WTMEC2YR. DXA metrics require DXAEXSTS=1 and region invalidity flags where applicable. US population reference; use for scale, not as an athlete-specific ideal."
nhanes-2017-2018-male-18-29-total_lean_mass_incl_bmc_kg-p95,NHANES 2017-2018,https://wwwn.cdc.gov/Nchs/Data/Nhanes/Public/2017/DataFiles/DXX_J.htm,2017-2018,male,18,29,total_lean_mass_incl_bmc_kg,95,79.1763,kg,379,19527536.465,DXX_J,DXDTOLI,"Weighted with WTMEC2YR. DXA metrics require DXAEXSTS=1 and region invalidity flags where applicable. US population reference; use for scale, not as an athlete-specific ideal."
nhanes-2017-2018-male-30-39-total_lean_mass_incl_bmc_kg-p5,NHANES 2017-2018,https://wwwn.cdc.gov/Nchs/Data/Nhanes/Public/2017/DataFiles/DXX_J.htm,2017-2018,male,30,39,total_lean_mass_incl_bmc_kg,5,50.5484,kg,250,13745697.5879,DXX_J,DXDTOLI,"Weighted with WTMEC2YR. DXA metrics require DXAEXSTS=1 and region invalidity flags where applicable. US population reference; use for scale, not as an athlete-specific ideal."
nhanes-2017-2018-male-30-39-total_lean_mass_incl_bmc_kg-p10,NHANES 2017-2018,https://wwwn.cdc.gov/Nchs/Data/Nhanes/Public/2017/DataFiles/DXX_J.htm,2017-2018,male,30,39,total_lean_mass_incl_bmc_kg,10,53.4234,kg,250,13745697.5879,DXX_J,DXDTOLI,"Weighted with WTMEC2YR. DXA metrics require DXAEXSTS=1 and region invalidity flags where applicable. US population reference; use for scale, not as an athlete-specific ideal."
nhanes-2017-2018-male-30-39-total_lean_mass_incl_bmc_kg-p25,NHANES 2017-2018,https://wwwn.cdc.gov/Nchs/Data/Nhanes/Public/2017/DataFiles/DXX_J.htm,2017-2018,male,30,39,total_lean_mass_incl_bmc_kg,25,57.6176,kg,250,13745697.5879,DXX_J,DXDTOLI,"Weighted with WTMEC2YR. DXA metrics require DXAEXSTS=1 and region invalidity flags where applicable. US population reference; use for scale, not as an athlete-specific ideal."
nhanes-2017-2018-male-30-39-total_lean_mass_incl_bmc_kg-p50,NHANES 2017-2018,https://wwwn.cdc.gov/Nchs/Data/Nhanes/Public/2017/DataFiles/DXX_J.htm,2017-2018,male,30,39,total_lean_mass_incl_bmc_kg,50,64.0345,kg,250,13745697.5879,DXX_J,DXDTOLI,"Weighted with WTMEC2YR. DXA metrics require DXAEXSTS=1 and region invalidity flags where applicable. US population reference; use for scale, not as an athlete-specific ideal."
nhanes-2017-2018-male-30-39-total_lean_mass_incl_bmc_kg-p75,NHANES 2017-2018,https://wwwn.cdc.gov/Nchs/Data/Nhanes/Public/2017/DataFiles/DXX_J.htm,2017-2018,male,30,39,total_lean_mass_incl_bmc_kg,75,71.1223,kg,250,13745697.5879,DXX_J,DXDTOLI,"Weighted with WTMEC2YR. DXA metrics require DXAEXSTS=1 and region invalidity flags where applicable. US population reference; use for scale, not as an athlete-specific ideal."
nhanes-2017-2018-male-30-39-total_lean_mass_incl_bmc_kg-p90,NHANES 2017-2018,https://wwwn.cdc.gov/Nchs/Data/Nhanes/Public/2017/DataFiles/DXX_J.htm,2017-2018,male,30,39,total_lean_mass_incl_bmc_kg,90,77.1182,kg,250,13745697.5879,DXX_J,DXDTOLI,"Weighted with WTMEC2YR. DXA metrics require DXAEXSTS=1 and region invalidity flags where applicable. US population reference; use for scale, not as an athlete-specific ideal."
nhanes-2017-2018-male-30-39-total_lean_mass_incl_bmc_kg-p95,NHANES 2017-2018,https://wwwn.cdc.gov/Nchs/Data/Nhanes/Public/2017/DataFiles/DXX_J.htm,2017-2018,male,30,39,total_lean_mass_incl_bmc_kg,95,81.1103,kg,250,13745697.5879,DXX_J,DXDTOLI,"Weighted with WTMEC2YR. DXA metrics require DXAEXSTS=1 and region invalidity flags where applicable. US population reference; use for scale, not as an athlete-specific ideal."
nhanes-2017-2018-male-40-49-total_lean_mass_incl_bmc_kg-p5,NHANES 2017-2018,https://wwwn.cdc.gov/Nchs/Data/Nhanes/Public/2017/DataFiles/DXX_J.htm,2017-2018,male,40,49,total_lean_mass_incl_bmc_kg,5,49.1473,kg,264,13090051.1191,DXX_J,DXDTOLI,"Weighted with WTMEC2YR. DXA metrics require DXAEXSTS=1 and region invalidity flags where applicable. US population reference; use for scale, not as an athlete-specific ideal."
nhanes-2017-2018-male-40-49-total_lean_mass_incl_bmc_kg-p10,NHANES 2017-2018,https://wwwn.cdc.gov/Nchs/Data/Nhanes/Public/2017/DataFiles/DXX_J.htm,2017-2018,male,40,49,total_lean_mass_incl_bmc_kg,10,51.4328,kg,264,13090051.1191,DXX_J,DXDTOLI,"Weighted with WTMEC2YR. DXA metrics require DXAEXSTS=1 and region invalidity flags where applicable. US population reference; use for scale, not as an athlete-specific ideal."
nhanes-2017-2018-male-40-49-total_lean_mass_incl_bmc_kg-p25,NHANES 2017-2018,https://wwwn.cdc.gov/Nchs/Data/Nhanes/Public/2017/DataFiles/DXX_J.htm,2017-2018,male,40,49,total_lean_mass_incl_bmc_kg,25,57.8708,kg,264,13090051.1191,DXX_J,DXDTOLI,"Weighted with WTMEC2YR. DXA metrics require DXAEXSTS=1 and region invalidity flags where applicable. US population reference; use for scale, not as an athlete-specific ideal."
nhanes-2017-2018-male-40-49-total_lean_mass_incl_bmc_kg-p50,NHANES 2017-2018,https://wwwn.cdc.gov/Nchs/Data/Nhanes/Public/2017/DataFiles/DXX_J.htm,2017-2018,male,40,49,total_lean_mass_incl_bmc_kg,50,64.0658,kg,264,13090051.1191,DXX_J,DXDTOLI,"Weighted with WTMEC2YR. DXA metrics require DXAEXSTS=1 and region invalidity flags where applicable. US population reference; use for scale, not as an athlete-specific ideal."
nhanes-2017-2018-male-40-49-total_lean_mass_incl_bmc_kg-p75,NHANES 2017-2018,https://wwwn.cdc.gov/Nchs/Data/Nhanes/Public/2017/DataFiles/DXX_J.htm,2017-2018,male,40,49,total_lean_mass_incl_bmc_kg,75,71.3394,kg,264,13090051.1191,DXX_J,DXDTOLI,"Weighted with WTMEC2YR. DXA metrics require DXAEXSTS=1 and region invalidity flags where applicable. US population reference; use for scale, not as an athlete-specific ideal."
nhanes-2017-2018-male-40-49-total_lean_mass_incl_bmc_kg-p90,NHANES 2017-2018,https://wwwn.cdc.gov/Nchs/Data/Nhanes/Public/2017/DataFiles/DXX_J.htm,2017-2018,male,40,49,total_lean_mass_incl_bmc_kg,90,81.6932,kg,264,13090051.1191,DXX_J,DXDTOLI,"Weighted with WTMEC2YR. DXA metrics require DXAEXSTS=1 and region invalidity flags where applicable. US population reference; use for scale, not as an athlete-specific ideal."
nhanes-2017-2018-male-40-49-total_lean_mass_incl_bmc_kg-p95,NHANES 2017-2018,https://wwwn.cdc.gov/Nchs/Data/Nhanes/Public/2017/DataFiles/DXX_J.htm,2017-2018,male,40,49,total_lean_mass_incl_bmc_kg,95,85.9411,kg,264,13090051.1191,DXX_J,DXDTOLI,"Weighted with WTMEC2YR. DXA metrics require DXAEXSTS=1 and region invalidity flags where applicable. US population reference; use for scale, not as an athlete-specific ideal."
nhanes-2017-2018-male-50-59-total_lean_mass_incl_bmc_kg-p5,NHANES 2017-2018,https://wwwn.cdc.gov/Nchs/Data/Nhanes/Public/2017/DataFiles/DXX_J.htm,2017-2018,male,50,59,total_lean_mass_incl_bmc_kg,5,48.9816,kg,282,14049750.216,DXX_J,DXDTOLI,"Weighted with WTMEC2YR. DXA metrics require DXAEXSTS=1 and region invalidity flags where applicable. US population reference; use for scale, not as an athlete-specific ideal."
nhanes-2017-2018-male-50-59-total_lean_mass_incl_bmc_kg-p10,NHANES 2017-2018,https://wwwn.cdc.gov/Nchs/Data/Nhanes/Public/2017/DataFiles/DXX_J.htm,2017-2018,male,50,59,total_lean_mass_incl_bmc_kg,10,51.2095,kg,282,14049750.216,DXX_J,DXDTOLI,"Weighted with WTMEC2YR. DXA metrics require DXAEXSTS=1 and region invalidity flags where applicable. US population reference; use for scale, not as an athlete-specific ideal."
nhanes-2017-2018-male-50-59-total_lean_mass_incl_bmc_kg-p25,NHANES 2017-2018,https://wwwn.cdc.gov/Nchs/Data/Nhanes/Public/2017/DataFiles/DXX_J.htm,2017-2018,male,50,59,total_lean_mass_incl_bmc_kg,25,57.0799,kg,282,14049750.216,DXX_J,DXDTOLI,"Weighted with WTMEC2YR. DXA metrics require DXAEXSTS=1 and region invalidity flags where applicable. US population reference; use for scale, not as an athlete-specific ideal."
nhanes-2017-2018-male-50-59-total_lean_mass_incl_bmc_kg-p50,NHANES 2017-2018,https://wwwn.cdc.gov/Nchs/Data/Nhanes/Public/2017/DataFiles/DXX_J.htm,2017-2018,male,50,59,total_lean_mass_incl_bmc_kg,50,63.7984,kg,282,14049750.216,DXX_J,DXDTOLI,"Weighted with WTMEC2YR. DXA metrics require DXAEXSTS=1 and region invalidity flags where applicable. US population reference; use for scale, not as an athlete-specific ideal."
nhanes-2017-2018-male-50-59-total_lean_mass_incl_bmc_kg-p75,NHANES 2017-2018,https://wwwn.cdc.gov/Nchs/Data/Nhanes/Public/2017/DataFiles/DXX_J.htm,2017-2018,male,50,59,total_lean_mass_incl_bmc_kg,75,69.9988,kg,282,14049750.216,DXX_J,DXDTOLI,"Weighted with WTMEC2YR. DXA metrics require DXAEXSTS=1 and region invalidity flags where applicable. US population reference; use for scale, not as an athlete-specific ideal."
nhanes-2017-2018-male-50-59-total_lean_mass_incl_bmc_kg-p90,NHANES 2017-2018,https://wwwn.cdc.gov/Nchs/Data/Nhanes/Public/2017/DataFiles/DXX_J.htm,2017-2018,male,50,59,total_lean_mass_incl_bmc_kg,90,76.8974,kg,282,14049750.216,DXX_J,DXDTOLI,"Weighted with WTMEC2YR. DXA metrics require DXAEXSTS=1 and region invalidity flags where applicable. US population reference; use for scale, not as an athlete-specific ideal."
nhanes-2017-2018-male-50-59-total_lean_mass_incl_bmc_kg-p95,NHANES 2017-2018,https://wwwn.cdc.gov/Nchs/Data/Nhanes/Public/2017/DataFiles/DXX_J.htm,2017-2018,male,50,59,total_lean_mass_incl_bmc_kg,95,78.3344,kg,282,14049750.216,DXX_J,DXDTOLI,"Weighted with WTMEC2YR. DXA metrics require DXAEXSTS=1 and region invalidity flags where applicable. US population reference; use for scale, not as an athlete-specific ideal."
nhanes-2017-2018-male-18-59-total_lean_mass_incl_bmc_kg-p5,NHANES 2017-2018,https://wwwn.cdc.gov/Nchs/Data/Nhanes/Public/2017/DataFiles/DXX_J.htm,2017-2018,male,18,59,total_lean_mass_incl_bmc_kg,5,47.2974,kg,1175,60413035.3881,DXX_J,DXDTOLI,"Weighted with WTMEC2YR. DXA metrics require DXAEXSTS=1 and region invalidity flags where applicable. US population reference; use for scale, not as an athlete-specific ideal."
nhanes-2017-2018-male-18-59-total_lean_mass_incl_bmc_kg-p10,NHANES 2017-2018,https://wwwn.cdc.gov/Nchs/Data/Nhanes/Public/2017/DataFiles/DXX_J.htm,2017-2018,male,18,59,total_lean_mass_incl_bmc_kg,10,50.5681,kg,1175,60413035.3881,DXX_J,DXDTOLI,"Weighted with WTMEC2YR. DXA metrics require DXAEXSTS=1 and region invalidity flags where applicable. US population reference; use for scale, not as an athlete-specific ideal."
nhanes-2017-2018-male-18-59-total_lean_mass_incl_bmc_kg-p25,NHANES 2017-2018,https://wwwn.cdc.gov/Nchs/Data/Nhanes/Public/2017/DataFiles/DXX_J.htm,2017-2018,male,18,59,total_lean_mass_incl_bmc_kg,25,55.7718,kg,1175,60413035.3881,DXX_J,DXDTOLI,"Weighted with WTMEC2YR. DXA metrics require DXAEXSTS=1 and region invalidity flags where applicable. US population reference; use for scale, not as an athlete-specific ideal."
nhanes-2017-2018-male-18-59-total_lean_mass_incl_bmc_kg-p50,NHANES 2017-2018,https://wwwn.cdc.gov/Nchs/Data/Nhanes/Public/2017/DataFiles/DXX_J.htm,2017-2018,male,18,59,total_lean_mass_incl_bmc_kg,50,62.3015,kg,1175,60413035.3881,DXX_J,DXDTOLI,"Weighted with WTMEC2YR. DXA metrics require DXAEXSTS=1 and region invalidity flags where applicable. US population reference; use for scale, not as an athlete-specific ideal."
nhanes-2017-2018-male-18-59-total_lean_mass_incl_bmc_kg-p75,NHANES 2017-2018,https://wwwn.cdc.gov/Nchs/Data/Nhanes/Public/2017/DataFiles/DXX_J.htm,2017-2018,male,18,59,total_lean_mass_incl_bmc_kg,75,69.7211,kg,1175,60413035.3881,DXX_J,DXDTOLI,"Weighted with WTMEC2YR. DXA metrics require DXAEXSTS=1 and region invalidity flags where applicable. US population reference; use for scale, not as an athlete-specific ideal."
nhanes-2017-2018-male-18-59-total_lean_mass_incl_bmc_kg-p90,NHANES 2017-2018,https://wwwn.cdc.gov/Nchs/Data/Nhanes/Public/2017/DataFiles/DXX_J.htm,2017-2018,male,18,59,total_lean_mass_incl_bmc_kg,90,77.1182,kg,1175,60413035.3881,DXX_J,DXDTOLI,"Weighted with WTMEC2YR. DXA metrics require DXAEXSTS=1 and region invalidity flags where applicable. US population reference; use for scale, not as an athlete-specific ideal."
nhanes-2017-2018-male-18-59-total_lean_mass_incl_bmc_kg-p95,NHANES 2017-2018,https://wwwn.cdc.gov/Nchs/Data/Nhanes/Public/2017/DataFiles/DXX_J.htm,2017-2018,male,18,59,total_lean_mass_incl_bmc_kg,95,81.1103,kg,1175,60413035.3881,DXX_J,DXDTOLI,"Weighted with WTMEC2YR. DXA metrics require DXAEXSTS=1 and region invalidity flags where applicable. US population reference; use for scale, not as an athlete-specific ideal."
nhanes-2017-2018-female-18-29-total_lean_mass_incl_bmc_kg-p5,NHANES 2017-2018,https://wwwn.cdc.gov/Nchs/Data/Nhanes/Public/2017/DataFiles/DXX_J.htm,2017-2018,female,18,29,total_lean_mass_incl_bmc_kg,5,33.6343,kg,370,18589693.6296,DXX_J,DXDTOLI,"Weighted with WTMEC2YR. DXA metrics require DXAEXSTS=1 and region invalidity flags where applicable. US population reference; use for scale, not as an athlete-specific ideal."
nhanes-2017-2018-female-18-29-total_lean_mass_incl_bmc_kg-p10,NHANES 2017-2018,https://wwwn.cdc.gov/Nchs/Data/Nhanes/Public/2017/DataFiles/DXX_J.htm,2017-2018,female,18,29,total_lean_mass_incl_bmc_kg,10,35.4754,kg,370,18589693.6296,DXX_J,DXDTOLI,"Weighted with WTMEC2YR. DXA metrics require DXAEXSTS=1 and region invalidity flags where applicable. US population reference; use for scale, not as an athlete-specific ideal."
nhanes-2017-2018-female-18-29-total_lean_mass_incl_bmc_kg-p25,NHANES 2017-2018,https://wwwn.cdc.gov/Nchs/Data/Nhanes/Public/2017/DataFiles/DXX_J.htm,2017-2018,female,18,29,total_lean_mass_incl_bmc_kg,25,39.5907,kg,370,18589693.6296,DXX_J,DXDTOLI,"Weighted with WTMEC2YR. DXA metrics require DXAEXSTS=1 and region invalidity flags where applicable. US population reference; use for scale, not as an athlete-specific ideal."
nhanes-2017-2018-female-18-29-total_lean_mass_incl_bmc_kg-p50,NHANES 2017-2018,https://wwwn.cdc.gov/Nchs/Data/Nhanes/Public/2017/DataFiles/DXX_J.htm,2017-2018,female,18,29,total_lean_mass_incl_bmc_kg,50,44.6726,kg,370,18589693.6296,DXX_J,DXDTOLI,"Weighted with WTMEC2YR. DXA metrics require DXAEXSTS=1 and region invalidity flags where applicable. US population reference; use for scale, not as an athlete-specific ideal."
nhanes-2017-2018-female-18-29-total_lean_mass_incl_bmc_kg-p75,NHANES 2017-2018,https://wwwn.cdc.gov/Nchs/Data/Nhanes/Public/2017/DataFiles/DXX_J.htm,2017-2018,female,18,29,total_lean_mass_incl_bmc_kg,75,49.8035,kg,370,18589693.6296,DXX_J,DXDTOLI,"Weighted with WTMEC2YR. DXA metrics require DXAEXSTS=1 and region invalidity flags where applicable. US population reference; use for scale, not as an athlete-specific ideal."
nhanes-2017-2018-female-18-29-total_lean_mass_incl_bmc_kg-p90,NHANES 2017-2018,https://wwwn.cdc.gov/Nchs/Data/Nhanes/Public/2017/DataFiles/DXX_J.htm,2017-2018,female,18,29,total_lean_mass_incl_bmc_kg,90,57.9187,kg,370,18589693.6296,DXX_J,DXDTOLI,"Weighted with WTMEC2YR. DXA metrics require DXAEXSTS=1 and region invalidity flags where applicable. US population reference; use for scale, not as an athlete-specific ideal."
nhanes-2017-2018-female-18-29-total_lean_mass_incl_bmc_kg-p95,NHANES 2017-2018,https://wwwn.cdc.gov/Nchs/Data/Nhanes/Public/2017/DataFiles/DXX_J.htm,2017-2018,female,18,29,total_lean_mass_incl_bmc_kg,95,62.2645,kg,370,18589693.6296,DXX_J,DXDTOLI,"Weighted with WTMEC2YR. DXA metrics require DXAEXSTS=1 and region invalidity flags where applicable. US population reference; use for scale, not as an athlete-specific ideal."
nhanes-2017-2018-female-30-39-total_lean_mass_incl_bmc_kg-p5,NHANES 2017-2018,https://wwwn.cdc.gov/Nchs/Data/Nhanes/Public/2017/DataFiles/DXX_J.htm,2017-2018,female,30,39,total_lean_mass_incl_bmc_kg,5,34.867,kg,293,14187658.6457,DXX_J,DXDTOLI,"Weighted with WTMEC2YR. DXA metrics require DXAEXSTS=1 and region invalidity flags where applicable. US population reference; use for scale, not as an athlete-specific ideal."
nhanes-2017-2018-female-30-39-total_lean_mass_incl_bmc_kg-p10,NHANES 2017-2018,https://wwwn.cdc.gov/Nchs/Data/Nhanes/Public/2017/DataFiles/DXX_J.htm,2017-2018,female,30,39,total_lean_mass_incl_bmc_kg,10,36.6823,kg,293,14187658.6457,DXX_J,DXDTOLI,"Weighted with WTMEC2YR. DXA metrics require DXAEXSTS=1 and region invalidity flags where applicable. US population reference; use for scale, not as an athlete-specific ideal."
nhanes-2017-2018-female-30-39-total_lean_mass_incl_bmc_kg-p25,NHANES 2017-2018,https://wwwn.cdc.gov/Nchs/Data/Nhanes/Public/2017/DataFiles/DXX_J.htm,2017-2018,female,30,39,total_lean_mass_incl_bmc_kg,25,39.9499,kg,293,14187658.6457,DXX_J,DXDTOLI,"Weighted with WTMEC2YR. DXA metrics require DXAEXSTS=1 and region invalidity flags where applicable. US population reference; use for scale, not as an athlete-specific ideal."
nhanes-2017-2018-female-30-39-total_lean_mass_incl_bmc_kg-p50,NHANES 2017-2018,https://wwwn.cdc.gov/Nchs/Data/Nhanes/Public/2017/DataFiles/DXX_J.htm,2017-2018,female,30,39,total_lean_mass_incl_bmc_kg,50,45.5241,kg,293,14187658.6457,DXX_J,DXDTOLI,"Weighted with WTMEC2YR. DXA metrics require DXAEXSTS=1 and region invalidity flags where applicable. US population reference; use for scale, not as an athlete-specific ideal."
nhanes-2017-2018-female-30-39-total_lean_mass_incl_bmc_kg-p75,NHANES 2017-2018,https://wwwn.cdc.gov/Nchs/Data/Nhanes/Public/2017/DataFiles/DXX_J.htm,2017-2018,female,30,39,total_lean_mass_incl_bmc_kg,75,52.0369,kg,293,14187658.6457,DXX_J,DXDTOLI,"Weighted with WTMEC2YR. DXA metrics require DXAEXSTS=1 and region invalidity flags where applicable. US population reference; use for scale, not as an athlete-specific ideal."
nhanes-2017-2018-female-30-39-total_lean_mass_incl_bmc_kg-p90,NHANES 2017-2018,https://wwwn.cdc.gov/Nchs/Data/Nhanes/Public/2017/DataFiles/DXX_J.htm,2017-2018,female,30,39,total_lean_mass_incl_bmc_kg,90,58.5054,kg,293,14187658.6457,DXX_J,DXDTOLI,"Weighted with WTMEC2YR. DXA metrics require DXAEXSTS=1 and region invalidity flags where applicable. US population reference; use for scale, not as an athlete-specific ideal."
nhanes-2017-2018-female-30-39-total_lean_mass_incl_bmc_kg-p95,NHANES 2017-2018,https://wwwn.cdc.gov/Nchs/Data/Nhanes/Public/2017/DataFiles/DXX_J.htm,2017-2018,female,30,39,total_lean_mass_incl_bmc_kg,95,64.9961,kg,293,14187658.6457,DXX_J,DXDTOLI,"Weighted with WTMEC2YR. DXA metrics require DXAEXSTS=1 and region invalidity flags where applicable. US population reference; use for scale, not as an athlete-specific ideal."
nhanes-2017-2018-female-40-49-total_lean_mass_incl_bmc_kg-p5,NHANES 2017-2018,https://wwwn.cdc.gov/Nchs/Data/Nhanes/Public/2017/DataFiles/DXX_J.htm,2017-2018,female,40,49,total_lean_mass_incl_bmc_kg,5,35.08,kg,289,14202291.3652,DXX_J,DXDTOLI,"Weighted with WTMEC2YR. DXA metrics require DXAEXSTS=1 and region invalidity flags where applicable. US population reference; use for scale, not as an athlete-specific ideal."
nhanes-2017-2018-female-40-49-total_lean_mass_incl_bmc_kg-p10,NHANES 2017-2018,https://wwwn.cdc.gov/Nchs/Data/Nhanes/Public/2017/DataFiles/DXX_J.htm,2017-2018,female,40,49,total_lean_mass_incl_bmc_kg,10,37.1941,kg,289,14202291.3652,DXX_J,DXDTOLI,"Weighted with WTMEC2YR. DXA metrics require DXAEXSTS=1 and region invalidity flags where applicable. US population reference; use for scale, not as an athlete-specific ideal."
nhanes-2017-2018-female-40-49-total_lean_mass_incl_bmc_kg-p25,NHANES 2017-2018,https://wwwn.cdc.gov/Nchs/Data/Nhanes/Public/2017/DataFiles/DXX_J.htm,2017-2018,female,40,49,total_lean_mass_incl_bmc_kg,25,40.2921,kg,289,14202291.3652,DXX_J,DXDTOLI,"Weighted with WTMEC2YR. DXA metrics require DXAEXSTS=1 and region invalidity flags where applicable. US population reference; use for scale, not as an athlete-specific ideal."
nhanes-2017-2018-female-40-49-total_lean_mass_incl_bmc_kg-p50,NHANES 2017-2018,https://wwwn.cdc.gov/Nchs/Data/Nhanes/Public/2017/DataFiles/DXX_J.htm,2017-2018,female,40,49,total_lean_mass_incl_bmc_kg,50,44.8276,kg,289,14202291.3652,DXX_J,DXDTOLI,"Weighted with WTMEC2YR. DXA metrics require DXAEXSTS=1 and region invalidity flags where applicable. US population reference; use for scale, not as an athlete-specific ideal."
nhanes-2017-2018-female-40-49-total_lean_mass_incl_bmc_kg-p75,NHANES 2017-2018,https://wwwn.cdc.gov/Nchs/Data/Nhanes/Public/2017/DataFiles/DXX_J.htm,2017-2018,female,40,49,total_lean_mass_incl_bmc_kg,75,51.8042,kg,289,14202291.3652,DXX_J,DXDTOLI,"Weighted with WTMEC2YR. DXA metrics require DXAEXSTS=1 and region invalidity flags where applicable. US population reference; use for scale, not as an athlete-specific ideal."
nhanes-2017-2018-female-40-49-total_lean_mass_incl_bmc_kg-p90,NHANES 2017-2018,https://wwwn.cdc.gov/Nchs/Data/Nhanes/Public/2017/DataFiles/DXX_J.htm,2017-2018,female,40,49,total_lean_mass_incl_bmc_kg,90,57.5781,kg,289,14202291.3652,DXX_J,DXDTOLI,"Weighted with WTMEC2YR. DXA metrics require DXAEXSTS=1 and region invalidity flags where applicable. US population reference; use for scale, not as an athlete-specific ideal."
nhanes-2017-2018-female-40-49-total_lean_mass_incl_bmc_kg-p95,NHANES 2017-2018,https://wwwn.cdc.gov/Nchs/Data/Nhanes/Public/2017/DataFiles/DXX_J.htm,2017-2018,female,40,49,total_lean_mass_incl_bmc_kg,95,62.2651,kg,289,14202291.3652,DXX_J,DXDTOLI,"Weighted with WTMEC2YR. DXA metrics require DXAEXSTS=1 and region invalidity flags where applicable. US population reference; use for scale, not as an athlete-specific ideal."
nhanes-2017-2018-female-50-59-total_lean_mass_incl_bmc_kg-p5,NHANES 2017-2018,https://wwwn.cdc.gov/Nchs/Data/Nhanes/Public/2017/DataFiles/DXX_J.htm,2017-2018,female,50,59,total_lean_mass_incl_bmc_kg,5,33.5434,kg,325,15080428.8046,DXX_J,DXDTOLI,"Weighted with WTMEC2YR. DXA metrics require DXAEXSTS=1 and region invalidity flags where applicable. US population reference; use for scale, not as an athlete-specific ideal."
nhanes-2017-2018-female-50-59-total_lean_mass_incl_bmc_kg-p10,NHANES 2017-2018,https://wwwn.cdc.gov/Nchs/Data/Nhanes/Public/2017/DataFiles/DXX_J.htm,2017-2018,female,50,59,total_lean_mass_incl_bmc_kg,10,34.7099,kg,325,15080428.8046,DXX_J,DXDTOLI,"Weighted with WTMEC2YR. DXA metrics require DXAEXSTS=1 and region invalidity flags where applicable. US population reference; use for scale, not as an athlete-specific ideal."
nhanes-2017-2018-female-50-59-total_lean_mass_incl_bmc_kg-p25,NHANES 2017-2018,https://wwwn.cdc.gov/Nchs/Data/Nhanes/Public/2017/DataFiles/DXX_J.htm,2017-2018,female,50,59,total_lean_mass_incl_bmc_kg,25,37.7048,kg,325,15080428.8046,DXX_J,DXDTOLI,"Weighted with WTMEC2YR. DXA metrics require DXAEXSTS=1 and region invalidity flags where applicable. US population reference; use for scale, not as an athlete-specific ideal."
nhanes-2017-2018-female-50-59-total_lean_mass_incl_bmc_kg-p50,NHANES 2017-2018,https://wwwn.cdc.gov/Nchs/Data/Nhanes/Public/2017/DataFiles/DXX_J.htm,2017-2018,female,50,59,total_lean_mass_incl_bmc_kg,50,41.9371,kg,325,15080428.8046,DXX_J,DXDTOLI,"Weighted with WTMEC2YR. DXA metrics require DXAEXSTS=1 and region invalidity flags where applicable. US population reference; use for scale, not as an athlete-specific ideal."
nhanes-2017-2018-female-50-59-total_lean_mass_incl_bmc_kg-p75,NHANES 2017-2018,https://wwwn.cdc.gov/Nchs/Data/Nhanes/Public/2017/DataFiles/DXX_J.htm,2017-2018,female,50,59,total_lean_mass_incl_bmc_kg,75,49.4401,kg,325,15080428.8046,DXX_J,DXDTOLI,"Weighted with WTMEC2YR. DXA metrics require DXAEXSTS=1 and region invalidity flags where applicable. US population reference; use for scale, not as an athlete-specific ideal."
nhanes-2017-2018-female-50-59-total_lean_mass_incl_bmc_kg-p90,NHANES 2017-2018,https://wwwn.cdc.gov/Nchs/Data/Nhanes/Public/2017/DataFiles/DXX_J.htm,2017-2018,female,50,59,total_lean_mass_incl_bmc_kg,90,53.4892,kg,325,15080428.8046,DXX_J,DXDTOLI,"Weighted with WTMEC2YR. DXA metrics require DXAEXSTS=1 and region invalidity flags where applicable. US population reference; use for scale, not as an athlete-specific ideal."
nhanes-2017-2018-female-50-59-total_lean_mass_incl_bmc_kg-p95,NHANES 2017-2018,https://wwwn.cdc.gov/Nchs/Data/Nhanes/Public/2017/DataFiles/DXX_J.htm,2017-2018,female,50,59,total_lean_mass_incl_bmc_kg,95,57.5255,kg,325,15080428.8046,DXX_J,DXDTOLI,"Weighted with WTMEC2YR. DXA metrics require DXAEXSTS=1 and region invalidity flags where applicable. US population reference; use for scale, not as an athlete-specific ideal."
nhanes-2017-2018-female-18-59-total_lean_mass_incl_bmc_kg-p5,NHANES 2017-2018,https://wwwn.cdc.gov/Nchs/Data/Nhanes/Public/2017/DataFiles/DXX_J.htm,2017-2018,female,18,59,total_lean_mass_incl_bmc_kg,5,33.9392,kg,1277,62060072.4451,DXX_J,DXDTOLI,"Weighted with WTMEC2YR. DXA metrics require DXAEXSTS=1 and region invalidity flags where applicable. US population reference; use for scale, not as an athlete-specific ideal."
nhanes-2017-2018-female-18-59-total_lean_mass_incl_bmc_kg-p10,NHANES 2017-2018,https://wwwn.cdc.gov/Nchs/Data/Nhanes/Public/2017/DataFiles/DXX_J.htm,2017-2018,female,18,59,total_lean_mass_incl_bmc_kg,10,35.6783,kg,1277,62060072.4451,DXX_J,DXDTOLI,"Weighted with WTMEC2YR. DXA metrics require DXAEXSTS=1 and region invalidity flags where applicable. US population reference; use for scale, not as an athlete-specific ideal."
nhanes-2017-2018-female-18-59-total_lean_mass_incl_bmc_kg-p25,NHANES 2017-2018,https://wwwn.cdc.gov/Nchs/Data/Nhanes/Public/2017/DataFiles/DXX_J.htm,2017-2018,female,18,59,total_lean_mass_incl_bmc_kg,25,39.7072,kg,1277,62060072.4451,DXX_J,DXDTOLI,"Weighted with WTMEC2YR. DXA metrics require DXAEXSTS=1 and region invalidity flags where applicable. US population reference; use for scale, not as an athlete-specific ideal."
nhanes-2017-2018-female-18-59-total_lean_mass_incl_bmc_kg-p50,NHANES 2017-2018,https://wwwn.cdc.gov/Nchs/Data/Nhanes/Public/2017/DataFiles/DXX_J.htm,2017-2018,female,18,59,total_lean_mass_incl_bmc_kg,50,44.2938,kg,1277,62060072.4451,DXX_J,DXDTOLI,"Weighted with WTMEC2YR. DXA metrics require DXAEXSTS=1 and region invalidity flags where applicable. US population reference; use for scale, not as an athlete-specific ideal."
nhanes-2017-2018-female-18-59-total_lean_mass_incl_bmc_kg-p75,NHANES 2017-2018,https://wwwn.cdc.gov/Nchs/Data/Nhanes/Public/2017/DataFiles/DXX_J.htm,2017-2018,female,18,59,total_lean_mass_incl_bmc_kg,75,50.5122,kg,1277,62060072.4451,DXX_J,DXDTOLI,"Weighted with WTMEC2YR. DXA metrics require DXAEXSTS=1 and region invalidity flags where applicable. US population reference; use for scale, not as an athlete-specific ideal."
nhanes-2017-2018-female-18-59-total_lean_mass_incl_bmc_kg-p90,NHANES 2017-2018,https://wwwn.cdc.gov/Nchs/Data/Nhanes/Public/2017/DataFiles/DXX_J.htm,2017-2018,female,18,59,total_lean_mass_incl_bmc_kg,90,57.4208,kg,1277,62060072.4451,DXX_J,DXDTOLI,"Weighted with WTMEC2YR. DXA metrics require DXAEXSTS=1 and region invalidity flags where applicable. US population reference; use for scale, not as an athlete-specific ideal."
nhanes-2017-2018-female-18-59-total_lean_mass_incl_bmc_kg-p95,NHANES 2017-2018,https://wwwn.cdc.gov/Nchs/Data/Nhanes/Public/2017/DataFiles/DXX_J.htm,2017-2018,female,18,59,total_lean_mass_incl_bmc_kg,95,62.0861,kg,1277,62060072.4451,DXX_J,DXDTOLI,"Weighted with WTMEC2YR. DXA metrics require DXAEXSTS=1 and region invalidity flags where applicable. US population reference; use for scale, not as an athlete-specific ideal."
nhanes-2017-2018-male-18-29-body_fat_percent-p5,NHANES 2017-2018,https://wwwn.cdc.gov/Nchs/Data/Nhanes/Public/2017/DataFiles/DXX_J.htm,2017-2018,male,18,29,body_fat_percent,5,14.6,percent,379,19527536.465,DXX_J,DXDTOPF,"Weighted with WTMEC2YR. DXA metrics require DXAEXSTS=1 and region invalidity flags where applicable. US population reference; use for scale, not as an athlete-specific ideal."
nhanes-2017-2018-male-18-29-body_fat_percent-p10,NHANES 2017-2018,https://wwwn.cdc.gov/Nchs/Data/Nhanes/Public/2017/DataFiles/DXX_J.htm,2017-2018,male,18,29,body_fat_percent,10,15.9,percent,379,19527536.465,DXX_J,DXDTOPF,"Weighted with WTMEC2YR. DXA metrics require DXAEXSTS=1 and region invalidity flags where applicable. US population reference; use for scale, not as an athlete-specific ideal."
nhanes-2017-2018-male-18-29-body_fat_percent-p25,NHANES 2017-2018,https://wwwn.cdc.gov/Nchs/Data/Nhanes/Public/2017/DataFiles/DXX_J.htm,2017-2018,male,18,29,body_fat_percent,25,19.8,percent,379,19527536.465,DXX_J,DXDTOPF,"Weighted with WTMEC2YR. DXA metrics require DXAEXSTS=1 and region invalidity flags where applicable. US population reference; use for scale, not as an athlete-specific ideal."
nhanes-2017-2018-male-18-29-body_fat_percent-p50,NHANES 2017-2018,https://wwwn.cdc.gov/Nchs/Data/Nhanes/Public/2017/DataFiles/DXX_J.htm,2017-2018,male,18,29,body_fat_percent,50,24.8,percent,379,19527536.465,DXX_J,DXDTOPF,"Weighted with WTMEC2YR. DXA metrics require DXAEXSTS=1 and region invalidity flags where applicable. US population reference; use for scale, not as an athlete-specific ideal."
nhanes-2017-2018-male-18-29-body_fat_percent-p75,NHANES 2017-2018,https://wwwn.cdc.gov/Nchs/Data/Nhanes/Public/2017/DataFiles/DXX_J.htm,2017-2018,male,18,29,body_fat_percent,75,30.8,percent,379,19527536.465,DXX_J,DXDTOPF,"Weighted with WTMEC2YR. DXA metrics require DXAEXSTS=1 and region invalidity flags where applicable. US population reference; use for scale, not as an athlete-specific ideal."
nhanes-2017-2018-male-18-29-body_fat_percent-p90,NHANES 2017-2018,https://wwwn.cdc.gov/Nchs/Data/Nhanes/Public/2017/DataFiles/DXX_J.htm,2017-2018,male,18,29,body_fat_percent,90,34.3,percent,379,19527536.465,DXX_J,DXDTOPF,"Weighted with WTMEC2YR. DXA metrics require DXAEXSTS=1 and region invalidity flags where applicable. US population reference; use for scale, not as an athlete-specific ideal."
nhanes-2017-2018-male-18-29-body_fat_percent-p95,NHANES 2017-2018,https://wwwn.cdc.gov/Nchs/Data/Nhanes/Public/2017/DataFiles/DXX_J.htm,2017-2018,male,18,29,body_fat_percent,95,36.7,percent,379,19527536.465,DXX_J,DXDTOPF,"Weighted with WTMEC2YR. DXA metrics require DXAEXSTS=1 and region invalidity flags where applicable. US population reference; use for scale, not as an athlete-specific ideal."
nhanes-2017-2018-male-30-39-body_fat_percent-p5,NHANES 2017-2018,https://wwwn.cdc.gov/Nchs/Data/Nhanes/Public/2017/DataFiles/DXX_J.htm,2017-2018,male,30,39,body_fat_percent,5,17.9,percent,250,13745697.5879,DXX_J,DXDTOPF,"Weighted with WTMEC2YR. DXA metrics require DXAEXSTS=1 and region invalidity flags where applicable. US population reference; use for scale, not as an athlete-specific ideal."
nhanes-2017-2018-male-30-39-body_fat_percent-p10,NHANES 2017-2018,https://wwwn.cdc.gov/Nchs/Data/Nhanes/Public/2017/DataFiles/DXX_J.htm,2017-2018,male,30,39,body_fat_percent,10,19.5,percent,250,13745697.5879,DXX_J,DXDTOPF,"Weighted with WTMEC2YR. DXA metrics require DXAEXSTS=1 and region invalidity flags where applicable. US population reference; use for scale, not as an athlete-specific ideal."
nhanes-2017-2018-male-30-39-body_fat_percent-p25,NHANES 2017-2018,https://wwwn.cdc.gov/Nchs/Data/Nhanes/Public/2017/DataFiles/DXX_J.htm,2017-2018,male,30,39,body_fat_percent,25,23.9,percent,250,13745697.5879,DXX_J,DXDTOPF,"Weighted with WTMEC2YR. DXA metrics require DXAEXSTS=1 and region invalidity flags where applicable. US population reference; use for scale, not as an athlete-specific ideal."
nhanes-2017-2018-male-30-39-body_fat_percent-p50,NHANES 2017-2018,https://wwwn.cdc.gov/Nchs/Data/Nhanes/Public/2017/DataFiles/DXX_J.htm,2017-2018,male,30,39,body_fat_percent,50,27.4,percent,250,13745697.5879,DXX_J,DXDTOPF,"Weighted with WTMEC2YR. DXA metrics require DXAEXSTS=1 and region invalidity flags where applicable. US population reference; use for scale, not as an athlete-specific ideal."
nhanes-2017-2018-male-30-39-body_fat_percent-p75,NHANES 2017-2018,https://wwwn.cdc.gov/Nchs/Data/Nhanes/Public/2017/DataFiles/DXX_J.htm,2017-2018,male,30,39,body_fat_percent,75,31.2,percent,250,13745697.5879,DXX_J,DXDTOPF,"Weighted with WTMEC2YR. DXA metrics require DXAEXSTS=1 and region invalidity flags where applicable. US population reference; use for scale, not as an athlete-specific ideal."
nhanes-2017-2018-male-30-39-body_fat_percent-p90,NHANES 2017-2018,https://wwwn.cdc.gov/Nchs/Data/Nhanes/Public/2017/DataFiles/DXX_J.htm,2017-2018,male,30,39,body_fat_percent,90,34.9,percent,250,13745697.5879,DXX_J,DXDTOPF,"Weighted with WTMEC2YR. DXA metrics require DXAEXSTS=1 and region invalidity flags where applicable. US population reference; use for scale, not as an athlete-specific ideal."
nhanes-2017-2018-male-30-39-body_fat_percent-p95,NHANES 2017-2018,https://wwwn.cdc.gov/Nchs/Data/Nhanes/Public/2017/DataFiles/DXX_J.htm,2017-2018,male,30,39,body_fat_percent,95,36.9,percent,250,13745697.5879,DXX_J,DXDTOPF,"Weighted with WTMEC2YR. DXA metrics require DXAEXSTS=1 and region invalidity flags where applicable. US population reference; use for scale, not as an athlete-specific ideal."
nhanes-2017-2018-male-40-49-body_fat_percent-p5,NHANES 2017-2018,https://wwwn.cdc.gov/Nchs/Data/Nhanes/Public/2017/DataFiles/DXX_J.htm,2017-2018,male,40,49,body_fat_percent,5,19.4,percent,264,13090051.1191,DXX_J,DXDTOPF,"Weighted with WTMEC2YR. DXA metrics require DXAEXSTS=1 and region invalidity flags where applicable. US population reference; use for scale, not as an athlete-specific ideal."
nhanes-2017-2018-male-40-49-body_fat_percent-p10,NHANES 2017-2018,https://wwwn.cdc.gov/Nchs/Data/Nhanes/Public/2017/DataFiles/DXX_J.htm,2017-2018,male,40,49,body_fat_percent,10,22.7,percent,264,13090051.1191,DXX_J,DXDTOPF,"Weighted with WTMEC2YR. DXA metrics require DXAEXSTS=1 and region invalidity flags where applicable. US population reference; use for scale, not as an athlete-specific ideal."
nhanes-2017-2018-male-40-49-body_fat_percent-p25,NHANES 2017-2018,https://wwwn.cdc.gov/Nchs/Data/Nhanes/Public/2017/DataFiles/DXX_J.htm,2017-2018,male,40,49,body_fat_percent,25,25.6,percent,264,13090051.1191,DXX_J,DXDTOPF,"Weighted with WTMEC2YR. DXA metrics require DXAEXSTS=1 and region invalidity flags where applicable. US population reference; use for scale, not as an athlete-specific ideal."
nhanes-2017-2018-male-40-49-body_fat_percent-p50,NHANES 2017-2018,https://wwwn.cdc.gov/Nchs/Data/Nhanes/Public/2017/DataFiles/DXX_J.htm,2017-2018,male,40,49,body_fat_percent,50,29.2,percent,264,13090051.1191,DXX_J,DXDTOPF,"Weighted with WTMEC2YR. DXA metrics require DXAEXSTS=1 and region invalidity flags where applicable. US population reference; use for scale, not as an athlete-specific ideal."
nhanes-2017-2018-male-40-49-body_fat_percent-p75,NHANES 2017-2018,https://wwwn.cdc.gov/Nchs/Data/Nhanes/Public/2017/DataFiles/DXX_J.htm,2017-2018,male,40,49,body_fat_percent,75,32.3,percent,264,13090051.1191,DXX_J,DXDTOPF,"Weighted with WTMEC2YR. DXA metrics require DXAEXSTS=1 and region invalidity flags where applicable. US population reference; use for scale, not as an athlete-specific ideal."
nhanes-2017-2018-male-40-49-body_fat_percent-p90,NHANES 2017-2018,https://wwwn.cdc.gov/Nchs/Data/Nhanes/Public/2017/DataFiles/DXX_J.htm,2017-2018,male,40,49,body_fat_percent,90,35.6,percent,264,13090051.1191,DXX_J,DXDTOPF,"Weighted with WTMEC2YR. DXA metrics require DXAEXSTS=1 and region invalidity flags where applicable. US population reference; use for scale, not as an athlete-specific ideal."
nhanes-2017-2018-male-40-49-body_fat_percent-p95,NHANES 2017-2018,https://wwwn.cdc.gov/Nchs/Data/Nhanes/Public/2017/DataFiles/DXX_J.htm,2017-2018,male,40,49,body_fat_percent,95,37.5,percent,264,13090051.1191,DXX_J,DXDTOPF,"Weighted with WTMEC2YR. DXA metrics require DXAEXSTS=1 and region invalidity flags where applicable. US population reference; use for scale, not as an athlete-specific ideal."
nhanes-2017-2018-male-50-59-body_fat_percent-p5,NHANES 2017-2018,https://wwwn.cdc.gov/Nchs/Data/Nhanes/Public/2017/DataFiles/DXX_J.htm,2017-2018,male,50,59,body_fat_percent,5,19.4,percent,282,14049750.216,DXX_J,DXDTOPF,"Weighted with WTMEC2YR. DXA metrics require DXAEXSTS=1 and region invalidity flags where applicable. US population reference; use for scale, not as an athlete-specific ideal."
nhanes-2017-2018-male-50-59-body_fat_percent-p10,NHANES 2017-2018,https://wwwn.cdc.gov/Nchs/Data/Nhanes/Public/2017/DataFiles/DXX_J.htm,2017-2018,male,50,59,body_fat_percent,10,22.1,percent,282,14049750.216,DXX_J,DXDTOPF,"Weighted with WTMEC2YR. DXA metrics require DXAEXSTS=1 and region invalidity flags where applicable. US population reference; use for scale, not as an athlete-specific ideal."
nhanes-2017-2018-male-50-59-body_fat_percent-p25,NHANES 2017-2018,https://wwwn.cdc.gov/Nchs/Data/Nhanes/Public/2017/DataFiles/DXX_J.htm,2017-2018,male,50,59,body_fat_percent,25,25.0,percent,282,14049750.216,DXX_J,DXDTOPF,"Weighted with WTMEC2YR. DXA metrics require DXAEXSTS=1 and region invalidity flags where applicable. US population reference; use for scale, not as an athlete-specific ideal."
nhanes-2017-2018-male-50-59-body_fat_percent-p50,NHANES 2017-2018,https://wwwn.cdc.gov/Nchs/Data/Nhanes/Public/2017/DataFiles/DXX_J.htm,2017-2018,male,50,59,body_fat_percent,50,28.2,percent,282,14049750.216,DXX_J,DXDTOPF,"Weighted with WTMEC2YR. DXA metrics require DXAEXSTS=1 and region invalidity flags where applicable. US population reference; use for scale, not as an athlete-specific ideal."
nhanes-2017-2018-male-50-59-body_fat_percent-p75,NHANES 2017-2018,https://wwwn.cdc.gov/Nchs/Data/Nhanes/Public/2017/DataFiles/DXX_J.htm,2017-2018,male,50,59,body_fat_percent,75,31.3,percent,282,14049750.216,DXX_J,DXDTOPF,"Weighted with WTMEC2YR. DXA metrics require DXAEXSTS=1 and region invalidity flags where applicable. US population reference; use for scale, not as an athlete-specific ideal."
nhanes-2017-2018-male-50-59-body_fat_percent-p90,NHANES 2017-2018,https://wwwn.cdc.gov/Nchs/Data/Nhanes/Public/2017/DataFiles/DXX_J.htm,2017-2018,male,50,59,body_fat_percent,90,35.5,percent,282,14049750.216,DXX_J,DXDTOPF,"Weighted with WTMEC2YR. DXA metrics require DXAEXSTS=1 and region invalidity flags where applicable. US population reference; use for scale, not as an athlete-specific ideal."
nhanes-2017-2018-male-50-59-body_fat_percent-p95,NHANES 2017-2018,https://wwwn.cdc.gov/Nchs/Data/Nhanes/Public/2017/DataFiles/DXX_J.htm,2017-2018,male,50,59,body_fat_percent,95,38.6,percent,282,14049750.216,DXX_J,DXDTOPF,"Weighted with WTMEC2YR. DXA metrics require DXAEXSTS=1 and region invalidity flags where applicable. US population reference; use for scale, not as an athlete-specific ideal."
nhanes-2017-2018-male-18-59-body_fat_percent-p5,NHANES 2017-2018,https://wwwn.cdc.gov/Nchs/Data/Nhanes/Public/2017/DataFiles/DXX_J.htm,2017-2018,male,18,59,body_fat_percent,5,16.0,percent,1175,60413035.3881,DXX_J,DXDTOPF,"Weighted with WTMEC2YR. DXA metrics require DXAEXSTS=1 and region invalidity flags where applicable. US population reference; use for scale, not as an athlete-specific ideal."
nhanes-2017-2018-male-18-59-body_fat_percent-p10,NHANES 2017-2018,https://wwwn.cdc.gov/Nchs/Data/Nhanes/Public/2017/DataFiles/DXX_J.htm,2017-2018,male,18,59,body_fat_percent,10,18.6,percent,1175,60413035.3881,DXX_J,DXDTOPF,"Weighted with WTMEC2YR. DXA metrics require DXAEXSTS=1 and region invalidity flags where applicable. US population reference; use for scale, not as an athlete-specific ideal."
nhanes-2017-2018-male-18-59-body_fat_percent-p25,NHANES 2017-2018,https://wwwn.cdc.gov/Nchs/Data/Nhanes/Public/2017/DataFiles/DXX_J.htm,2017-2018,male,18,59,body_fat_percent,25,23.1,percent,1175,60413035.3881,DXX_J,DXDTOPF,"Weighted with WTMEC2YR. DXA metrics require DXAEXSTS=1 and region invalidity flags where applicable. US population reference; use for scale, not as an athlete-specific ideal."
nhanes-2017-2018-male-18-59-body_fat_percent-p50,NHANES 2017-2018,https://wwwn.cdc.gov/Nchs/Data/Nhanes/Public/2017/DataFiles/DXX_J.htm,2017-2018,male,18,59,body_fat_percent,50,27.5,percent,1175,60413035.3881,DXX_J,DXDTOPF,"Weighted with WTMEC2YR. DXA metrics require DXAEXSTS=1 and region invalidity flags where applicable. US population reference; use for scale, not as an athlete-specific ideal."
nhanes-2017-2018-male-18-59-body_fat_percent-p75,NHANES 2017-2018,https://wwwn.cdc.gov/Nchs/Data/Nhanes/Public/2017/DataFiles/DXX_J.htm,2017-2018,male,18,59,body_fat_percent,75,31.4,percent,1175,60413035.3881,DXX_J,DXDTOPF,"Weighted with WTMEC2YR. DXA metrics require DXAEXSTS=1 and region invalidity flags where applicable. US population reference; use for scale, not as an athlete-specific ideal."
nhanes-2017-2018-male-18-59-body_fat_percent-p90,NHANES 2017-2018,https://wwwn.cdc.gov/Nchs/Data/Nhanes/Public/2017/DataFiles/DXX_J.htm,2017-2018,male,18,59,body_fat_percent,90,35.1,percent,1175,60413035.3881,DXX_J,DXDTOPF,"Weighted with WTMEC2YR. DXA metrics require DXAEXSTS=1 and region invalidity flags where applicable. US population reference; use for scale, not as an athlete-specific ideal."
nhanes-2017-2018-male-18-59-body_fat_percent-p95,NHANES 2017-2018,https://wwwn.cdc.gov/Nchs/Data/Nhanes/Public/2017/DataFiles/DXX_J.htm,2017-2018,male,18,59,body_fat_percent,95,37.2,percent,1175,60413035.3881,DXX_J,DXDTOPF,"Weighted with WTMEC2YR. DXA metrics require DXAEXSTS=1 and region invalidity flags where applicable. US population reference; use for scale, not as an athlete-specific ideal."
nhanes-2017-2018-female-18-29-body_fat_percent-p5,NHANES 2017-2018,https://wwwn.cdc.gov/Nchs/Data/Nhanes/Public/2017/DataFiles/DXX_J.htm,2017-2018,female,18,29,body_fat_percent,5,24.2,percent,370,18589693.6296,DXX_J,DXDTOPF,"Weighted with WTMEC2YR. DXA metrics require DXAEXSTS=1 and region invalidity flags where applicable. US population reference; use for scale, not as an athlete-specific ideal."
nhanes-2017-2018-female-18-29-body_fat_percent-p10,NHANES 2017-2018,https://wwwn.cdc.gov/Nchs/Data/Nhanes/Public/2017/DataFiles/DXX_J.htm,2017-2018,female,18,29,body_fat_percent,10,26.2,percent,370,18589693.6296,DXX_J,DXDTOPF,"Weighted with WTMEC2YR. DXA metrics require DXAEXSTS=1 and region invalidity flags where applicable. US population reference; use for scale, not as an athlete-specific ideal."
nhanes-2017-2018-female-18-29-body_fat_percent-p25,NHANES 2017-2018,https://wwwn.cdc.gov/Nchs/Data/Nhanes/Public/2017/DataFiles/DXX_J.htm,2017-2018,female,18,29,body_fat_percent,25,31.2,percent,370,18589693.6296,DXX_J,DXDTOPF,"Weighted with WTMEC2YR. DXA metrics require DXAEXSTS=1 and region invalidity flags where applicable. US population reference; use for scale, not as an athlete-specific ideal."
nhanes-2017-2018-female-18-29-body_fat_percent-p50,NHANES 2017-2018,https://wwwn.cdc.gov/Nchs/Data/Nhanes/Public/2017/DataFiles/DXX_J.htm,2017-2018,female,18,29,body_fat_percent,50,37.7,percent,370,18589693.6296,DXX_J,DXDTOPF,"Weighted with WTMEC2YR. DXA metrics require DXAEXSTS=1 and region invalidity flags where applicable. US population reference; use for scale, not as an athlete-specific ideal."
nhanes-2017-2018-female-18-29-body_fat_percent-p75,NHANES 2017-2018,https://wwwn.cdc.gov/Nchs/Data/Nhanes/Public/2017/DataFiles/DXX_J.htm,2017-2018,female,18,29,body_fat_percent,75,41.8,percent,370,18589693.6296,DXX_J,DXDTOPF,"Weighted with WTMEC2YR. DXA metrics require DXAEXSTS=1 and region invalidity flags where applicable. US population reference; use for scale, not as an athlete-specific ideal."
nhanes-2017-2018-female-18-29-body_fat_percent-p90,NHANES 2017-2018,https://wwwn.cdc.gov/Nchs/Data/Nhanes/Public/2017/DataFiles/DXX_J.htm,2017-2018,female,18,29,body_fat_percent,90,46.4,percent,370,18589693.6296,DXX_J,DXDTOPF,"Weighted with WTMEC2YR. DXA metrics require DXAEXSTS=1 and region invalidity flags where applicable. US population reference; use for scale, not as an athlete-specific ideal."
nhanes-2017-2018-female-18-29-body_fat_percent-p95,NHANES 2017-2018,https://wwwn.cdc.gov/Nchs/Data/Nhanes/Public/2017/DataFiles/DXX_J.htm,2017-2018,female,18,29,body_fat_percent,95,47.4,percent,370,18589693.6296,DXX_J,DXDTOPF,"Weighted with WTMEC2YR. DXA metrics require DXAEXSTS=1 and region invalidity flags where applicable. US population reference; use for scale, not as an athlete-specific ideal."
nhanes-2017-2018-female-30-39-body_fat_percent-p5,NHANES 2017-2018,https://wwwn.cdc.gov/Nchs/Data/Nhanes/Public/2017/DataFiles/DXX_J.htm,2017-2018,female,30,39,body_fat_percent,5,27.7,percent,293,14187658.6457,DXX_J,DXDTOPF,"Weighted with WTMEC2YR. DXA metrics require DXAEXSTS=1 and region invalidity flags where applicable. US population reference; use for scale, not as an athlete-specific ideal."
nhanes-2017-2018-female-30-39-body_fat_percent-p10,NHANES 2017-2018,https://wwwn.cdc.gov/Nchs/Data/Nhanes/Public/2017/DataFiles/DXX_J.htm,2017-2018,female,30,39,body_fat_percent,10,29.1,percent,293,14187658.6457,DXX_J,DXDTOPF,"Weighted with WTMEC2YR. DXA metrics require DXAEXSTS=1 and region invalidity flags where applicable. US population reference; use for scale, not as an athlete-specific ideal."
nhanes-2017-2018-female-30-39-body_fat_percent-p25,NHANES 2017-2018,https://wwwn.cdc.gov/Nchs/Data/Nhanes/Public/2017/DataFiles/DXX_J.htm,2017-2018,female,30,39,body_fat_percent,25,33.4,percent,293,14187658.6457,DXX_J,DXDTOPF,"Weighted with WTMEC2YR. DXA metrics require DXAEXSTS=1 and region invalidity flags where applicable. US population reference; use for scale, not as an athlete-specific ideal."
nhanes-2017-2018-female-30-39-body_fat_percent-p50,NHANES 2017-2018,https://wwwn.cdc.gov/Nchs/Data/Nhanes/Public/2017/DataFiles/DXX_J.htm,2017-2018,female,30,39,body_fat_percent,50,38.8,percent,293,14187658.6457,DXX_J,DXDTOPF,"Weighted with WTMEC2YR. DXA metrics require DXAEXSTS=1 and region invalidity flags where applicable. US population reference; use for scale, not as an athlete-specific ideal."
nhanes-2017-2018-female-30-39-body_fat_percent-p75,NHANES 2017-2018,https://wwwn.cdc.gov/Nchs/Data/Nhanes/Public/2017/DataFiles/DXX_J.htm,2017-2018,female,30,39,body_fat_percent,75,43.4,percent,293,14187658.6457,DXX_J,DXDTOPF,"Weighted with WTMEC2YR. DXA metrics require DXAEXSTS=1 and region invalidity flags where applicable. US population reference; use for scale, not as an athlete-specific ideal."
nhanes-2017-2018-female-30-39-body_fat_percent-p90,NHANES 2017-2018,https://wwwn.cdc.gov/Nchs/Data/Nhanes/Public/2017/DataFiles/DXX_J.htm,2017-2018,female,30,39,body_fat_percent,90,46.9,percent,293,14187658.6457,DXX_J,DXDTOPF,"Weighted with WTMEC2YR. DXA metrics require DXAEXSTS=1 and region invalidity flags where applicable. US population reference; use for scale, not as an athlete-specific ideal."
nhanes-2017-2018-female-30-39-body_fat_percent-p95,NHANES 2017-2018,https://wwwn.cdc.gov/Nchs/Data/Nhanes/Public/2017/DataFiles/DXX_J.htm,2017-2018,female,30,39,body_fat_percent,95,48.3,percent,293,14187658.6457,DXX_J,DXDTOPF,"Weighted with WTMEC2YR. DXA metrics require DXAEXSTS=1 and region invalidity flags where applicable. US population reference; use for scale, not as an athlete-specific ideal."
nhanes-2017-2018-female-40-49-body_fat_percent-p5,NHANES 2017-2018,https://wwwn.cdc.gov/Nchs/Data/Nhanes/Public/2017/DataFiles/DXX_J.htm,2017-2018,female,40,49,body_fat_percent,5,27.2,percent,289,14202291.3652,DXX_J,DXDTOPF,"Weighted with WTMEC2YR. DXA metrics require DXAEXSTS=1 and region invalidity flags where applicable. US population reference; use for scale, not as an athlete-specific ideal."
nhanes-2017-2018-female-40-49-body_fat_percent-p10,NHANES 2017-2018,https://wwwn.cdc.gov/Nchs/Data/Nhanes/Public/2017/DataFiles/DXX_J.htm,2017-2018,female,40,49,body_fat_percent,10,30.9,percent,289,14202291.3652,DXX_J,DXDTOPF,"Weighted with WTMEC2YR. DXA metrics require DXAEXSTS=1 and region invalidity flags where applicable. US population reference; use for scale, not as an athlete-specific ideal."
nhanes-2017-2018-female-40-49-body_fat_percent-p25,NHANES 2017-2018,https://wwwn.cdc.gov/Nchs/Data/Nhanes/Public/2017/DataFiles/DXX_J.htm,2017-2018,female,40,49,body_fat_percent,25,36.8,percent,289,14202291.3652,DXX_J,DXDTOPF,"Weighted with WTMEC2YR. DXA metrics require DXAEXSTS=1 and region invalidity flags where applicable. US population reference; use for scale, not as an athlete-specific ideal."
nhanes-2017-2018-female-40-49-body_fat_percent-p50,NHANES 2017-2018,https://wwwn.cdc.gov/Nchs/Data/Nhanes/Public/2017/DataFiles/DXX_J.htm,2017-2018,female,40,49,body_fat_percent,50,40.1,percent,289,14202291.3652,DXX_J,DXDTOPF,"Weighted with WTMEC2YR. DXA metrics require DXAEXSTS=1 and region invalidity flags where applicable. US population reference; use for scale, not as an athlete-specific ideal."
nhanes-2017-2018-female-40-49-body_fat_percent-p75,NHANES 2017-2018,https://wwwn.cdc.gov/Nchs/Data/Nhanes/Public/2017/DataFiles/DXX_J.htm,2017-2018,female,40,49,body_fat_percent,75,43.6,percent,289,14202291.3652,DXX_J,DXDTOPF,"Weighted with WTMEC2YR. DXA metrics require DXAEXSTS=1 and region invalidity flags where applicable. US population reference; use for scale, not as an athlete-specific ideal."
nhanes-2017-2018-female-40-49-body_fat_percent-p90,NHANES 2017-2018,https://wwwn.cdc.gov/Nchs/Data/Nhanes/Public/2017/DataFiles/DXX_J.htm,2017-2018,female,40,49,body_fat_percent,90,47.0,percent,289,14202291.3652,DXX_J,DXDTOPF,"Weighted with WTMEC2YR. DXA metrics require DXAEXSTS=1 and region invalidity flags where applicable. US population reference; use for scale, not as an athlete-specific ideal."
nhanes-2017-2018-female-40-49-body_fat_percent-p95,NHANES 2017-2018,https://wwwn.cdc.gov/Nchs/Data/Nhanes/Public/2017/DataFiles/DXX_J.htm,2017-2018,female,40,49,body_fat_percent,95,49.2,percent,289,14202291.3652,DXX_J,DXDTOPF,"Weighted with WTMEC2YR. DXA metrics require DXAEXSTS=1 and region invalidity flags where applicable. US population reference; use for scale, not as an athlete-specific ideal."
nhanes-2017-2018-female-50-59-body_fat_percent-p5,NHANES 2017-2018,https://wwwn.cdc.gov/Nchs/Data/Nhanes/Public/2017/DataFiles/DXX_J.htm,2017-2018,female,50,59,body_fat_percent,5,29.2,percent,325,15080428.8046,DXX_J,DXDTOPF,"Weighted with WTMEC2YR. DXA metrics require DXAEXSTS=1 and region invalidity flags where applicable. US population reference; use for scale, not as an athlete-specific ideal."
nhanes-2017-2018-female-50-59-body_fat_percent-p10,NHANES 2017-2018,https://wwwn.cdc.gov/Nchs/Data/Nhanes/Public/2017/DataFiles/DXX_J.htm,2017-2018,female,50,59,body_fat_percent,10,30.7,percent,325,15080428.8046,DXX_J,DXDTOPF,"Weighted with WTMEC2YR. DXA metrics require DXAEXSTS=1 and region invalidity flags where applicable. US population reference; use for scale, not as an athlete-specific ideal."
nhanes-2017-2018-female-50-59-body_fat_percent-p25,NHANES 2017-2018,https://wwwn.cdc.gov/Nchs/Data/Nhanes/Public/2017/DataFiles/DXX_J.htm,2017-2018,female,50,59,body_fat_percent,25,35.7,percent,325,15080428.8046,DXX_J,DXDTOPF,"Weighted with WTMEC2YR. DXA metrics require DXAEXSTS=1 and region invalidity flags where applicable. US population reference; use for scale, not as an athlete-specific ideal."
nhanes-2017-2018-female-50-59-body_fat_percent-p50,NHANES 2017-2018,https://wwwn.cdc.gov/Nchs/Data/Nhanes/Public/2017/DataFiles/DXX_J.htm,2017-2018,female,50,59,body_fat_percent,50,40.7,percent,325,15080428.8046,DXX_J,DXDTOPF,"Weighted with WTMEC2YR. DXA metrics require DXAEXSTS=1 and region invalidity flags where applicable. US population reference; use for scale, not as an athlete-specific ideal."
nhanes-2017-2018-female-50-59-body_fat_percent-p75,NHANES 2017-2018,https://wwwn.cdc.gov/Nchs/Data/Nhanes/Public/2017/DataFiles/DXX_J.htm,2017-2018,female,50,59,body_fat_percent,75,43.8,percent,325,15080428.8046,DXX_J,DXDTOPF,"Weighted with WTMEC2YR. DXA metrics require DXAEXSTS=1 and region invalidity flags where applicable. US population reference; use for scale, not as an athlete-specific ideal."
nhanes-2017-2018-female-50-59-body_fat_percent-p90,NHANES 2017-2018,https://wwwn.cdc.gov/Nchs/Data/Nhanes/Public/2017/DataFiles/DXX_J.htm,2017-2018,female,50,59,body_fat_percent,90,46.3,percent,325,15080428.8046,DXX_J,DXDTOPF,"Weighted with WTMEC2YR. DXA metrics require DXAEXSTS=1 and region invalidity flags where applicable. US population reference; use for scale, not as an athlete-specific ideal."
nhanes-2017-2018-female-50-59-body_fat_percent-p95,NHANES 2017-2018,https://wwwn.cdc.gov/Nchs/Data/Nhanes/Public/2017/DataFiles/DXX_J.htm,2017-2018,female,50,59,body_fat_percent,95,48.2,percent,325,15080428.8046,DXX_J,DXDTOPF,"Weighted with WTMEC2YR. DXA metrics require DXAEXSTS=1 and region invalidity flags where applicable. US population reference; use for scale, not as an athlete-specific ideal."
nhanes-2017-2018-female-18-59-body_fat_percent-p5,NHANES 2017-2018,https://wwwn.cdc.gov/Nchs/Data/Nhanes/Public/2017/DataFiles/DXX_J.htm,2017-2018,female,18,59,body_fat_percent,5,26.1,percent,1277,62060072.4451,DXX_J,DXDTOPF,"Weighted with WTMEC2YR. DXA metrics require DXAEXSTS=1 and region invalidity flags where applicable. US population reference; use for scale, not as an athlete-specific ideal."
nhanes-2017-2018-female-18-59-body_fat_percent-p10,NHANES 2017-2018,https://wwwn.cdc.gov/Nchs/Data/Nhanes/Public/2017/DataFiles/DXX_J.htm,2017-2018,female,18,59,body_fat_percent,10,29.0,percent,1277,62060072.4451,DXX_J,DXDTOPF,"Weighted with WTMEC2YR. DXA metrics require DXAEXSTS=1 and region invalidity flags where applicable. US population reference; use for scale, not as an athlete-specific ideal."
nhanes-2017-2018-female-18-59-body_fat_percent-p25,NHANES 2017-2018,https://wwwn.cdc.gov/Nchs/Data/Nhanes/Public/2017/DataFiles/DXX_J.htm,2017-2018,female,18,59,body_fat_percent,25,33.9,percent,1277,62060072.4451,DXX_J,DXDTOPF,"Weighted with WTMEC2YR. DXA metrics require DXAEXSTS=1 and region invalidity flags where applicable. US population reference; use for scale, not as an athlete-specific ideal."
nhanes-2017-2018-female-18-59-body_fat_percent-p50,NHANES 2017-2018,https://wwwn.cdc.gov/Nchs/Data/Nhanes/Public/2017/DataFiles/DXX_J.htm,2017-2018,female,18,59,body_fat_percent,50,39.3,percent,1277,62060072.4451,DXX_J,DXDTOPF,"Weighted with WTMEC2YR. DXA metrics require DXAEXSTS=1 and region invalidity flags where applicable. US population reference; use for scale, not as an athlete-specific ideal."
nhanes-2017-2018-female-18-59-body_fat_percent-p75,NHANES 2017-2018,https://wwwn.cdc.gov/Nchs/Data/Nhanes/Public/2017/DataFiles/DXX_J.htm,2017-2018,female,18,59,body_fat_percent,75,43.3,percent,1277,62060072.4451,DXX_J,DXDTOPF,"Weighted with WTMEC2YR. DXA metrics require DXAEXSTS=1 and region invalidity flags where applicable. US population reference; use for scale, not as an athlete-specific ideal."
nhanes-2017-2018-female-18-59-body_fat_percent-p90,NHANES 2017-2018,https://wwwn.cdc.gov/Nchs/Data/Nhanes/Public/2017/DataFiles/DXX_J.htm,2017-2018,female,18,59,body_fat_percent,90,46.6,percent,1277,62060072.4451,DXX_J,DXDTOPF,"Weighted with WTMEC2YR. DXA metrics require DXAEXSTS=1 and region invalidity flags where applicable. US population reference; use for scale, not as an athlete-specific ideal."
nhanes-2017-2018-female-18-59-body_fat_percent-p95,NHANES 2017-2018,https://wwwn.cdc.gov/Nchs/Data/Nhanes/Public/2017/DataFiles/DXX_J.htm,2017-2018,female,18,59,body_fat_percent,95,48.3,percent,1277,62060072.4451,DXX_J,DXDTOPF,"Weighted with WTMEC2YR. DXA metrics require DXAEXSTS=1 and region invalidity flags where applicable. US population reference; use for scale, not as an athlete-specific ideal."
nhanes-2017-2018-male-18-29-trunk_fat_mass_kg-p5,NHANES 2017-2018,https://wwwn.cdc.gov/Nchs/Data/Nhanes/Public/2017/DataFiles/DXX_J.htm,2017-2018,male,18,29,trunk_fat_mass_kg,5,3.5698,kg,426,22109039.1626,DXX_J,DXXTRFAT,"Weighted with WTMEC2YR. DXA metrics require DXAEXSTS=1 and region invalidity flags where applicable. US population reference; use for scale, not as an athlete-specific ideal."
nhanes-2017-2018-male-18-29-trunk_fat_mass_kg-p10,NHANES 2017-2018,https://wwwn.cdc.gov/Nchs/Data/Nhanes/Public/2017/DataFiles/DXX_J.htm,2017-2018,male,18,29,trunk_fat_mass_kg,10,4.051,kg,426,22109039.1626,DXX_J,DXXTRFAT,"Weighted with WTMEC2YR. DXA metrics require DXAEXSTS=1 and region invalidity flags where applicable. US population reference; use for scale, not as an athlete-specific ideal."
nhanes-2017-2018-male-18-29-trunk_fat_mass_kg-p25,NHANES 2017-2018,https://wwwn.cdc.gov/Nchs/Data/Nhanes/Public/2017/DataFiles/DXX_J.htm,2017-2018,male,18,29,trunk_fat_mass_kg,25,5.5269,kg,426,22109039.1626,DXX_J,DXXTRFAT,"Weighted with WTMEC2YR. DXA metrics require DXAEXSTS=1 and region invalidity flags where applicable. US population reference; use for scale, not as an athlete-specific ideal."
nhanes-2017-2018-male-18-29-trunk_fat_mass_kg-p50,NHANES 2017-2018,https://wwwn.cdc.gov/Nchs/Data/Nhanes/Public/2017/DataFiles/DXX_J.htm,2017-2018,male,18,29,trunk_fat_mass_kg,50,8.6946,kg,426,22109039.1626,DXX_J,DXXTRFAT,"Weighted with WTMEC2YR. DXA metrics require DXAEXSTS=1 and region invalidity flags where applicable. US population reference; use for scale, not as an athlete-specific ideal."
nhanes-2017-2018-male-18-29-trunk_fat_mass_kg-p75,NHANES 2017-2018,https://wwwn.cdc.gov/Nchs/Data/Nhanes/Public/2017/DataFiles/DXX_J.htm,2017-2018,male,18,29,trunk_fat_mass_kg,75,14.2268,kg,426,22109039.1626,DXX_J,DXXTRFAT,"Weighted with WTMEC2YR. DXA metrics require DXAEXSTS=1 and region invalidity flags where applicable. US population reference; use for scale, not as an athlete-specific ideal."
nhanes-2017-2018-male-18-29-trunk_fat_mass_kg-p90,NHANES 2017-2018,https://wwwn.cdc.gov/Nchs/Data/Nhanes/Public/2017/DataFiles/DXX_J.htm,2017-2018,male,18,29,trunk_fat_mass_kg,90,18.4703,kg,426,22109039.1626,DXX_J,DXXTRFAT,"Weighted with WTMEC2YR. DXA metrics require DXAEXSTS=1 and region invalidity flags where applicable. US population reference; use for scale, not as an athlete-specific ideal."
nhanes-2017-2018-male-18-29-trunk_fat_mass_kg-p95,NHANES 2017-2018,https://wwwn.cdc.gov/Nchs/Data/Nhanes/Public/2017/DataFiles/DXX_J.htm,2017-2018,male,18,29,trunk_fat_mass_kg,95,21.9613,kg,426,22109039.1626,DXX_J,DXXTRFAT,"Weighted with WTMEC2YR. DXA metrics require DXAEXSTS=1 and region invalidity flags where applicable. US population reference; use for scale, not as an athlete-specific ideal."
nhanes-2017-2018-male-30-39-trunk_fat_mass_kg-p5,NHANES 2017-2018,https://wwwn.cdc.gov/Nchs/Data/Nhanes/Public/2017/DataFiles/DXX_J.htm,2017-2018,male,30,39,trunk_fat_mass_kg,5,4.6382,kg,296,16590047.5989,DXX_J,DXXTRFAT,"Weighted with WTMEC2YR. DXA metrics require DXAEXSTS=1 and region invalidity flags where applicable. US population reference; use for scale, not as an athlete-specific ideal."
nhanes-2017-2018-male-30-39-trunk_fat_mass_kg-p10,NHANES 2017-2018,https://wwwn.cdc.gov/Nchs/Data/Nhanes/Public/2017/DataFiles/DXX_J.htm,2017-2018,male,30,39,trunk_fat_mass_kg,10,6.4637,kg,296,16590047.5989,DXX_J,DXXTRFAT,"Weighted with WTMEC2YR. DXA metrics require DXAEXSTS=1 and region invalidity flags where applicable. US population reference; use for scale, not as an athlete-specific ideal."
nhanes-2017-2018-male-30-39-trunk_fat_mass_kg-p25,NHANES 2017-2018,https://wwwn.cdc.gov/Nchs/Data/Nhanes/Public/2017/DataFiles/DXX_J.htm,2017-2018,male,30,39,trunk_fat_mass_kg,25,9.097,kg,296,16590047.5989,DXX_J,DXXTRFAT,"Weighted with WTMEC2YR. DXA metrics require DXAEXSTS=1 and region invalidity flags where applicable. US population reference; use for scale, not as an athlete-specific ideal."
nhanes-2017-2018-male-30-39-trunk_fat_mass_kg-p50,NHANES 2017-2018,https://wwwn.cdc.gov/Nchs/Data/Nhanes/Public/2017/DataFiles/DXX_J.htm,2017-2018,male,30,39,trunk_fat_mass_kg,50,12.1196,kg,296,16590047.5989,DXX_J,DXXTRFAT,"Weighted with WTMEC2YR. DXA metrics require DXAEXSTS=1 and region invalidity flags where applicable. US population reference; use for scale, not as an athlete-specific ideal."
nhanes-2017-2018-male-30-39-trunk_fat_mass_kg-p75,NHANES 2017-2018,https://wwwn.cdc.gov/Nchs/Data/Nhanes/Public/2017/DataFiles/DXX_J.htm,2017-2018,male,30,39,trunk_fat_mass_kg,75,16.684,kg,296,16590047.5989,DXX_J,DXXTRFAT,"Weighted with WTMEC2YR. DXA metrics require DXAEXSTS=1 and region invalidity flags where applicable. US population reference; use for scale, not as an athlete-specific ideal."
nhanes-2017-2018-male-30-39-trunk_fat_mass_kg-p90,NHANES 2017-2018,https://wwwn.cdc.gov/Nchs/Data/Nhanes/Public/2017/DataFiles/DXX_J.htm,2017-2018,male,30,39,trunk_fat_mass_kg,90,22.665,kg,296,16590047.5989,DXX_J,DXXTRFAT,"Weighted with WTMEC2YR. DXA metrics require DXAEXSTS=1 and region invalidity flags where applicable. US population reference; use for scale, not as an athlete-specific ideal."
nhanes-2017-2018-male-30-39-trunk_fat_mass_kg-p95,NHANES 2017-2018,https://wwwn.cdc.gov/Nchs/Data/Nhanes/Public/2017/DataFiles/DXX_J.htm,2017-2018,male,30,39,trunk_fat_mass_kg,95,25.6207,kg,296,16590047.5989,DXX_J,DXXTRFAT,"Weighted with WTMEC2YR. DXA metrics require DXAEXSTS=1 and region invalidity flags where applicable. US population reference; use for scale, not as an athlete-specific ideal."
nhanes-2017-2018-male-40-49-trunk_fat_mass_kg-p5,NHANES 2017-2018,https://wwwn.cdc.gov/Nchs/Data/Nhanes/Public/2017/DataFiles/DXX_J.htm,2017-2018,male,40,49,trunk_fat_mass_kg,5,6.4569,kg,295,14579474.4223,DXX_J,DXXTRFAT,"Weighted with WTMEC2YR. DXA metrics require DXAEXSTS=1 and region invalidity flags where applicable. US population reference; use for scale, not as an athlete-specific ideal."
nhanes-2017-2018-male-40-49-trunk_fat_mass_kg-p10,NHANES 2017-2018,https://wwwn.cdc.gov/Nchs/Data/Nhanes/Public/2017/DataFiles/DXX_J.htm,2017-2018,male,40,49,trunk_fat_mass_kg,10,6.9863,kg,295,14579474.4223,DXX_J,DXXTRFAT,"Weighted with WTMEC2YR. DXA metrics require DXAEXSTS=1 and region invalidity flags where applicable. US population reference; use for scale, not as an athlete-specific ideal."
nhanes-2017-2018-male-40-49-trunk_fat_mass_kg-p25,NHANES 2017-2018,https://wwwn.cdc.gov/Nchs/Data/Nhanes/Public/2017/DataFiles/DXX_J.htm,2017-2018,male,40,49,trunk_fat_mass_kg,25,10.4172,kg,295,14579474.4223,DXX_J,DXXTRFAT,"Weighted with WTMEC2YR. DXA metrics require DXAEXSTS=1 and region invalidity flags where applicable. US population reference; use for scale, not as an athlete-specific ideal."
nhanes-2017-2018-male-40-49-trunk_fat_mass_kg-p50,NHANES 2017-2018,https://wwwn.cdc.gov/Nchs/Data/Nhanes/Public/2017/DataFiles/DXX_J.htm,2017-2018,male,40,49,trunk_fat_mass_kg,50,13.629,kg,295,14579474.4223,DXX_J,DXXTRFAT,"Weighted with WTMEC2YR. DXA metrics require DXAEXSTS=1 and region invalidity flags where applicable. US population reference; use for scale, not as an athlete-specific ideal."
nhanes-2017-2018-male-40-49-trunk_fat_mass_kg-p75,NHANES 2017-2018,https://wwwn.cdc.gov/Nchs/Data/Nhanes/Public/2017/DataFiles/DXX_J.htm,2017-2018,male,40,49,trunk_fat_mass_kg,75,17.226,kg,295,14579474.4223,DXX_J,DXXTRFAT,"Weighted with WTMEC2YR. DXA metrics require DXAEXSTS=1 and region invalidity flags where applicable. US population reference; use for scale, not as an athlete-specific ideal."
nhanes-2017-2018-male-40-49-trunk_fat_mass_kg-p90,NHANES 2017-2018,https://wwwn.cdc.gov/Nchs/Data/Nhanes/Public/2017/DataFiles/DXX_J.htm,2017-2018,male,40,49,trunk_fat_mass_kg,90,21.2806,kg,295,14579474.4223,DXX_J,DXXTRFAT,"Weighted with WTMEC2YR. DXA metrics require DXAEXSTS=1 and region invalidity flags where applicable. US population reference; use for scale, not as an athlete-specific ideal."
nhanes-2017-2018-male-40-49-trunk_fat_mass_kg-p95,NHANES 2017-2018,https://wwwn.cdc.gov/Nchs/Data/Nhanes/Public/2017/DataFiles/DXX_J.htm,2017-2018,male,40,49,trunk_fat_mass_kg,95,23.4141,kg,295,14579474.4223,DXX_J,DXXTRFAT,"Weighted with WTMEC2YR. DXA metrics require DXAEXSTS=1 and region invalidity flags where applicable. US population reference; use for scale, not as an athlete-specific ideal."
nhanes-2017-2018-male-50-59-trunk_fat_mass_kg-p5,NHANES 2017-2018,https://wwwn.cdc.gov/Nchs/Data/Nhanes/Public/2017/DataFiles/DXX_J.htm,2017-2018,male,50,59,trunk_fat_mass_kg,5,5.5041,kg,316,15921918.4095,DXX_J,DXXTRFAT,"Weighted with WTMEC2YR. DXA metrics require DXAEXSTS=1 and region invalidity flags where applicable. US population reference; use for scale, not as an athlete-specific ideal."
nhanes-2017-2018-male-50-59-trunk_fat_mass_kg-p10,NHANES 2017-2018,https://wwwn.cdc.gov/Nchs/Data/Nhanes/Public/2017/DataFiles/DXX_J.htm,2017-2018,male,50,59,trunk_fat_mass_kg,10,7.4527,kg,316,15921918.4095,DXX_J,DXXTRFAT,"Weighted with WTMEC2YR. DXA metrics require DXAEXSTS=1 and region invalidity flags where applicable. US population reference; use for scale, not as an athlete-specific ideal."
nhanes-2017-2018-male-50-59-trunk_fat_mass_kg-p25,NHANES 2017-2018,https://wwwn.cdc.gov/Nchs/Data/Nhanes/Public/2017/DataFiles/DXX_J.htm,2017-2018,male,50,59,trunk_fat_mass_kg,25,10.7704,kg,316,15921918.4095,DXX_J,DXXTRFAT,"Weighted with WTMEC2YR. DXA metrics require DXAEXSTS=1 and region invalidity flags where applicable. US population reference; use for scale, not as an athlete-specific ideal."
nhanes-2017-2018-male-50-59-trunk_fat_mass_kg-p50,NHANES 2017-2018,https://wwwn.cdc.gov/Nchs/Data/Nhanes/Public/2017/DataFiles/DXX_J.htm,2017-2018,male,50,59,trunk_fat_mass_kg,50,13.1503,kg,316,15921918.4095,DXX_J,DXXTRFAT,"Weighted with WTMEC2YR. DXA metrics require DXAEXSTS=1 and region invalidity flags where applicable. US population reference; use for scale, not as an athlete-specific ideal."
nhanes-2017-2018-male-50-59-trunk_fat_mass_kg-p75,NHANES 2017-2018,https://wwwn.cdc.gov/Nchs/Data/Nhanes/Public/2017/DataFiles/DXX_J.htm,2017-2018,male,50,59,trunk_fat_mass_kg,75,16.2384,kg,316,15921918.4095,DXX_J,DXXTRFAT,"Weighted with WTMEC2YR. DXA metrics require DXAEXSTS=1 and region invalidity flags where applicable. US population reference; use for scale, not as an athlete-specific ideal."
nhanes-2017-2018-male-50-59-trunk_fat_mass_kg-p90,NHANES 2017-2018,https://wwwn.cdc.gov/Nchs/Data/Nhanes/Public/2017/DataFiles/DXX_J.htm,2017-2018,male,50,59,trunk_fat_mass_kg,90,20.6299,kg,316,15921918.4095,DXX_J,DXXTRFAT,"Weighted with WTMEC2YR. DXA metrics require DXAEXSTS=1 and region invalidity flags where applicable. US population reference; use for scale, not as an athlete-specific ideal."
nhanes-2017-2018-male-50-59-trunk_fat_mass_kg-p95,NHANES 2017-2018,https://wwwn.cdc.gov/Nchs/Data/Nhanes/Public/2017/DataFiles/DXX_J.htm,2017-2018,male,50,59,trunk_fat_mass_kg,95,27.0187,kg,316,15921918.4095,DXX_J,DXXTRFAT,"Weighted with WTMEC2YR. DXA metrics require DXAEXSTS=1 and region invalidity flags where applicable. US population reference; use for scale, not as an athlete-specific ideal."
nhanes-2017-2018-male-18-59-trunk_fat_mass_kg-p5,NHANES 2017-2018,https://wwwn.cdc.gov/Nchs/Data/Nhanes/Public/2017/DataFiles/DXX_J.htm,2017-2018,male,18,59,trunk_fat_mass_kg,5,4.1791,kg,1333,69200479.5933,DXX_J,DXXTRFAT,"Weighted with WTMEC2YR. DXA metrics require DXAEXSTS=1 and region invalidity flags where applicable. US population reference; use for scale, not as an athlete-specific ideal."
nhanes-2017-2018-male-18-59-trunk_fat_mass_kg-p10,NHANES 2017-2018,https://wwwn.cdc.gov/Nchs/Data/Nhanes/Public/2017/DataFiles/DXX_J.htm,2017-2018,male,18,59,trunk_fat_mass_kg,10,5.3002,kg,1333,69200479.5933,DXX_J,DXXTRFAT,"Weighted with WTMEC2YR. DXA metrics require DXAEXSTS=1 and region invalidity flags where applicable. US population reference; use for scale, not as an athlete-specific ideal."
nhanes-2017-2018-male-18-59-trunk_fat_mass_kg-p25,NHANES 2017-2018,https://wwwn.cdc.gov/Nchs/Data/Nhanes/Public/2017/DataFiles/DXX_J.htm,2017-2018,male,18,59,trunk_fat_mass_kg,25,8.3693,kg,1333,69200479.5933,DXX_J,DXXTRFAT,"Weighted with WTMEC2YR. DXA metrics require DXAEXSTS=1 and region invalidity flags where applicable. US population reference; use for scale, not as an athlete-specific ideal."
nhanes-2017-2018-male-18-59-trunk_fat_mass_kg-p50,NHANES 2017-2018,https://wwwn.cdc.gov/Nchs/Data/Nhanes/Public/2017/DataFiles/DXX_J.htm,2017-2018,male,18,59,trunk_fat_mass_kg,50,12.1122,kg,1333,69200479.5933,DXX_J,DXXTRFAT,"Weighted with WTMEC2YR. DXA metrics require DXAEXSTS=1 and region invalidity flags where applicable. US population reference; use for scale, not as an athlete-specific ideal."
nhanes-2017-2018-male-18-59-trunk_fat_mass_kg-p75,NHANES 2017-2018,https://wwwn.cdc.gov/Nchs/Data/Nhanes/Public/2017/DataFiles/DXX_J.htm,2017-2018,male,18,59,trunk_fat_mass_kg,75,15.9017,kg,1333,69200479.5933,DXX_J,DXXTRFAT,"Weighted with WTMEC2YR. DXA metrics require DXAEXSTS=1 and region invalidity flags where applicable. US population reference; use for scale, not as an athlete-specific ideal."
nhanes-2017-2018-male-18-59-trunk_fat_mass_kg-p90,NHANES 2017-2018,https://wwwn.cdc.gov/Nchs/Data/Nhanes/Public/2017/DataFiles/DXX_J.htm,2017-2018,male,18,59,trunk_fat_mass_kg,90,21.09,kg,1333,69200479.5933,DXX_J,DXXTRFAT,"Weighted with WTMEC2YR. DXA metrics require DXAEXSTS=1 and region invalidity flags where applicable. US population reference; use for scale, not as an athlete-specific ideal."
nhanes-2017-2018-male-18-59-trunk_fat_mass_kg-p95,NHANES 2017-2018,https://wwwn.cdc.gov/Nchs/Data/Nhanes/Public/2017/DataFiles/DXX_J.htm,2017-2018,male,18,59,trunk_fat_mass_kg,95,24.5263,kg,1333,69200479.5933,DXX_J,DXXTRFAT,"Weighted with WTMEC2YR. DXA metrics require DXAEXSTS=1 and region invalidity flags where applicable. US population reference; use for scale, not as an athlete-specific ideal."
nhanes-2017-2018-female-18-29-trunk_fat_mass_kg-p5,NHANES 2017-2018,https://wwwn.cdc.gov/Nchs/Data/Nhanes/Public/2017/DataFiles/DXX_J.htm,2017-2018,female,18,29,trunk_fat_mass_kg,5,4.5035,kg,383,18803979.7827,DXX_J,DXXTRFAT,"Weighted with WTMEC2YR. DXA metrics require DXAEXSTS=1 and region invalidity flags where applicable. US population reference; use for scale, not as an athlete-specific ideal."
nhanes-2017-2018-female-18-29-trunk_fat_mass_kg-p10,NHANES 2017-2018,https://wwwn.cdc.gov/Nchs/Data/Nhanes/Public/2017/DataFiles/DXX_J.htm,2017-2018,female,18,29,trunk_fat_mass_kg,10,5.1373,kg,383,18803979.7827,DXX_J,DXXTRFAT,"Weighted with WTMEC2YR. DXA metrics require DXAEXSTS=1 and region invalidity flags where applicable. US population reference; use for scale, not as an athlete-specific ideal."
nhanes-2017-2018-female-18-29-trunk_fat_mass_kg-p25,NHANES 2017-2018,https://wwwn.cdc.gov/Nchs/Data/Nhanes/Public/2017/DataFiles/DXX_J.htm,2017-2018,female,18,29,trunk_fat_mass_kg,25,6.9904,kg,383,18803979.7827,DXX_J,DXXTRFAT,"Weighted with WTMEC2YR. DXA metrics require DXAEXSTS=1 and region invalidity flags where applicable. US population reference; use for scale, not as an athlete-specific ideal."
nhanes-2017-2018-female-18-29-trunk_fat_mass_kg-p50,NHANES 2017-2018,https://wwwn.cdc.gov/Nchs/Data/Nhanes/Public/2017/DataFiles/DXX_J.htm,2017-2018,female,18,29,trunk_fat_mass_kg,50,10.9932,kg,383,18803979.7827,DXX_J,DXXTRFAT,"Weighted with WTMEC2YR. DXA metrics require DXAEXSTS=1 and region invalidity flags where applicable. US population reference; use for scale, not as an athlete-specific ideal."
nhanes-2017-2018-female-18-29-trunk_fat_mass_kg-p75,NHANES 2017-2018,https://wwwn.cdc.gov/Nchs/Data/Nhanes/Public/2017/DataFiles/DXX_J.htm,2017-2018,female,18,29,trunk_fat_mass_kg,75,16.4424,kg,383,18803979.7827,DXX_J,DXXTRFAT,"Weighted with WTMEC2YR. DXA metrics require DXAEXSTS=1 and region invalidity flags where applicable. US population reference; use for scale, not as an athlete-specific ideal."
nhanes-2017-2018-female-18-29-trunk_fat_mass_kg-p90,NHANES 2017-2018,https://wwwn.cdc.gov/Nchs/Data/Nhanes/Public/2017/DataFiles/DXX_J.htm,2017-2018,female,18,29,trunk_fat_mass_kg,90,22.2383,kg,383,18803979.7827,DXX_J,DXXTRFAT,"Weighted with WTMEC2YR. DXA metrics require DXAEXSTS=1 and region invalidity flags where applicable. US population reference; use for scale, not as an athlete-specific ideal."
nhanes-2017-2018-female-18-29-trunk_fat_mass_kg-p95,NHANES 2017-2018,https://wwwn.cdc.gov/Nchs/Data/Nhanes/Public/2017/DataFiles/DXX_J.htm,2017-2018,female,18,29,trunk_fat_mass_kg,95,24.6532,kg,383,18803979.7827,DXX_J,DXXTRFAT,"Weighted with WTMEC2YR. DXA metrics require DXAEXSTS=1 and region invalidity flags where applicable. US population reference; use for scale, not as an athlete-specific ideal."
nhanes-2017-2018-female-30-39-trunk_fat_mass_kg-p5,NHANES 2017-2018,https://wwwn.cdc.gov/Nchs/Data/Nhanes/Public/2017/DataFiles/DXX_J.htm,2017-2018,female,30,39,trunk_fat_mass_kg,5,5.9061,kg,297,14262548.3888,DXX_J,DXXTRFAT,"Weighted with WTMEC2YR. DXA metrics require DXAEXSTS=1 and region invalidity flags where applicable. US population reference; use for scale, not as an athlete-specific ideal."
nhanes-2017-2018-female-30-39-trunk_fat_mass_kg-p10,NHANES 2017-2018,https://wwwn.cdc.gov/Nchs/Data/Nhanes/Public/2017/DataFiles/DXX_J.htm,2017-2018,female,30,39,trunk_fat_mass_kg,10,6.521,kg,297,14262548.3888,DXX_J,DXXTRFAT,"Weighted with WTMEC2YR. DXA metrics require DXAEXSTS=1 and region invalidity flags where applicable. US population reference; use for scale, not as an athlete-specific ideal."
nhanes-2017-2018-female-30-39-trunk_fat_mass_kg-p25,NHANES 2017-2018,https://wwwn.cdc.gov/Nchs/Data/Nhanes/Public/2017/DataFiles/DXX_J.htm,2017-2018,female,30,39,trunk_fat_mass_kg,25,8.7891,kg,297,14262548.3888,DXX_J,DXXTRFAT,"Weighted with WTMEC2YR. DXA metrics require DXAEXSTS=1 and region invalidity flags where applicable. US population reference; use for scale, not as an athlete-specific ideal."
nhanes-2017-2018-female-30-39-trunk_fat_mass_kg-p50,NHANES 2017-2018,https://wwwn.cdc.gov/Nchs/Data/Nhanes/Public/2017/DataFiles/DXX_J.htm,2017-2018,female,30,39,trunk_fat_mass_kg,50,12.9965,kg,297,14262548.3888,DXX_J,DXXTRFAT,"Weighted with WTMEC2YR. DXA metrics require DXAEXSTS=1 and region invalidity flags where applicable. US population reference; use for scale, not as an athlete-specific ideal."
nhanes-2017-2018-female-30-39-trunk_fat_mass_kg-p75,NHANES 2017-2018,https://wwwn.cdc.gov/Nchs/Data/Nhanes/Public/2017/DataFiles/DXX_J.htm,2017-2018,female,30,39,trunk_fat_mass_kg,75,18.6082,kg,297,14262548.3888,DXX_J,DXXTRFAT,"Weighted with WTMEC2YR. DXA metrics require DXAEXSTS=1 and region invalidity flags where applicable. US population reference; use for scale, not as an athlete-specific ideal."
nhanes-2017-2018-female-30-39-trunk_fat_mass_kg-p90,NHANES 2017-2018,https://wwwn.cdc.gov/Nchs/Data/Nhanes/Public/2017/DataFiles/DXX_J.htm,2017-2018,female,30,39,trunk_fat_mass_kg,90,24.4978,kg,297,14262548.3888,DXX_J,DXXTRFAT,"Weighted with WTMEC2YR. DXA metrics require DXAEXSTS=1 and region invalidity flags where applicable. US population reference; use for scale, not as an athlete-specific ideal."
nhanes-2017-2018-female-30-39-trunk_fat_mass_kg-p95,NHANES 2017-2018,https://wwwn.cdc.gov/Nchs/Data/Nhanes/Public/2017/DataFiles/DXX_J.htm,2017-2018,female,30,39,trunk_fat_mass_kg,95,28.3775,kg,297,14262548.3888,DXX_J,DXXTRFAT,"Weighted with WTMEC2YR. DXA metrics require DXAEXSTS=1 and region invalidity flags where applicable. US population reference; use for scale, not as an athlete-specific ideal."
nhanes-2017-2018-female-40-49-trunk_fat_mass_kg-p5,NHANES 2017-2018,https://wwwn.cdc.gov/Nchs/Data/Nhanes/Public/2017/DataFiles/DXX_J.htm,2017-2018,female,40,49,trunk_fat_mass_kg,5,6.6649,kg,290,14371988.0679,DXX_J,DXXTRFAT,"Weighted with WTMEC2YR. DXA metrics require DXAEXSTS=1 and region invalidity flags where applicable. US population reference; use for scale, not as an athlete-specific ideal."
nhanes-2017-2018-female-40-49-trunk_fat_mass_kg-p10,NHANES 2017-2018,https://wwwn.cdc.gov/Nchs/Data/Nhanes/Public/2017/DataFiles/DXX_J.htm,2017-2018,female,40,49,trunk_fat_mass_kg,10,8.0368,kg,290,14371988.0679,DXX_J,DXXTRFAT,"Weighted with WTMEC2YR. DXA metrics require DXAEXSTS=1 and region invalidity flags where applicable. US population reference; use for scale, not as an athlete-specific ideal."
nhanes-2017-2018-female-40-49-trunk_fat_mass_kg-p25,NHANES 2017-2018,https://wwwn.cdc.gov/Nchs/Data/Nhanes/Public/2017/DataFiles/DXX_J.htm,2017-2018,female,40,49,trunk_fat_mass_kg,25,10.825,kg,290,14371988.0679,DXX_J,DXXTRFAT,"Weighted with WTMEC2YR. DXA metrics require DXAEXSTS=1 and region invalidity flags where applicable. US population reference; use for scale, not as an athlete-specific ideal."
nhanes-2017-2018-female-40-49-trunk_fat_mass_kg-p50,NHANES 2017-2018,https://wwwn.cdc.gov/Nchs/Data/Nhanes/Public/2017/DataFiles/DXX_J.htm,2017-2018,female,40,49,trunk_fat_mass_kg,50,13.896,kg,290,14371988.0679,DXX_J,DXXTRFAT,"Weighted with WTMEC2YR. DXA metrics require DXAEXSTS=1 and region invalidity flags where applicable. US population reference; use for scale, not as an athlete-specific ideal."
nhanes-2017-2018-female-40-49-trunk_fat_mass_kg-p75,NHANES 2017-2018,https://wwwn.cdc.gov/Nchs/Data/Nhanes/Public/2017/DataFiles/DXX_J.htm,2017-2018,female,40,49,trunk_fat_mass_kg,75,19.2895,kg,290,14371988.0679,DXX_J,DXXTRFAT,"Weighted with WTMEC2YR. DXA metrics require DXAEXSTS=1 and region invalidity flags where applicable. US population reference; use for scale, not as an athlete-specific ideal."
nhanes-2017-2018-female-40-49-trunk_fat_mass_kg-p90,NHANES 2017-2018,https://wwwn.cdc.gov/Nchs/Data/Nhanes/Public/2017/DataFiles/DXX_J.htm,2017-2018,female,40,49,trunk_fat_mass_kg,90,26.7751,kg,290,14371988.0679,DXX_J,DXXTRFAT,"Weighted with WTMEC2YR. DXA metrics require DXAEXSTS=1 and region invalidity flags where applicable. US population reference; use for scale, not as an athlete-specific ideal."
nhanes-2017-2018-female-40-49-trunk_fat_mass_kg-p95,NHANES 2017-2018,https://wwwn.cdc.gov/Nchs/Data/Nhanes/Public/2017/DataFiles/DXX_J.htm,2017-2018,female,40,49,trunk_fat_mass_kg,95,29.9484,kg,290,14371988.0679,DXX_J,DXXTRFAT,"Weighted with WTMEC2YR. DXA metrics require DXAEXSTS=1 and region invalidity flags where applicable. US population reference; use for scale, not as an athlete-specific ideal."
nhanes-2017-2018-female-50-59-trunk_fat_mass_kg-p5,NHANES 2017-2018,https://wwwn.cdc.gov/Nchs/Data/Nhanes/Public/2017/DataFiles/DXX_J.htm,2017-2018,female,50,59,trunk_fat_mass_kg,5,5.9734,kg,311,14240992.9531,DXX_J,DXXTRFAT,"Weighted with WTMEC2YR. DXA metrics require DXAEXSTS=1 and region invalidity flags where applicable. US population reference; use for scale, not as an athlete-specific ideal."
nhanes-2017-2018-female-50-59-trunk_fat_mass_kg-p10,NHANES 2017-2018,https://wwwn.cdc.gov/Nchs/Data/Nhanes/Public/2017/DataFiles/DXX_J.htm,2017-2018,female,50,59,trunk_fat_mass_kg,10,6.8366,kg,311,14240992.9531,DXX_J,DXXTRFAT,"Weighted with WTMEC2YR. DXA metrics require DXAEXSTS=1 and region invalidity flags where applicable. US population reference; use for scale, not as an athlete-specific ideal."
nhanes-2017-2018-female-50-59-trunk_fat_mass_kg-p25,NHANES 2017-2018,https://wwwn.cdc.gov/Nchs/Data/Nhanes/Public/2017/DataFiles/DXX_J.htm,2017-2018,female,50,59,trunk_fat_mass_kg,25,10.0338,kg,311,14240992.9531,DXX_J,DXXTRFAT,"Weighted with WTMEC2YR. DXA metrics require DXAEXSTS=1 and region invalidity flags where applicable. US population reference; use for scale, not as an athlete-specific ideal."
nhanes-2017-2018-female-50-59-trunk_fat_mass_kg-p50,NHANES 2017-2018,https://wwwn.cdc.gov/Nchs/Data/Nhanes/Public/2017/DataFiles/DXX_J.htm,2017-2018,female,50,59,trunk_fat_mass_kg,50,14.5216,kg,311,14240992.9531,DXX_J,DXXTRFAT,"Weighted with WTMEC2YR. DXA metrics require DXAEXSTS=1 and region invalidity flags where applicable. US population reference; use for scale, not as an athlete-specific ideal."
nhanes-2017-2018-female-50-59-trunk_fat_mass_kg-p75,NHANES 2017-2018,https://wwwn.cdc.gov/Nchs/Data/Nhanes/Public/2017/DataFiles/DXX_J.htm,2017-2018,female,50,59,trunk_fat_mass_kg,75,17.8919,kg,311,14240992.9531,DXX_J,DXXTRFAT,"Weighted with WTMEC2YR. DXA metrics require DXAEXSTS=1 and region invalidity flags where applicable. US population reference; use for scale, not as an athlete-specific ideal."
nhanes-2017-2018-female-50-59-trunk_fat_mass_kg-p90,NHANES 2017-2018,https://wwwn.cdc.gov/Nchs/Data/Nhanes/Public/2017/DataFiles/DXX_J.htm,2017-2018,female,50,59,trunk_fat_mass_kg,90,22.7821,kg,311,14240992.9531,DXX_J,DXXTRFAT,"Weighted with WTMEC2YR. DXA metrics require DXAEXSTS=1 and region invalidity flags where applicable. US population reference; use for scale, not as an athlete-specific ideal."
nhanes-2017-2018-female-50-59-trunk_fat_mass_kg-p95,NHANES 2017-2018,https://wwwn.cdc.gov/Nchs/Data/Nhanes/Public/2017/DataFiles/DXX_J.htm,2017-2018,female,50,59,trunk_fat_mass_kg,95,25.2407,kg,311,14240992.9531,DXX_J,DXXTRFAT,"Weighted with WTMEC2YR. DXA metrics require DXAEXSTS=1 and region invalidity flags where applicable. US population reference; use for scale, not as an athlete-specific ideal."
nhanes-2017-2018-female-18-59-trunk_fat_mass_kg-p5,NHANES 2017-2018,https://wwwn.cdc.gov/Nchs/Data/Nhanes/Public/2017/DataFiles/DXX_J.htm,2017-2018,female,18,59,trunk_fat_mass_kg,5,5.1032,kg,1281,61679509.1924,DXX_J,DXXTRFAT,"Weighted with WTMEC2YR. DXA metrics require DXAEXSTS=1 and region invalidity flags where applicable. US population reference; use for scale, not as an athlete-specific ideal."
nhanes-2017-2018-female-18-59-trunk_fat_mass_kg-p10,NHANES 2017-2018,https://wwwn.cdc.gov/Nchs/Data/Nhanes/Public/2017/DataFiles/DXX_J.htm,2017-2018,female,18,59,trunk_fat_mass_kg,10,6.1438,kg,1281,61679509.1924,DXX_J,DXXTRFAT,"Weighted with WTMEC2YR. DXA metrics require DXAEXSTS=1 and region invalidity flags where applicable. US population reference; use for scale, not as an athlete-specific ideal."
nhanes-2017-2018-female-18-59-trunk_fat_mass_kg-p25,NHANES 2017-2018,https://wwwn.cdc.gov/Nchs/Data/Nhanes/Public/2017/DataFiles/DXX_J.htm,2017-2018,female,18,59,trunk_fat_mass_kg,25,8.767,kg,1281,61679509.1924,DXX_J,DXXTRFAT,"Weighted with WTMEC2YR. DXA metrics require DXAEXSTS=1 and region invalidity flags where applicable. US population reference; use for scale, not as an athlete-specific ideal."
nhanes-2017-2018-female-18-59-trunk_fat_mass_kg-p50,NHANES 2017-2018,https://wwwn.cdc.gov/Nchs/Data/Nhanes/Public/2017/DataFiles/DXX_J.htm,2017-2018,female,18,59,trunk_fat_mass_kg,50,13.0063,kg,1281,61679509.1924,DXX_J,DXXTRFAT,"Weighted with WTMEC2YR. DXA metrics require DXAEXSTS=1 and region invalidity flags where applicable. US population reference; use for scale, not as an athlete-specific ideal."
nhanes-2017-2018-female-18-59-trunk_fat_mass_kg-p75,NHANES 2017-2018,https://wwwn.cdc.gov/Nchs/Data/Nhanes/Public/2017/DataFiles/DXX_J.htm,2017-2018,female,18,59,trunk_fat_mass_kg,75,17.8777,kg,1281,61679509.1924,DXX_J,DXXTRFAT,"Weighted with WTMEC2YR. DXA metrics require DXAEXSTS=1 and region invalidity flags where applicable. US population reference; use for scale, not as an athlete-specific ideal."
nhanes-2017-2018-female-18-59-trunk_fat_mass_kg-p90,NHANES 2017-2018,https://wwwn.cdc.gov/Nchs/Data/Nhanes/Public/2017/DataFiles/DXX_J.htm,2017-2018,female,18,59,trunk_fat_mass_kg,90,23.4829,kg,1281,61679509.1924,DXX_J,DXXTRFAT,"Weighted with WTMEC2YR. DXA metrics require DXAEXSTS=1 and region invalidity flags where applicable. US population reference; use for scale, not as an athlete-specific ideal."
nhanes-2017-2018-female-18-59-trunk_fat_mass_kg-p95,NHANES 2017-2018,https://wwwn.cdc.gov/Nchs/Data/Nhanes/Public/2017/DataFiles/DXX_J.htm,2017-2018,female,18,59,trunk_fat_mass_kg,95,27.7199,kg,1281,61679509.1924,DXX_J,DXXTRFAT,"Weighted with WTMEC2YR. DXA metrics require DXAEXSTS=1 and region invalidity flags where applicable. US population reference; use for scale, not as an athlete-specific ideal."
nhanes-2017-2018-male-18-29-trunk_lean_mass_kg-p5,NHANES 2017-2018,https://wwwn.cdc.gov/Nchs/Data/Nhanes/Public/2017/DataFiles/DXX_J.htm,2017-2018,male,18,29,trunk_lean_mass_kg,5,21.5815,kg,426,22109039.1626,DXX_J,DXDTRLE,"Weighted with WTMEC2YR. DXA metrics require DXAEXSTS=1 and region invalidity flags where applicable. US population reference; use for scale, not as an athlete-specific ideal."
nhanes-2017-2018-male-18-29-trunk_lean_mass_kg-p10,NHANES 2017-2018,https://wwwn.cdc.gov/Nchs/Data/Nhanes/Public/2017/DataFiles/DXX_J.htm,2017-2018,male,18,29,trunk_lean_mass_kg,10,22.7018,kg,426,22109039.1626,DXX_J,DXDTRLE,"Weighted with WTMEC2YR. DXA metrics require DXAEXSTS=1 and region invalidity flags where applicable. US population reference; use for scale, not as an athlete-specific ideal."
nhanes-2017-2018-male-18-29-trunk_lean_mass_kg-p25,NHANES 2017-2018,https://wwwn.cdc.gov/Nchs/Data/Nhanes/Public/2017/DataFiles/DXX_J.htm,2017-2018,male,18,29,trunk_lean_mass_kg,25,24.4728,kg,426,22109039.1626,DXX_J,DXDTRLE,"Weighted with WTMEC2YR. DXA metrics require DXAEXSTS=1 and region invalidity flags where applicable. US population reference; use for scale, not as an athlete-specific ideal."
nhanes-2017-2018-male-18-29-trunk_lean_mass_kg-p50,NHANES 2017-2018,https://wwwn.cdc.gov/Nchs/Data/Nhanes/Public/2017/DataFiles/DXX_J.htm,2017-2018,male,18,29,trunk_lean_mass_kg,50,28.0833,kg,426,22109039.1626,DXX_J,DXDTRLE,"Weighted with WTMEC2YR. DXA metrics require DXAEXSTS=1 and region invalidity flags where applicable. US population reference; use for scale, not as an athlete-specific ideal."
nhanes-2017-2018-male-18-29-trunk_lean_mass_kg-p75,NHANES 2017-2018,https://wwwn.cdc.gov/Nchs/Data/Nhanes/Public/2017/DataFiles/DXX_J.htm,2017-2018,male,18,29,trunk_lean_mass_kg,75,31.4283,kg,426,22109039.1626,DXX_J,DXDTRLE,"Weighted with WTMEC2YR. DXA metrics require DXAEXSTS=1 and region invalidity flags where applicable. US population reference; use for scale, not as an athlete-specific ideal."
nhanes-2017-2018-male-18-29-trunk_lean_mass_kg-p90,NHANES 2017-2018,https://wwwn.cdc.gov/Nchs/Data/Nhanes/Public/2017/DataFiles/DXX_J.htm,2017-2018,male,18,29,trunk_lean_mass_kg,90,36.8551,kg,426,22109039.1626,DXX_J,DXDTRLE,"Weighted with WTMEC2YR. DXA metrics require DXAEXSTS=1 and region invalidity flags where applicable. US population reference; use for scale, not as an athlete-specific ideal."
nhanes-2017-2018-male-18-29-trunk_lean_mass_kg-p95,NHANES 2017-2018,https://wwwn.cdc.gov/Nchs/Data/Nhanes/Public/2017/DataFiles/DXX_J.htm,2017-2018,male,18,29,trunk_lean_mass_kg,95,37.8181,kg,426,22109039.1626,DXX_J,DXDTRLE,"Weighted with WTMEC2YR. DXA metrics require DXAEXSTS=1 and region invalidity flags where applicable. US population reference; use for scale, not as an athlete-specific ideal."
nhanes-2017-2018-male-30-39-trunk_lean_mass_kg-p5,NHANES 2017-2018,https://wwwn.cdc.gov/Nchs/Data/Nhanes/Public/2017/DataFiles/DXX_J.htm,2017-2018,male,30,39,trunk_lean_mass_kg,5,23.753,kg,296,16590047.5989,DXX_J,DXDTRLE,"Weighted with WTMEC2YR. DXA metrics require DXAEXSTS=1 and region invalidity flags where applicable. US population reference; use for scale, not as an athlete-specific ideal."
nhanes-2017-2018-male-30-39-trunk_lean_mass_kg-p10,NHANES 2017-2018,https://wwwn.cdc.gov/Nchs/Data/Nhanes/Public/2017/DataFiles/DXX_J.htm,2017-2018,male,30,39,trunk_lean_mass_kg,10,25.4019,kg,296,16590047.5989,DXX_J,DXDTRLE,"Weighted with WTMEC2YR. DXA metrics require DXAEXSTS=1 and region invalidity flags where applicable. US population reference; use for scale, not as an athlete-specific ideal."
nhanes-2017-2018-male-30-39-trunk_lean_mass_kg-p25,NHANES 2017-2018,https://wwwn.cdc.gov/Nchs/Data/Nhanes/Public/2017/DataFiles/DXX_J.htm,2017-2018,male,30,39,trunk_lean_mass_kg,25,27.185,kg,296,16590047.5989,DXX_J,DXDTRLE,"Weighted with WTMEC2YR. DXA metrics require DXAEXSTS=1 and region invalidity flags where applicable. US population reference; use for scale, not as an athlete-specific ideal."
nhanes-2017-2018-male-30-39-trunk_lean_mass_kg-p50,NHANES 2017-2018,https://wwwn.cdc.gov/Nchs/Data/Nhanes/Public/2017/DataFiles/DXX_J.htm,2017-2018,male,30,39,trunk_lean_mass_kg,50,30.558,kg,296,16590047.5989,DXX_J,DXDTRLE,"Weighted with WTMEC2YR. DXA metrics require DXAEXSTS=1 and region invalidity flags where applicable. US population reference; use for scale, not as an athlete-specific ideal."
nhanes-2017-2018-male-30-39-trunk_lean_mass_kg-p75,NHANES 2017-2018,https://wwwn.cdc.gov/Nchs/Data/Nhanes/Public/2017/DataFiles/DXX_J.htm,2017-2018,male,30,39,trunk_lean_mass_kg,75,34.6905,kg,296,16590047.5989,DXX_J,DXDTRLE,"Weighted with WTMEC2YR. DXA metrics require DXAEXSTS=1 and region invalidity flags where applicable. US population reference; use for scale, not as an athlete-specific ideal."
nhanes-2017-2018-male-30-39-trunk_lean_mass_kg-p90,NHANES 2017-2018,https://wwwn.cdc.gov/Nchs/Data/Nhanes/Public/2017/DataFiles/DXX_J.htm,2017-2018,male,30,39,trunk_lean_mass_kg,90,38.273,kg,296,16590047.5989,DXX_J,DXDTRLE,"Weighted with WTMEC2YR. DXA metrics require DXAEXSTS=1 and region invalidity flags where applicable. US population reference; use for scale, not as an athlete-specific ideal."
nhanes-2017-2018-male-30-39-trunk_lean_mass_kg-p95,NHANES 2017-2018,https://wwwn.cdc.gov/Nchs/Data/Nhanes/Public/2017/DataFiles/DXX_J.htm,2017-2018,male,30,39,trunk_lean_mass_kg,95,42.6311,kg,296,16590047.5989,DXX_J,DXDTRLE,"Weighted with WTMEC2YR. DXA metrics require DXAEXSTS=1 and region invalidity flags where applicable. US population reference; use for scale, not as an athlete-specific ideal."
nhanes-2017-2018-male-40-49-trunk_lean_mass_kg-p5,NHANES 2017-2018,https://wwwn.cdc.gov/Nchs/Data/Nhanes/Public/2017/DataFiles/DXX_J.htm,2017-2018,male,40,49,trunk_lean_mass_kg,5,23.2718,kg,295,14579474.4223,DXX_J,DXDTRLE,"Weighted with WTMEC2YR. DXA metrics require DXAEXSTS=1 and region invalidity flags where applicable. US population reference; use for scale, not as an athlete-specific ideal."
nhanes-2017-2018-male-40-49-trunk_lean_mass_kg-p10,NHANES 2017-2018,https://wwwn.cdc.gov/Nchs/Data/Nhanes/Public/2017/DataFiles/DXX_J.htm,2017-2018,male,40,49,trunk_lean_mass_kg,10,24.5959,kg,295,14579474.4223,DXX_J,DXDTRLE,"Weighted with WTMEC2YR. DXA metrics require DXAEXSTS=1 and region invalidity flags where applicable. US population reference; use for scale, not as an athlete-specific ideal."
nhanes-2017-2018-male-40-49-trunk_lean_mass_kg-p25,NHANES 2017-2018,https://wwwn.cdc.gov/Nchs/Data/Nhanes/Public/2017/DataFiles/DXX_J.htm,2017-2018,male,40,49,trunk_lean_mass_kg,25,27.1509,kg,295,14579474.4223,DXX_J,DXDTRLE,"Weighted with WTMEC2YR. DXA metrics require DXAEXSTS=1 and region invalidity flags where applicable. US population reference; use for scale, not as an athlete-specific ideal."
nhanes-2017-2018-male-40-49-trunk_lean_mass_kg-p50,NHANES 2017-2018,https://wwwn.cdc.gov/Nchs/Data/Nhanes/Public/2017/DataFiles/DXX_J.htm,2017-2018,male,40,49,trunk_lean_mass_kg,50,30.5644,kg,295,14579474.4223,DXX_J,DXDTRLE,"Weighted with WTMEC2YR. DXA metrics require DXAEXSTS=1 and region invalidity flags where applicable. US population reference; use for scale, not as an athlete-specific ideal."
nhanes-2017-2018-male-40-49-trunk_lean_mass_kg-p75,NHANES 2017-2018,https://wwwn.cdc.gov/Nchs/Data/Nhanes/Public/2017/DataFiles/DXX_J.htm,2017-2018,male,40,49,trunk_lean_mass_kg,75,35.712,kg,295,14579474.4223,DXX_J,DXDTRLE,"Weighted with WTMEC2YR. DXA metrics require DXAEXSTS=1 and region invalidity flags where applicable. US population reference; use for scale, not as an athlete-specific ideal."
nhanes-2017-2018-male-40-49-trunk_lean_mass_kg-p90,NHANES 2017-2018,https://wwwn.cdc.gov/Nchs/Data/Nhanes/Public/2017/DataFiles/DXX_J.htm,2017-2018,male,40,49,trunk_lean_mass_kg,90,39.3517,kg,295,14579474.4223,DXX_J,DXDTRLE,"Weighted with WTMEC2YR. DXA metrics require DXAEXSTS=1 and region invalidity flags where applicable. US population reference; use for scale, not as an athlete-specific ideal."
nhanes-2017-2018-male-40-49-trunk_lean_mass_kg-p95,NHANES 2017-2018,https://wwwn.cdc.gov/Nchs/Data/Nhanes/Public/2017/DataFiles/DXX_J.htm,2017-2018,male,40,49,trunk_lean_mass_kg,95,41.9218,kg,295,14579474.4223,DXX_J,DXDTRLE,"Weighted with WTMEC2YR. DXA metrics require DXAEXSTS=1 and region invalidity flags where applicable. US population reference; use for scale, not as an athlete-specific ideal."
nhanes-2017-2018-male-50-59-trunk_lean_mass_kg-p5,NHANES 2017-2018,https://wwwn.cdc.gov/Nchs/Data/Nhanes/Public/2017/DataFiles/DXX_J.htm,2017-2018,male,50,59,trunk_lean_mass_kg,5,23.0251,kg,316,15921918.4095,DXX_J,DXDTRLE,"Weighted with WTMEC2YR. DXA metrics require DXAEXSTS=1 and region invalidity flags where applicable. US population reference; use for scale, not as an athlete-specific ideal."
nhanes-2017-2018-male-50-59-trunk_lean_mass_kg-p10,NHANES 2017-2018,https://wwwn.cdc.gov/Nchs/Data/Nhanes/Public/2017/DataFiles/DXX_J.htm,2017-2018,male,50,59,trunk_lean_mass_kg,10,24.4177,kg,316,15921918.4095,DXX_J,DXDTRLE,"Weighted with WTMEC2YR. DXA metrics require DXAEXSTS=1 and region invalidity flags where applicable. US population reference; use for scale, not as an athlete-specific ideal."
nhanes-2017-2018-male-50-59-trunk_lean_mass_kg-p25,NHANES 2017-2018,https://wwwn.cdc.gov/Nchs/Data/Nhanes/Public/2017/DataFiles/DXX_J.htm,2017-2018,male,50,59,trunk_lean_mass_kg,25,27.1293,kg,316,15921918.4095,DXX_J,DXDTRLE,"Weighted with WTMEC2YR. DXA metrics require DXAEXSTS=1 and region invalidity flags where applicable. US population reference; use for scale, not as an athlete-specific ideal."
nhanes-2017-2018-male-50-59-trunk_lean_mass_kg-p50,NHANES 2017-2018,https://wwwn.cdc.gov/Nchs/Data/Nhanes/Public/2017/DataFiles/DXX_J.htm,2017-2018,male,50,59,trunk_lean_mass_kg,50,30.7274,kg,316,15921918.4095,DXX_J,DXDTRLE,"Weighted with WTMEC2YR. DXA metrics require DXAEXSTS=1 and region invalidity flags where applicable. US population reference; use for scale, not as an athlete-specific ideal."
nhanes-2017-2018-male-50-59-trunk_lean_mass_kg-p75,NHANES 2017-2018,https://wwwn.cdc.gov/Nchs/Data/Nhanes/Public/2017/DataFiles/DXX_J.htm,2017-2018,male,50,59,trunk_lean_mass_kg,75,33.6762,kg,316,15921918.4095,DXX_J,DXDTRLE,"Weighted with WTMEC2YR. DXA metrics require DXAEXSTS=1 and region invalidity flags where applicable. US population reference; use for scale, not as an athlete-specific ideal."
nhanes-2017-2018-male-50-59-trunk_lean_mass_kg-p90,NHANES 2017-2018,https://wwwn.cdc.gov/Nchs/Data/Nhanes/Public/2017/DataFiles/DXX_J.htm,2017-2018,male,50,59,trunk_lean_mass_kg,90,38.0733,kg,316,15921918.4095,DXX_J,DXDTRLE,"Weighted with WTMEC2YR. DXA metrics require DXAEXSTS=1 and region invalidity flags where applicable. US population reference; use for scale, not as an athlete-specific ideal."
nhanes-2017-2018-male-50-59-trunk_lean_mass_kg-p95,NHANES 2017-2018,https://wwwn.cdc.gov/Nchs/Data/Nhanes/Public/2017/DataFiles/DXX_J.htm,2017-2018,male,50,59,trunk_lean_mass_kg,95,39.3017,kg,316,15921918.4095,DXX_J,DXDTRLE,"Weighted with WTMEC2YR. DXA metrics require DXAEXSTS=1 and region invalidity flags where applicable. US population reference; use for scale, not as an athlete-specific ideal."
nhanes-2017-2018-male-18-59-trunk_lean_mass_kg-p5,NHANES 2017-2018,https://wwwn.cdc.gov/Nchs/Data/Nhanes/Public/2017/DataFiles/DXX_J.htm,2017-2018,male,18,59,trunk_lean_mass_kg,5,22.4368,kg,1333,69200479.5933,DXX_J,DXDTRLE,"Weighted with WTMEC2YR. DXA metrics require DXAEXSTS=1 and region invalidity flags where applicable. US population reference; use for scale, not as an athlete-specific ideal."
nhanes-2017-2018-male-18-59-trunk_lean_mass_kg-p10,NHANES 2017-2018,https://wwwn.cdc.gov/Nchs/Data/Nhanes/Public/2017/DataFiles/DXX_J.htm,2017-2018,male,18,59,trunk_lean_mass_kg,10,23.5928,kg,1333,69200479.5933,DXX_J,DXDTRLE,"Weighted with WTMEC2YR. DXA metrics require DXAEXSTS=1 and region invalidity flags where applicable. US population reference; use for scale, not as an athlete-specific ideal."
nhanes-2017-2018-male-18-59-trunk_lean_mass_kg-p25,NHANES 2017-2018,https://wwwn.cdc.gov/Nchs/Data/Nhanes/Public/2017/DataFiles/DXX_J.htm,2017-2018,male,18,59,trunk_lean_mass_kg,25,26.2579,kg,1333,69200479.5933,DXX_J,DXDTRLE,"Weighted with WTMEC2YR. DXA metrics require DXAEXSTS=1 and region invalidity flags where applicable. US population reference; use for scale, not as an athlete-specific ideal."
nhanes-2017-2018-male-18-59-trunk_lean_mass_kg-p50,NHANES 2017-2018,https://wwwn.cdc.gov/Nchs/Data/Nhanes/Public/2017/DataFiles/DXX_J.htm,2017-2018,male,18,59,trunk_lean_mass_kg,50,29.6584,kg,1333,69200479.5933,DXX_J,DXDTRLE,"Weighted with WTMEC2YR. DXA metrics require DXAEXSTS=1 and region invalidity flags where applicable. US population reference; use for scale, not as an athlete-specific ideal."
nhanes-2017-2018-male-18-59-trunk_lean_mass_kg-p75,NHANES 2017-2018,https://wwwn.cdc.gov/Nchs/Data/Nhanes/Public/2017/DataFiles/DXX_J.htm,2017-2018,male,18,59,trunk_lean_mass_kg,75,33.9465,kg,1333,69200479.5933,DXX_J,DXDTRLE,"Weighted with WTMEC2YR. DXA metrics require DXAEXSTS=1 and region invalidity flags where applicable. US population reference; use for scale, not as an athlete-specific ideal."
nhanes-2017-2018-male-18-59-trunk_lean_mass_kg-p90,NHANES 2017-2018,https://wwwn.cdc.gov/Nchs/Data/Nhanes/Public/2017/DataFiles/DXX_J.htm,2017-2018,male,18,59,trunk_lean_mass_kg,90,37.8251,kg,1333,69200479.5933,DXX_J,DXDTRLE,"Weighted with WTMEC2YR. DXA metrics require DXAEXSTS=1 and region invalidity flags where applicable. US population reference; use for scale, not as an athlete-specific ideal."
nhanes-2017-2018-male-18-59-trunk_lean_mass_kg-p95,NHANES 2017-2018,https://wwwn.cdc.gov/Nchs/Data/Nhanes/Public/2017/DataFiles/DXX_J.htm,2017-2018,male,18,59,trunk_lean_mass_kg,95,40.2551,kg,1333,69200479.5933,DXX_J,DXDTRLE,"Weighted with WTMEC2YR. DXA metrics require DXAEXSTS=1 and region invalidity flags where applicable. US population reference; use for scale, not as an athlete-specific ideal."
nhanes-2017-2018-female-18-29-trunk_lean_mass_kg-p5,NHANES 2017-2018,https://wwwn.cdc.gov/Nchs/Data/Nhanes/Public/2017/DataFiles/DXX_J.htm,2017-2018,female,18,29,trunk_lean_mass_kg,5,16.2676,kg,383,18803979.7827,DXX_J,DXDTRLE,"Weighted with WTMEC2YR. DXA metrics require DXAEXSTS=1 and region invalidity flags where applicable. US population reference; use for scale, not as an athlete-specific ideal."
nhanes-2017-2018-female-18-29-trunk_lean_mass_kg-p10,NHANES 2017-2018,https://wwwn.cdc.gov/Nchs/Data/Nhanes/Public/2017/DataFiles/DXX_J.htm,2017-2018,female,18,29,trunk_lean_mass_kg,10,16.8477,kg,383,18803979.7827,DXX_J,DXDTRLE,"Weighted with WTMEC2YR. DXA metrics require DXAEXSTS=1 and region invalidity flags where applicable. US population reference; use for scale, not as an athlete-specific ideal."
nhanes-2017-2018-female-18-29-trunk_lean_mass_kg-p25,NHANES 2017-2018,https://wwwn.cdc.gov/Nchs/Data/Nhanes/Public/2017/DataFiles/DXX_J.htm,2017-2018,female,18,29,trunk_lean_mass_kg,25,18.6537,kg,383,18803979.7827,DXX_J,DXDTRLE,"Weighted with WTMEC2YR. DXA metrics require DXAEXSTS=1 and region invalidity flags where applicable. US population reference; use for scale, not as an athlete-specific ideal."
nhanes-2017-2018-female-18-29-trunk_lean_mass_kg-p50,NHANES 2017-2018,https://wwwn.cdc.gov/Nchs/Data/Nhanes/Public/2017/DataFiles/DXX_J.htm,2017-2018,female,18,29,trunk_lean_mass_kg,50,21.1733,kg,383,18803979.7827,DXX_J,DXDTRLE,"Weighted with WTMEC2YR. DXA metrics require DXAEXSTS=1 and region invalidity flags where applicable. US population reference; use for scale, not as an athlete-specific ideal."
nhanes-2017-2018-female-18-29-trunk_lean_mass_kg-p75,NHANES 2017-2018,https://wwwn.cdc.gov/Nchs/Data/Nhanes/Public/2017/DataFiles/DXX_J.htm,2017-2018,female,18,29,trunk_lean_mass_kg,75,23.742,kg,383,18803979.7827,DXX_J,DXDTRLE,"Weighted with WTMEC2YR. DXA metrics require DXAEXSTS=1 and region invalidity flags where applicable. US population reference; use for scale, not as an athlete-specific ideal."
nhanes-2017-2018-female-18-29-trunk_lean_mass_kg-p90,NHANES 2017-2018,https://wwwn.cdc.gov/Nchs/Data/Nhanes/Public/2017/DataFiles/DXX_J.htm,2017-2018,female,18,29,trunk_lean_mass_kg,90,27.5687,kg,383,18803979.7827,DXX_J,DXDTRLE,"Weighted with WTMEC2YR. DXA metrics require DXAEXSTS=1 and region invalidity flags where applicable. US population reference; use for scale, not as an athlete-specific ideal."
nhanes-2017-2018-female-18-29-trunk_lean_mass_kg-p95,NHANES 2017-2018,https://wwwn.cdc.gov/Nchs/Data/Nhanes/Public/2017/DataFiles/DXX_J.htm,2017-2018,female,18,29,trunk_lean_mass_kg,95,30.2812,kg,383,18803979.7827,DXX_J,DXDTRLE,"Weighted with WTMEC2YR. DXA metrics require DXAEXSTS=1 and region invalidity flags where applicable. US population reference; use for scale, not as an athlete-specific ideal."
nhanes-2017-2018-female-30-39-trunk_lean_mass_kg-p5,NHANES 2017-2018,https://wwwn.cdc.gov/Nchs/Data/Nhanes/Public/2017/DataFiles/DXX_J.htm,2017-2018,female,30,39,trunk_lean_mass_kg,5,16.6302,kg,297,14262548.3888,DXX_J,DXDTRLE,"Weighted with WTMEC2YR. DXA metrics require DXAEXSTS=1 and region invalidity flags where applicable. US population reference; use for scale, not as an athlete-specific ideal."
nhanes-2017-2018-female-30-39-trunk_lean_mass_kg-p10,NHANES 2017-2018,https://wwwn.cdc.gov/Nchs/Data/Nhanes/Public/2017/DataFiles/DXX_J.htm,2017-2018,female,30,39,trunk_lean_mass_kg,10,17.2186,kg,297,14262548.3888,DXX_J,DXDTRLE,"Weighted with WTMEC2YR. DXA metrics require DXAEXSTS=1 and region invalidity flags where applicable. US population reference; use for scale, not as an athlete-specific ideal."
nhanes-2017-2018-female-30-39-trunk_lean_mass_kg-p25,NHANES 2017-2018,https://wwwn.cdc.gov/Nchs/Data/Nhanes/Public/2017/DataFiles/DXX_J.htm,2017-2018,female,30,39,trunk_lean_mass_kg,25,19.3436,kg,297,14262548.3888,DXX_J,DXDTRLE,"Weighted with WTMEC2YR. DXA metrics require DXAEXSTS=1 and region invalidity flags where applicable. US population reference; use for scale, not as an athlete-specific ideal."
nhanes-2017-2018-female-30-39-trunk_lean_mass_kg-p50,NHANES 2017-2018,https://wwwn.cdc.gov/Nchs/Data/Nhanes/Public/2017/DataFiles/DXX_J.htm,2017-2018,female,30,39,trunk_lean_mass_kg,50,21.5516,kg,297,14262548.3888,DXX_J,DXDTRLE,"Weighted with WTMEC2YR. DXA metrics require DXAEXSTS=1 and region invalidity flags where applicable. US population reference; use for scale, not as an athlete-specific ideal."
nhanes-2017-2018-female-30-39-trunk_lean_mass_kg-p75,NHANES 2017-2018,https://wwwn.cdc.gov/Nchs/Data/Nhanes/Public/2017/DataFiles/DXX_J.htm,2017-2018,female,30,39,trunk_lean_mass_kg,75,25.4386,kg,297,14262548.3888,DXX_J,DXDTRLE,"Weighted with WTMEC2YR. DXA metrics require DXAEXSTS=1 and region invalidity flags where applicable. US population reference; use for scale, not as an athlete-specific ideal."
nhanes-2017-2018-female-30-39-trunk_lean_mass_kg-p90,NHANES 2017-2018,https://wwwn.cdc.gov/Nchs/Data/Nhanes/Public/2017/DataFiles/DXX_J.htm,2017-2018,female,30,39,trunk_lean_mass_kg,90,29.7227,kg,297,14262548.3888,DXX_J,DXDTRLE,"Weighted with WTMEC2YR. DXA metrics require DXAEXSTS=1 and region invalidity flags where applicable. US population reference; use for scale, not as an athlete-specific ideal."
nhanes-2017-2018-female-30-39-trunk_lean_mass_kg-p95,NHANES 2017-2018,https://wwwn.cdc.gov/Nchs/Data/Nhanes/Public/2017/DataFiles/DXX_J.htm,2017-2018,female,30,39,trunk_lean_mass_kg,95,34.0329,kg,297,14262548.3888,DXX_J,DXDTRLE,"Weighted with WTMEC2YR. DXA metrics require DXAEXSTS=1 and region invalidity flags where applicable. US population reference; use for scale, not as an athlete-specific ideal."
nhanes-2017-2018-female-40-49-trunk_lean_mass_kg-p5,NHANES 2017-2018,https://wwwn.cdc.gov/Nchs/Data/Nhanes/Public/2017/DataFiles/DXX_J.htm,2017-2018,female,40,49,trunk_lean_mass_kg,5,16.9724,kg,290,14371988.0679,DXX_J,DXDTRLE,"Weighted with WTMEC2YR. DXA metrics require DXAEXSTS=1 and region invalidity flags where applicable. US population reference; use for scale, not as an athlete-specific ideal."
nhanes-2017-2018-female-40-49-trunk_lean_mass_kg-p10,NHANES 2017-2018,https://wwwn.cdc.gov/Nchs/Data/Nhanes/Public/2017/DataFiles/DXX_J.htm,2017-2018,female,40,49,trunk_lean_mass_kg,10,17.8512,kg,290,14371988.0679,DXX_J,DXDTRLE,"Weighted with WTMEC2YR. DXA metrics require DXAEXSTS=1 and region invalidity flags where applicable. US population reference; use for scale, not as an athlete-specific ideal."
nhanes-2017-2018-female-40-49-trunk_lean_mass_kg-p25,NHANES 2017-2018,https://wwwn.cdc.gov/Nchs/Data/Nhanes/Public/2017/DataFiles/DXX_J.htm,2017-2018,female,40,49,trunk_lean_mass_kg,25,20.0031,kg,290,14371988.0679,DXX_J,DXDTRLE,"Weighted with WTMEC2YR. DXA metrics require DXAEXSTS=1 and region invalidity flags where applicable. US population reference; use for scale, not as an athlete-specific ideal."
nhanes-2017-2018-female-40-49-trunk_lean_mass_kg-p50,NHANES 2017-2018,https://wwwn.cdc.gov/Nchs/Data/Nhanes/Public/2017/DataFiles/DXX_J.htm,2017-2018,female,40,49,trunk_lean_mass_kg,50,22.318,kg,290,14371988.0679,DXX_J,DXDTRLE,"Weighted with WTMEC2YR. DXA metrics require DXAEXSTS=1 and region invalidity flags where applicable. US population reference; use for scale, not as an athlete-specific ideal."
nhanes-2017-2018-female-40-49-trunk_lean_mass_kg-p75,NHANES 2017-2018,https://wwwn.cdc.gov/Nchs/Data/Nhanes/Public/2017/DataFiles/DXX_J.htm,2017-2018,female,40,49,trunk_lean_mass_kg,75,25.6175,kg,290,14371988.0679,DXX_J,DXDTRLE,"Weighted with WTMEC2YR. DXA metrics require DXAEXSTS=1 and region invalidity flags where applicable. US population reference; use for scale, not as an athlete-specific ideal."
nhanes-2017-2018-female-40-49-trunk_lean_mass_kg-p90,NHANES 2017-2018,https://wwwn.cdc.gov/Nchs/Data/Nhanes/Public/2017/DataFiles/DXX_J.htm,2017-2018,female,40,49,trunk_lean_mass_kg,90,30.3029,kg,290,14371988.0679,DXX_J,DXDTRLE,"Weighted with WTMEC2YR. DXA metrics require DXAEXSTS=1 and region invalidity flags where applicable. US population reference; use for scale, not as an athlete-specific ideal."
nhanes-2017-2018-female-40-49-trunk_lean_mass_kg-p95,NHANES 2017-2018,https://wwwn.cdc.gov/Nchs/Data/Nhanes/Public/2017/DataFiles/DXX_J.htm,2017-2018,female,40,49,trunk_lean_mass_kg,95,32.3014,kg,290,14371988.0679,DXX_J,DXDTRLE,"Weighted with WTMEC2YR. DXA metrics require DXAEXSTS=1 and region invalidity flags where applicable. US population reference; use for scale, not as an athlete-specific ideal."
nhanes-2017-2018-female-50-59-trunk_lean_mass_kg-p5,NHANES 2017-2018,https://wwwn.cdc.gov/Nchs/Data/Nhanes/Public/2017/DataFiles/DXX_J.htm,2017-2018,female,50,59,trunk_lean_mass_kg,5,16.0221,kg,311,14240992.9531,DXX_J,DXDTRLE,"Weighted with WTMEC2YR. DXA metrics require DXAEXSTS=1 and region invalidity flags where applicable. US population reference; use for scale, not as an athlete-specific ideal."
nhanes-2017-2018-female-50-59-trunk_lean_mass_kg-p10,NHANES 2017-2018,https://wwwn.cdc.gov/Nchs/Data/Nhanes/Public/2017/DataFiles/DXX_J.htm,2017-2018,female,50,59,trunk_lean_mass_kg,10,17.1743,kg,311,14240992.9531,DXX_J,DXDTRLE,"Weighted with WTMEC2YR. DXA metrics require DXAEXSTS=1 and region invalidity flags where applicable. US population reference; use for scale, not as an athlete-specific ideal."
nhanes-2017-2018-female-50-59-trunk_lean_mass_kg-p25,NHANES 2017-2018,https://wwwn.cdc.gov/Nchs/Data/Nhanes/Public/2017/DataFiles/DXX_J.htm,2017-2018,female,50,59,trunk_lean_mass_kg,25,18.4984,kg,311,14240992.9531,DXX_J,DXDTRLE,"Weighted with WTMEC2YR. DXA metrics require DXAEXSTS=1 and region invalidity flags where applicable. US population reference; use for scale, not as an athlete-specific ideal."
nhanes-2017-2018-female-50-59-trunk_lean_mass_kg-p50,NHANES 2017-2018,https://wwwn.cdc.gov/Nchs/Data/Nhanes/Public/2017/DataFiles/DXX_J.htm,2017-2018,female,50,59,trunk_lean_mass_kg,50,20.4242,kg,311,14240992.9531,DXX_J,DXDTRLE,"Weighted with WTMEC2YR. DXA metrics require DXAEXSTS=1 and region invalidity flags where applicable. US population reference; use for scale, not as an athlete-specific ideal."
nhanes-2017-2018-female-50-59-trunk_lean_mass_kg-p75,NHANES 2017-2018,https://wwwn.cdc.gov/Nchs/Data/Nhanes/Public/2017/DataFiles/DXX_J.htm,2017-2018,female,50,59,trunk_lean_mass_kg,75,24.4001,kg,311,14240992.9531,DXX_J,DXDTRLE,"Weighted with WTMEC2YR. DXA metrics require DXAEXSTS=1 and region invalidity flags where applicable. US population reference; use for scale, not as an athlete-specific ideal."
nhanes-2017-2018-female-50-59-trunk_lean_mass_kg-p90,NHANES 2017-2018,https://wwwn.cdc.gov/Nchs/Data/Nhanes/Public/2017/DataFiles/DXX_J.htm,2017-2018,female,50,59,trunk_lean_mass_kg,90,27.7878,kg,311,14240992.9531,DXX_J,DXDTRLE,"Weighted with WTMEC2YR. DXA metrics require DXAEXSTS=1 and region invalidity flags where applicable. US population reference; use for scale, not as an athlete-specific ideal."
nhanes-2017-2018-female-50-59-trunk_lean_mass_kg-p95,NHANES 2017-2018,https://wwwn.cdc.gov/Nchs/Data/Nhanes/Public/2017/DataFiles/DXX_J.htm,2017-2018,female,50,59,trunk_lean_mass_kg,95,28.7197,kg,311,14240992.9531,DXX_J,DXDTRLE,"Weighted with WTMEC2YR. DXA metrics require DXAEXSTS=1 and region invalidity flags where applicable. US population reference; use for scale, not as an athlete-specific ideal."
nhanes-2017-2018-female-18-59-trunk_lean_mass_kg-p5,NHANES 2017-2018,https://wwwn.cdc.gov/Nchs/Data/Nhanes/Public/2017/DataFiles/DXX_J.htm,2017-2018,female,18,59,trunk_lean_mass_kg,5,16.3552,kg,1281,61679509.1924,DXX_J,DXDTRLE,"Weighted with WTMEC2YR. DXA metrics require DXAEXSTS=1 and region invalidity flags where applicable. US population reference; use for scale, not as an athlete-specific ideal."
nhanes-2017-2018-female-18-59-trunk_lean_mass_kg-p10,NHANES 2017-2018,https://wwwn.cdc.gov/Nchs/Data/Nhanes/Public/2017/DataFiles/DXX_J.htm,2017-2018,female,18,59,trunk_lean_mass_kg,10,17.1966,kg,1281,61679509.1924,DXX_J,DXDTRLE,"Weighted with WTMEC2YR. DXA metrics require DXAEXSTS=1 and region invalidity flags where applicable. US population reference; use for scale, not as an athlete-specific ideal."
nhanes-2017-2018-female-18-59-trunk_lean_mass_kg-p25,NHANES 2017-2018,https://wwwn.cdc.gov/Nchs/Data/Nhanes/Public/2017/DataFiles/DXX_J.htm,2017-2018,female,18,59,trunk_lean_mass_kg,25,18.9777,kg,1281,61679509.1924,DXX_J,DXDTRLE,"Weighted with WTMEC2YR. DXA metrics require DXAEXSTS=1 and region invalidity flags where applicable. US population reference; use for scale, not as an athlete-specific ideal."
nhanes-2017-2018-female-18-59-trunk_lean_mass_kg-p50,NHANES 2017-2018,https://wwwn.cdc.gov/Nchs/Data/Nhanes/Public/2017/DataFiles/DXX_J.htm,2017-2018,female,18,59,trunk_lean_mass_kg,50,21.3401,kg,1281,61679509.1924,DXX_J,DXDTRLE,"Weighted with WTMEC2YR. DXA metrics require DXAEXSTS=1 and region invalidity flags where applicable. US population reference; use for scale, not as an athlete-specific ideal."
nhanes-2017-2018-female-18-59-trunk_lean_mass_kg-p75,NHANES 2017-2018,https://wwwn.cdc.gov/Nchs/Data/Nhanes/Public/2017/DataFiles/DXX_J.htm,2017-2018,female,18,59,trunk_lean_mass_kg,75,24.4408,kg,1281,61679509.1924,DXX_J,DXDTRLE,"Weighted with WTMEC2YR. DXA metrics require DXAEXSTS=1 and region invalidity flags where applicable. US population reference; use for scale, not as an athlete-specific ideal."
nhanes-2017-2018-female-18-59-trunk_lean_mass_kg-p90,NHANES 2017-2018,https://wwwn.cdc.gov/Nchs/Data/Nhanes/Public/2017/DataFiles/DXX_J.htm,2017-2018,female,18,59,trunk_lean_mass_kg,90,28.7197,kg,1281,61679509.1924,DXX_J,DXDTRLE,"Weighted with WTMEC2YR. DXA metrics require DXAEXSTS=1 and region invalidity flags where applicable. US population reference; use for scale, not as an athlete-specific ideal."
nhanes-2017-2018-female-18-59-trunk_lean_mass_kg-p95,NHANES 2017-2018,https://wwwn.cdc.gov/Nchs/Data/Nhanes/Public/2017/DataFiles/DXX_J.htm,2017-2018,female,18,59,trunk_lean_mass_kg,95,30.9656,kg,1281,61679509.1924,DXX_J,DXDTRLE,"Weighted with WTMEC2YR. DXA metrics require DXAEXSTS=1 and region invalidity flags where applicable. US population reference; use for scale, not as an athlete-specific ideal."
nhanes-2017-2018-male-18-29-appendicular_lean_mass_kg-p5,NHANES 2017-2018,https://wwwn.cdc.gov/Nchs/Data/Nhanes/Public/2017/DataFiles/DXX_J.htm,2017-2018,male,18,29,appendicular_lean_mass_kg,5,19.6244,kg,374,19276631.814,DXX_J,DXDLALE+DXDRALE+DXDLLLE+DXDRLLE,"Weighted with WTMEC2YR. DXA metrics require DXAEXSTS=1 and region invalidity flags where applicable. US population reference; use for scale, not as an athlete-specific ideal."
nhanes-2017-2018-male-18-29-appendicular_lean_mass_kg-p10,NHANES 2017-2018,https://wwwn.cdc.gov/Nchs/Data/Nhanes/Public/2017/DataFiles/DXX_J.htm,2017-2018,male,18,29,appendicular_lean_mass_kg,10,20.5882,kg,374,19276631.814,DXX_J,DXDLALE+DXDRALE+DXDLLLE+DXDRLLE,"Weighted with WTMEC2YR. DXA metrics require DXAEXSTS=1 and region invalidity flags where applicable. US population reference; use for scale, not as an athlete-specific ideal."
nhanes-2017-2018-male-18-29-appendicular_lean_mass_kg-p25,NHANES 2017-2018,https://wwwn.cdc.gov/Nchs/Data/Nhanes/Public/2017/DataFiles/DXX_J.htm,2017-2018,male,18,29,appendicular_lean_mass_kg,25,22.6124,kg,374,19276631.814,DXX_J,DXDLALE+DXDRALE+DXDLLLE+DXDRLLE,"Weighted with WTMEC2YR. DXA metrics require DXAEXSTS=1 and region invalidity flags where applicable. US population reference; use for scale, not as an athlete-specific ideal."
nhanes-2017-2018-male-18-29-appendicular_lean_mass_kg-p50,NHANES 2017-2018,https://wwwn.cdc.gov/Nchs/Data/Nhanes/Public/2017/DataFiles/DXX_J.htm,2017-2018,male,18,29,appendicular_lean_mass_kg,50,25.7448,kg,374,19276631.814,DXX_J,DXDLALE+DXDRALE+DXDLLLE+DXDRLLE,"Weighted with WTMEC2YR. DXA metrics require DXAEXSTS=1 and region invalidity flags where applicable. US population reference; use for scale, not as an athlete-specific ideal."
nhanes-2017-2018-male-18-29-appendicular_lean_mass_kg-p75,NHANES 2017-2018,https://wwwn.cdc.gov/Nchs/Data/Nhanes/Public/2017/DataFiles/DXX_J.htm,2017-2018,male,18,29,appendicular_lean_mass_kg,75,29.3944,kg,374,19276631.814,DXX_J,DXDLALE+DXDRALE+DXDLLLE+DXDRLLE,"Weighted with WTMEC2YR. DXA metrics require DXAEXSTS=1 and region invalidity flags where applicable. US population reference; use for scale, not as an athlete-specific ideal."
nhanes-2017-2018-male-18-29-appendicular_lean_mass_kg-p90,NHANES 2017-2018,https://wwwn.cdc.gov/Nchs/Data/Nhanes/Public/2017/DataFiles/DXX_J.htm,2017-2018,male,18,29,appendicular_lean_mass_kg,90,33.2958,kg,374,19276631.814,DXX_J,DXDLALE+DXDRALE+DXDLLLE+DXDRLLE,"Weighted with WTMEC2YR. DXA metrics require DXAEXSTS=1 and region invalidity flags where applicable. US population reference; use for scale, not as an athlete-specific ideal."
nhanes-2017-2018-male-18-29-appendicular_lean_mass_kg-p95,NHANES 2017-2018,https://wwwn.cdc.gov/Nchs/Data/Nhanes/Public/2017/DataFiles/DXX_J.htm,2017-2018,male,18,29,appendicular_lean_mass_kg,95,35.3603,kg,374,19276631.814,DXX_J,DXDLALE+DXDRALE+DXDLLLE+DXDRLLE,"Weighted with WTMEC2YR. DXA metrics require DXAEXSTS=1 and region invalidity flags where applicable. US population reference; use for scale, not as an athlete-specific ideal."
nhanes-2017-2018-male-30-39-appendicular_lean_mass_kg-p5,NHANES 2017-2018,https://wwwn.cdc.gov/Nchs/Data/Nhanes/Public/2017/DataFiles/DXX_J.htm,2017-2018,male,30,39,appendicular_lean_mass_kg,5,21.1779,kg,250,13821400.6715,DXX_J,DXDLALE+DXDRALE+DXDLLLE+DXDRLLE,"Weighted with WTMEC2YR. DXA metrics require DXAEXSTS=1 and region invalidity flags where applicable. US population reference; use for scale, not as an athlete-specific ideal."
nhanes-2017-2018-male-30-39-appendicular_lean_mass_kg-p10,NHANES 2017-2018,https://wwwn.cdc.gov/Nchs/Data/Nhanes/Public/2017/DataFiles/DXX_J.htm,2017-2018,male,30,39,appendicular_lean_mass_kg,10,22.5699,kg,250,13821400.6715,DXX_J,DXDLALE+DXDRALE+DXDLLLE+DXDRLLE,"Weighted with WTMEC2YR. DXA metrics require DXAEXSTS=1 and region invalidity flags where applicable. US population reference; use for scale, not as an athlete-specific ideal."
nhanes-2017-2018-male-30-39-appendicular_lean_mass_kg-p25,NHANES 2017-2018,https://wwwn.cdc.gov/Nchs/Data/Nhanes/Public/2017/DataFiles/DXX_J.htm,2017-2018,male,30,39,appendicular_lean_mass_kg,25,24.6961,kg,250,13821400.6715,DXX_J,DXDLALE+DXDRALE+DXDLLLE+DXDRLLE,"Weighted with WTMEC2YR. DXA metrics require DXAEXSTS=1 and region invalidity flags where applicable. US population reference; use for scale, not as an athlete-specific ideal."
nhanes-2017-2018-male-30-39-appendicular_lean_mass_kg-p50,NHANES 2017-2018,https://wwwn.cdc.gov/Nchs/Data/Nhanes/Public/2017/DataFiles/DXX_J.htm,2017-2018,male,30,39,appendicular_lean_mass_kg,50,28.0217,kg,250,13821400.6715,DXX_J,DXDLALE+DXDRALE+DXDLLLE+DXDRLLE,"Weighted with WTMEC2YR. DXA metrics require DXAEXSTS=1 and region invalidity flags where applicable. US population reference; use for scale, not as an athlete-specific ideal."
nhanes-2017-2018-male-30-39-appendicular_lean_mass_kg-p75,NHANES 2017-2018,https://wwwn.cdc.gov/Nchs/Data/Nhanes/Public/2017/DataFiles/DXX_J.htm,2017-2018,male,30,39,appendicular_lean_mass_kg,75,30.5746,kg,250,13821400.6715,DXX_J,DXDLALE+DXDRALE+DXDLLLE+DXDRLLE,"Weighted with WTMEC2YR. DXA metrics require DXAEXSTS=1 and region invalidity flags where applicable. US population reference; use for scale, not as an athlete-specific ideal."
nhanes-2017-2018-male-30-39-appendicular_lean_mass_kg-p90,NHANES 2017-2018,https://wwwn.cdc.gov/Nchs/Data/Nhanes/Public/2017/DataFiles/DXX_J.htm,2017-2018,male,30,39,appendicular_lean_mass_kg,90,33.7529,kg,250,13821400.6715,DXX_J,DXDLALE+DXDRALE+DXDLLLE+DXDRLLE,"Weighted with WTMEC2YR. DXA metrics require DXAEXSTS=1 and region invalidity flags where applicable. US population reference; use for scale, not as an athlete-specific ideal."
nhanes-2017-2018-male-30-39-appendicular_lean_mass_kg-p95,NHANES 2017-2018,https://wwwn.cdc.gov/Nchs/Data/Nhanes/Public/2017/DataFiles/DXX_J.htm,2017-2018,male,30,39,appendicular_lean_mass_kg,95,35.5778,kg,250,13821400.6715,DXX_J,DXDLALE+DXDRALE+DXDLLLE+DXDRLLE,"Weighted with WTMEC2YR. DXA metrics require DXAEXSTS=1 and region invalidity flags where applicable. US population reference; use for scale, not as an athlete-specific ideal."
nhanes-2017-2018-male-40-49-appendicular_lean_mass_kg-p5,NHANES 2017-2018,https://wwwn.cdc.gov/Nchs/Data/Nhanes/Public/2017/DataFiles/DXX_J.htm,2017-2018,male,40,49,appendicular_lean_mass_kg,5,20.7401,kg,261,12973939.3523,DXX_J,DXDLALE+DXDRALE+DXDLLLE+DXDRLLE,"Weighted with WTMEC2YR. DXA metrics require DXAEXSTS=1 and region invalidity flags where applicable. US population reference; use for scale, not as an athlete-specific ideal."
nhanes-2017-2018-male-40-49-appendicular_lean_mass_kg-p10,NHANES 2017-2018,https://wwwn.cdc.gov/Nchs/Data/Nhanes/Public/2017/DataFiles/DXX_J.htm,2017-2018,male,40,49,appendicular_lean_mass_kg,10,21.8148,kg,261,12973939.3523,DXX_J,DXDLALE+DXDRALE+DXDLLLE+DXDRLLE,"Weighted with WTMEC2YR. DXA metrics require DXAEXSTS=1 and region invalidity flags where applicable. US population reference; use for scale, not as an athlete-specific ideal."
nhanes-2017-2018-male-40-49-appendicular_lean_mass_kg-p25,NHANES 2017-2018,https://wwwn.cdc.gov/Nchs/Data/Nhanes/Public/2017/DataFiles/DXX_J.htm,2017-2018,male,40,49,appendicular_lean_mass_kg,25,25.0625,kg,261,12973939.3523,DXX_J,DXDLALE+DXDRALE+DXDLLLE+DXDRLLE,"Weighted with WTMEC2YR. DXA metrics require DXAEXSTS=1 and region invalidity flags where applicable. US population reference; use for scale, not as an athlete-specific ideal."
nhanes-2017-2018-male-40-49-appendicular_lean_mass_kg-p50,NHANES 2017-2018,https://wwwn.cdc.gov/Nchs/Data/Nhanes/Public/2017/DataFiles/DXX_J.htm,2017-2018,male,40,49,appendicular_lean_mass_kg,50,27.0448,kg,261,12973939.3523,DXX_J,DXDLALE+DXDRALE+DXDLLLE+DXDRLLE,"Weighted with WTMEC2YR. DXA metrics require DXAEXSTS=1 and region invalidity flags where applicable. US population reference; use for scale, not as an athlete-specific ideal."
nhanes-2017-2018-male-40-49-appendicular_lean_mass_kg-p75,NHANES 2017-2018,https://wwwn.cdc.gov/Nchs/Data/Nhanes/Public/2017/DataFiles/DXX_J.htm,2017-2018,male,40,49,appendicular_lean_mass_kg,75,31.0506,kg,261,12973939.3523,DXX_J,DXDLALE+DXDRALE+DXDLLLE+DXDRLLE,"Weighted with WTMEC2YR. DXA metrics require DXAEXSTS=1 and region invalidity flags where applicable. US population reference; use for scale, not as an athlete-specific ideal."
nhanes-2017-2018-male-40-49-appendicular_lean_mass_kg-p90,NHANES 2017-2018,https://wwwn.cdc.gov/Nchs/Data/Nhanes/Public/2017/DataFiles/DXX_J.htm,2017-2018,male,40,49,appendicular_lean_mass_kg,90,35.4124,kg,261,12973939.3523,DXX_J,DXDLALE+DXDRALE+DXDLLLE+DXDRLLE,"Weighted with WTMEC2YR. DXA metrics require DXAEXSTS=1 and region invalidity flags where applicable. US population reference; use for scale, not as an athlete-specific ideal."
nhanes-2017-2018-male-40-49-appendicular_lean_mass_kg-p95,NHANES 2017-2018,https://wwwn.cdc.gov/Nchs/Data/Nhanes/Public/2017/DataFiles/DXX_J.htm,2017-2018,male,40,49,appendicular_lean_mass_kg,95,37.7677,kg,261,12973939.3523,DXX_J,DXDLALE+DXDRALE+DXDLLLE+DXDRLLE,"Weighted with WTMEC2YR. DXA metrics require DXAEXSTS=1 and region invalidity flags where applicable. US population reference; use for scale, not as an athlete-specific ideal."
nhanes-2017-2018-male-50-59-appendicular_lean_mass_kg-p5,NHANES 2017-2018,https://wwwn.cdc.gov/Nchs/Data/Nhanes/Public/2017/DataFiles/DXX_J.htm,2017-2018,male,50,59,appendicular_lean_mass_kg,5,20.0448,kg,277,13807776.0547,DXX_J,DXDLALE+DXDRALE+DXDLLLE+DXDRLLE,"Weighted with WTMEC2YR. DXA metrics require DXAEXSTS=1 and region invalidity flags where applicable. US population reference; use for scale, not as an athlete-specific ideal."
nhanes-2017-2018-male-50-59-appendicular_lean_mass_kg-p10,NHANES 2017-2018,https://wwwn.cdc.gov/Nchs/Data/Nhanes/Public/2017/DataFiles/DXX_J.htm,2017-2018,male,50,59,appendicular_lean_mass_kg,10,20.9896,kg,277,13807776.0547,DXX_J,DXDLALE+DXDRALE+DXDLLLE+DXDRLLE,"Weighted with WTMEC2YR. DXA metrics require DXAEXSTS=1 and region invalidity flags where applicable. US population reference; use for scale, not as an athlete-specific ideal."
nhanes-2017-2018-male-50-59-appendicular_lean_mass_kg-p25,NHANES 2017-2018,https://wwwn.cdc.gov/Nchs/Data/Nhanes/Public/2017/DataFiles/DXX_J.htm,2017-2018,male,50,59,appendicular_lean_mass_kg,25,23.5266,kg,277,13807776.0547,DXX_J,DXDLALE+DXDRALE+DXDLLLE+DXDRLLE,"Weighted with WTMEC2YR. DXA metrics require DXAEXSTS=1 and region invalidity flags where applicable. US population reference; use for scale, not as an athlete-specific ideal."
nhanes-2017-2018-male-50-59-appendicular_lean_mass_kg-p50,NHANES 2017-2018,https://wwwn.cdc.gov/Nchs/Data/Nhanes/Public/2017/DataFiles/DXX_J.htm,2017-2018,male,50,59,appendicular_lean_mass_kg,50,26.7246,kg,277,13807776.0547,DXX_J,DXDLALE+DXDRALE+DXDLLLE+DXDRLLE,"Weighted with WTMEC2YR. DXA metrics require DXAEXSTS=1 and region invalidity flags where applicable. US population reference; use for scale, not as an athlete-specific ideal."
nhanes-2017-2018-male-50-59-appendicular_lean_mass_kg-p75,NHANES 2017-2018,https://wwwn.cdc.gov/Nchs/Data/Nhanes/Public/2017/DataFiles/DXX_J.htm,2017-2018,male,50,59,appendicular_lean_mass_kg,75,30.2596,kg,277,13807776.0547,DXX_J,DXDLALE+DXDRALE+DXDLLLE+DXDRLLE,"Weighted with WTMEC2YR. DXA metrics require DXAEXSTS=1 and region invalidity flags where applicable. US population reference; use for scale, not as an athlete-specific ideal."
nhanes-2017-2018-male-50-59-appendicular_lean_mass_kg-p90,NHANES 2017-2018,https://wwwn.cdc.gov/Nchs/Data/Nhanes/Public/2017/DataFiles/DXX_J.htm,2017-2018,male,50,59,appendicular_lean_mass_kg,90,32.6088,kg,277,13807776.0547,DXX_J,DXDLALE+DXDRALE+DXDLLLE+DXDRLLE,"Weighted with WTMEC2YR. DXA metrics require DXAEXSTS=1 and region invalidity flags where applicable. US population reference; use for scale, not as an athlete-specific ideal."
nhanes-2017-2018-male-50-59-appendicular_lean_mass_kg-p95,NHANES 2017-2018,https://wwwn.cdc.gov/Nchs/Data/Nhanes/Public/2017/DataFiles/DXX_J.htm,2017-2018,male,50,59,appendicular_lean_mass_kg,95,33.1967,kg,277,13807776.0547,DXX_J,DXDLALE+DXDRALE+DXDLLLE+DXDRLLE,"Weighted with WTMEC2YR. DXA metrics require DXAEXSTS=1 and region invalidity flags where applicable. US population reference; use for scale, not as an athlete-specific ideal."
nhanes-2017-2018-male-18-59-appendicular_lean_mass_kg-p5,NHANES 2017-2018,https://wwwn.cdc.gov/Nchs/Data/Nhanes/Public/2017/DataFiles/DXX_J.htm,2017-2018,male,18,59,appendicular_lean_mass_kg,5,20.0447,kg,1162,59879747.8925,DXX_J,DXDLALE+DXDRALE+DXDLLLE+DXDRLLE,"Weighted with WTMEC2YR. DXA metrics require DXAEXSTS=1 and region invalidity flags where applicable. US population reference; use for scale, not as an athlete-specific ideal."
nhanes-2017-2018-male-18-59-appendicular_lean_mass_kg-p10,NHANES 2017-2018,https://wwwn.cdc.gov/Nchs/Data/Nhanes/Public/2017/DataFiles/DXX_J.htm,2017-2018,male,18,59,appendicular_lean_mass_kg,10,21.188,kg,1162,59879747.8925,DXX_J,DXDLALE+DXDRALE+DXDLLLE+DXDRLLE,"Weighted with WTMEC2YR. DXA metrics require DXAEXSTS=1 and region invalidity flags where applicable. US population reference; use for scale, not as an athlete-specific ideal."
nhanes-2017-2018-male-18-59-appendicular_lean_mass_kg-p25,NHANES 2017-2018,https://wwwn.cdc.gov/Nchs/Data/Nhanes/Public/2017/DataFiles/DXX_J.htm,2017-2018,male,18,59,appendicular_lean_mass_kg,25,23.6604,kg,1162,59879747.8925,DXX_J,DXDLALE+DXDRALE+DXDLLLE+DXDRLLE,"Weighted with WTMEC2YR. DXA metrics require DXAEXSTS=1 and region invalidity flags where applicable. US population reference; use for scale, not as an athlete-specific ideal."
nhanes-2017-2018-male-18-59-appendicular_lean_mass_kg-p50,NHANES 2017-2018,https://wwwn.cdc.gov/Nchs/Data/Nhanes/Public/2017/DataFiles/DXX_J.htm,2017-2018,male,18,59,appendicular_lean_mass_kg,50,26.7302,kg,1162,59879747.8925,DXX_J,DXDLALE+DXDRALE+DXDLLLE+DXDRLLE,"Weighted with WTMEC2YR. DXA metrics require DXAEXSTS=1 and region invalidity flags where applicable. US population reference; use for scale, not as an athlete-specific ideal."
nhanes-2017-2018-male-18-59-appendicular_lean_mass_kg-p75,NHANES 2017-2018,https://wwwn.cdc.gov/Nchs/Data/Nhanes/Public/2017/DataFiles/DXX_J.htm,2017-2018,male,18,59,appendicular_lean_mass_kg,75,30.1748,kg,1162,59879747.8925,DXX_J,DXDLALE+DXDRALE+DXDLLLE+DXDRLLE,"Weighted with WTMEC2YR. DXA metrics require DXAEXSTS=1 and region invalidity flags where applicable. US population reference; use for scale, not as an athlete-specific ideal."
nhanes-2017-2018-male-18-59-appendicular_lean_mass_kg-p90,NHANES 2017-2018,https://wwwn.cdc.gov/Nchs/Data/Nhanes/Public/2017/DataFiles/DXX_J.htm,2017-2018,male,18,59,appendicular_lean_mass_kg,90,33.5189,kg,1162,59879747.8925,DXX_J,DXDLALE+DXDRALE+DXDLLLE+DXDRLLE,"Weighted with WTMEC2YR. DXA metrics require DXAEXSTS=1 and region invalidity flags where applicable. US population reference; use for scale, not as an athlete-specific ideal."
nhanes-2017-2018-male-18-59-appendicular_lean_mass_kg-p95,NHANES 2017-2018,https://wwwn.cdc.gov/Nchs/Data/Nhanes/Public/2017/DataFiles/DXX_J.htm,2017-2018,male,18,59,appendicular_lean_mass_kg,95,35.5529,kg,1162,59879747.8925,DXX_J,DXDLALE+DXDRALE+DXDLLLE+DXDRLLE,"Weighted with WTMEC2YR. DXA metrics require DXAEXSTS=1 and region invalidity flags where applicable. US population reference; use for scale, not as an athlete-specific ideal."
nhanes-2017-2018-female-18-29-appendicular_lean_mass_kg-p5,NHANES 2017-2018,https://wwwn.cdc.gov/Nchs/Data/Nhanes/Public/2017/DataFiles/DXX_J.htm,2017-2018,female,18,29,appendicular_lean_mass_kg,5,13.0629,kg,388,19313030.885,DXX_J,DXDLALE+DXDRALE+DXDLLLE+DXDRLLE,"Weighted with WTMEC2YR. DXA metrics require DXAEXSTS=1 and region invalidity flags where applicable. US population reference; use for scale, not as an athlete-specific ideal."
nhanes-2017-2018-female-18-29-appendicular_lean_mass_kg-p10,NHANES 2017-2018,https://wwwn.cdc.gov/Nchs/Data/Nhanes/Public/2017/DataFiles/DXX_J.htm,2017-2018,female,18,29,appendicular_lean_mass_kg,10,14.077,kg,388,19313030.885,DXX_J,DXDLALE+DXDRALE+DXDLLLE+DXDRLLE,"Weighted with WTMEC2YR. DXA metrics require DXAEXSTS=1 and region invalidity flags where applicable. US population reference; use for scale, not as an athlete-specific ideal."
nhanes-2017-2018-female-18-29-appendicular_lean_mass_kg-p25,NHANES 2017-2018,https://wwwn.cdc.gov/Nchs/Data/Nhanes/Public/2017/DataFiles/DXX_J.htm,2017-2018,female,18,29,appendicular_lean_mass_kg,25,15.9177,kg,388,19313030.885,DXX_J,DXDLALE+DXDRALE+DXDLLLE+DXDRLLE,"Weighted with WTMEC2YR. DXA metrics require DXAEXSTS=1 and region invalidity flags where applicable. US population reference; use for scale, not as an athlete-specific ideal."
nhanes-2017-2018-female-18-29-appendicular_lean_mass_kg-p50,NHANES 2017-2018,https://wwwn.cdc.gov/Nchs/Data/Nhanes/Public/2017/DataFiles/DXX_J.htm,2017-2018,female,18,29,appendicular_lean_mass_kg,50,18.5787,kg,388,19313030.885,DXX_J,DXDLALE+DXDRALE+DXDLLLE+DXDRLLE,"Weighted with WTMEC2YR. DXA metrics require DXAEXSTS=1 and region invalidity flags where applicable. US population reference; use for scale, not as an athlete-specific ideal."
nhanes-2017-2018-female-18-29-appendicular_lean_mass_kg-p75,NHANES 2017-2018,https://wwwn.cdc.gov/Nchs/Data/Nhanes/Public/2017/DataFiles/DXX_J.htm,2017-2018,female,18,29,appendicular_lean_mass_kg,75,20.7361,kg,388,19313030.885,DXX_J,DXDLALE+DXDRALE+DXDLLLE+DXDRLLE,"Weighted with WTMEC2YR. DXA metrics require DXAEXSTS=1 and region invalidity flags where applicable. US population reference; use for scale, not as an athlete-specific ideal."
nhanes-2017-2018-female-18-29-appendicular_lean_mass_kg-p90,NHANES 2017-2018,https://wwwn.cdc.gov/Nchs/Data/Nhanes/Public/2017/DataFiles/DXX_J.htm,2017-2018,female,18,29,appendicular_lean_mass_kg,90,24.295,kg,388,19313030.885,DXX_J,DXDLALE+DXDRALE+DXDLLLE+DXDRLLE,"Weighted with WTMEC2YR. DXA metrics require DXAEXSTS=1 and region invalidity flags where applicable. US population reference; use for scale, not as an athlete-specific ideal."
nhanes-2017-2018-female-18-29-appendicular_lean_mass_kg-p95,NHANES 2017-2018,https://wwwn.cdc.gov/Nchs/Data/Nhanes/Public/2017/DataFiles/DXX_J.htm,2017-2018,female,18,29,appendicular_lean_mass_kg,95,25.5043,kg,388,19313030.885,DXX_J,DXDLALE+DXDRALE+DXDLLLE+DXDRLLE,"Weighted with WTMEC2YR. DXA metrics require DXAEXSTS=1 and region invalidity flags where applicable. US population reference; use for scale, not as an athlete-specific ideal."
nhanes-2017-2018-female-30-39-appendicular_lean_mass_kg-p5,NHANES 2017-2018,https://wwwn.cdc.gov/Nchs/Data/Nhanes/Public/2017/DataFiles/DXX_J.htm,2017-2018,female,30,39,appendicular_lean_mass_kg,5,13.7917,kg,295,14260010.8405,DXX_J,DXDLALE+DXDRALE+DXDLLLE+DXDRLLE,"Weighted with WTMEC2YR. DXA metrics require DXAEXSTS=1 and region invalidity flags where applicable. US population reference; use for scale, not as an athlete-specific ideal."
nhanes-2017-2018-female-30-39-appendicular_lean_mass_kg-p10,NHANES 2017-2018,https://wwwn.cdc.gov/Nchs/Data/Nhanes/Public/2017/DataFiles/DXX_J.htm,2017-2018,female,30,39,appendicular_lean_mass_kg,10,14.24,kg,295,14260010.8405,DXX_J,DXDLALE+DXDRALE+DXDLLLE+DXDRLLE,"Weighted with WTMEC2YR. DXA metrics require DXAEXSTS=1 and region invalidity flags where applicable. US population reference; use for scale, not as an athlete-specific ideal."
nhanes-2017-2018-female-30-39-appendicular_lean_mass_kg-p25,NHANES 2017-2018,https://wwwn.cdc.gov/Nchs/Data/Nhanes/Public/2017/DataFiles/DXX_J.htm,2017-2018,female,30,39,appendicular_lean_mass_kg,25,16.0202,kg,295,14260010.8405,DXX_J,DXDLALE+DXDRALE+DXDLLLE+DXDRLLE,"Weighted with WTMEC2YR. DXA metrics require DXAEXSTS=1 and region invalidity flags where applicable. US population reference; use for scale, not as an athlete-specific ideal."
nhanes-2017-2018-female-30-39-appendicular_lean_mass_kg-p50,NHANES 2017-2018,https://wwwn.cdc.gov/Nchs/Data/Nhanes/Public/2017/DataFiles/DXX_J.htm,2017-2018,female,30,39,appendicular_lean_mass_kg,50,18.2136,kg,295,14260010.8405,DXX_J,DXDLALE+DXDRALE+DXDLLLE+DXDRLLE,"Weighted with WTMEC2YR. DXA metrics require DXAEXSTS=1 and region invalidity flags where applicable. US population reference; use for scale, not as an athlete-specific ideal."
nhanes-2017-2018-female-30-39-appendicular_lean_mass_kg-p75,NHANES 2017-2018,https://wwwn.cdc.gov/Nchs/Data/Nhanes/Public/2017/DataFiles/DXX_J.htm,2017-2018,female,30,39,appendicular_lean_mass_kg,75,21.544,kg,295,14260010.8405,DXX_J,DXDLALE+DXDRALE+DXDLLLE+DXDRLLE,"Weighted with WTMEC2YR. DXA metrics require DXAEXSTS=1 and region invalidity flags where applicable. US population reference; use for scale, not as an athlete-specific ideal."
nhanes-2017-2018-female-30-39-appendicular_lean_mass_kg-p90,NHANES 2017-2018,https://wwwn.cdc.gov/Nchs/Data/Nhanes/Public/2017/DataFiles/DXX_J.htm,2017-2018,female,30,39,appendicular_lean_mass_kg,90,24.9178,kg,295,14260010.8405,DXX_J,DXDLALE+DXDRALE+DXDLLLE+DXDRLLE,"Weighted with WTMEC2YR. DXA metrics require DXAEXSTS=1 and region invalidity flags where applicable. US population reference; use for scale, not as an athlete-specific ideal."
nhanes-2017-2018-female-30-39-appendicular_lean_mass_kg-p95,NHANES 2017-2018,https://wwwn.cdc.gov/Nchs/Data/Nhanes/Public/2017/DataFiles/DXX_J.htm,2017-2018,female,30,39,appendicular_lean_mass_kg,95,27.127,kg,295,14260010.8405,DXX_J,DXDLALE+DXDRALE+DXDLLLE+DXDRLLE,"Weighted with WTMEC2YR. DXA metrics require DXAEXSTS=1 and region invalidity flags where applicable. US population reference; use for scale, not as an athlete-specific ideal."
nhanes-2017-2018-female-40-49-appendicular_lean_mass_kg-p5,NHANES 2017-2018,https://wwwn.cdc.gov/Nchs/Data/Nhanes/Public/2017/DataFiles/DXX_J.htm,2017-2018,female,40,49,appendicular_lean_mass_kg,5,13.2679,kg,282,13318095.7793,DXX_J,DXDLALE+DXDRALE+DXDLLLE+DXDRLLE,"Weighted with WTMEC2YR. DXA metrics require DXAEXSTS=1 and region invalidity flags where applicable. US population reference; use for scale, not as an athlete-specific ideal."
nhanes-2017-2018-female-40-49-appendicular_lean_mass_kg-p10,NHANES 2017-2018,https://wwwn.cdc.gov/Nchs/Data/Nhanes/Public/2017/DataFiles/DXX_J.htm,2017-2018,female,40,49,appendicular_lean_mass_kg,10,14.2444,kg,282,13318095.7793,DXX_J,DXDLALE+DXDRALE+DXDLLLE+DXDRLLE,"Weighted with WTMEC2YR. DXA metrics require DXAEXSTS=1 and region invalidity flags where applicable. US population reference; use for scale, not as an athlete-specific ideal."
nhanes-2017-2018-female-40-49-appendicular_lean_mass_kg-p25,NHANES 2017-2018,https://wwwn.cdc.gov/Nchs/Data/Nhanes/Public/2017/DataFiles/DXX_J.htm,2017-2018,female,40,49,appendicular_lean_mass_kg,25,15.9478,kg,282,13318095.7793,DXX_J,DXDLALE+DXDRALE+DXDLLLE+DXDRLLE,"Weighted with WTMEC2YR. DXA metrics require DXAEXSTS=1 and region invalidity flags where applicable. US population reference; use for scale, not as an athlete-specific ideal."
nhanes-2017-2018-female-40-49-appendicular_lean_mass_kg-p50,NHANES 2017-2018,https://wwwn.cdc.gov/Nchs/Data/Nhanes/Public/2017/DataFiles/DXX_J.htm,2017-2018,female,40,49,appendicular_lean_mass_kg,50,17.3407,kg,282,13318095.7793,DXX_J,DXDLALE+DXDRALE+DXDLLLE+DXDRLLE,"Weighted with WTMEC2YR. DXA metrics require DXAEXSTS=1 and region invalidity flags where applicable. US population reference; use for scale, not as an athlete-specific ideal."
nhanes-2017-2018-female-40-49-appendicular_lean_mass_kg-p75,NHANES 2017-2018,https://wwwn.cdc.gov/Nchs/Data/Nhanes/Public/2017/DataFiles/DXX_J.htm,2017-2018,female,40,49,appendicular_lean_mass_kg,75,20.5183,kg,282,13318095.7793,DXX_J,DXDLALE+DXDRALE+DXDLLLE+DXDRLLE,"Weighted with WTMEC2YR. DXA metrics require DXAEXSTS=1 and region invalidity flags where applicable. US population reference; use for scale, not as an athlete-specific ideal."
nhanes-2017-2018-female-40-49-appendicular_lean_mass_kg-p90,NHANES 2017-2018,https://wwwn.cdc.gov/Nchs/Data/Nhanes/Public/2017/DataFiles/DXX_J.htm,2017-2018,female,40,49,appendicular_lean_mass_kg,90,23.5041,kg,282,13318095.7793,DXX_J,DXDLALE+DXDRALE+DXDLLLE+DXDRLLE,"Weighted with WTMEC2YR. DXA metrics require DXAEXSTS=1 and region invalidity flags where applicable. US population reference; use for scale, not as an athlete-specific ideal."
nhanes-2017-2018-female-40-49-appendicular_lean_mass_kg-p95,NHANES 2017-2018,https://wwwn.cdc.gov/Nchs/Data/Nhanes/Public/2017/DataFiles/DXX_J.htm,2017-2018,female,40,49,appendicular_lean_mass_kg,95,26.0349,kg,282,13318095.7793,DXX_J,DXDLALE+DXDRALE+DXDLLLE+DXDRLLE,"Weighted with WTMEC2YR. DXA metrics require DXAEXSTS=1 and region invalidity flags where applicable. US population reference; use for scale, not as an athlete-specific ideal."
nhanes-2017-2018-female-50-59-appendicular_lean_mass_kg-p5,NHANES 2017-2018,https://wwwn.cdc.gov/Nchs/Data/Nhanes/Public/2017/DataFiles/DXX_J.htm,2017-2018,female,50,59,appendicular_lean_mass_kg,5,11.9103,kg,325,14742463.5419,DXX_J,DXDLALE+DXDRALE+DXDLLLE+DXDRLLE,"Weighted with WTMEC2YR. DXA metrics require DXAEXSTS=1 and region invalidity flags where applicable. US population reference; use for scale, not as an athlete-specific ideal."
nhanes-2017-2018-female-50-59-appendicular_lean_mass_kg-p10,NHANES 2017-2018,https://wwwn.cdc.gov/Nchs/Data/Nhanes/Public/2017/DataFiles/DXX_J.htm,2017-2018,female,50,59,appendicular_lean_mass_kg,10,13.3058,kg,325,14742463.5419,DXX_J,DXDLALE+DXDRALE+DXDLLLE+DXDRLLE,"Weighted with WTMEC2YR. DXA metrics require DXAEXSTS=1 and region invalidity flags where applicable. US population reference; use for scale, not as an athlete-specific ideal."
nhanes-2017-2018-female-50-59-appendicular_lean_mass_kg-p25,NHANES 2017-2018,https://wwwn.cdc.gov/Nchs/Data/Nhanes/Public/2017/DataFiles/DXX_J.htm,2017-2018,female,50,59,appendicular_lean_mass_kg,25,14.4857,kg,325,14742463.5419,DXX_J,DXDLALE+DXDRALE+DXDLLLE+DXDRLLE,"Weighted with WTMEC2YR. DXA metrics require DXAEXSTS=1 and region invalidity flags where applicable. US population reference; use for scale, not as an athlete-specific ideal."
nhanes-2017-2018-female-50-59-appendicular_lean_mass_kg-p50,NHANES 2017-2018,https://wwwn.cdc.gov/Nchs/Data/Nhanes/Public/2017/DataFiles/DXX_J.htm,2017-2018,female,50,59,appendicular_lean_mass_kg,50,16.6418,kg,325,14742463.5419,DXX_J,DXDLALE+DXDRALE+DXDLLLE+DXDRLLE,"Weighted with WTMEC2YR. DXA metrics require DXAEXSTS=1 and region invalidity flags where applicable. US population reference; use for scale, not as an athlete-specific ideal."
nhanes-2017-2018-female-50-59-appendicular_lean_mass_kg-p75,NHANES 2017-2018,https://wwwn.cdc.gov/Nchs/Data/Nhanes/Public/2017/DataFiles/DXX_J.htm,2017-2018,female,50,59,appendicular_lean_mass_kg,75,19.6748,kg,325,14742463.5419,DXX_J,DXDLALE+DXDRALE+DXDLLLE+DXDRLLE,"Weighted with WTMEC2YR. DXA metrics require DXAEXSTS=1 and region invalidity flags where applicable. US population reference; use for scale, not as an athlete-specific ideal."
nhanes-2017-2018-female-50-59-appendicular_lean_mass_kg-p90,NHANES 2017-2018,https://wwwn.cdc.gov/Nchs/Data/Nhanes/Public/2017/DataFiles/DXX_J.htm,2017-2018,female,50,59,appendicular_lean_mass_kg,90,21.8136,kg,325,14742463.5419,DXX_J,DXDLALE+DXDRALE+DXDLLLE+DXDRLLE,"Weighted with WTMEC2YR. DXA metrics require DXAEXSTS=1 and region invalidity flags where applicable. US population reference; use for scale, not as an athlete-specific ideal."
nhanes-2017-2018-female-50-59-appendicular_lean_mass_kg-p95,NHANES 2017-2018,https://wwwn.cdc.gov/Nchs/Data/Nhanes/Public/2017/DataFiles/DXX_J.htm,2017-2018,female,50,59,appendicular_lean_mass_kg,95,24.4122,kg,325,14742463.5419,DXX_J,DXDLALE+DXDRALE+DXDLLLE+DXDRLLE,"Weighted with WTMEC2YR. DXA metrics require DXAEXSTS=1 and region invalidity flags where applicable. US population reference; use for scale, not as an athlete-specific ideal."
nhanes-2017-2018-female-18-59-appendicular_lean_mass_kg-p5,NHANES 2017-2018,https://wwwn.cdc.gov/Nchs/Data/Nhanes/Public/2017/DataFiles/DXX_J.htm,2017-2018,female,18,59,appendicular_lean_mass_kg,5,13.0629,kg,1290,61633601.0467,DXX_J,DXDLALE+DXDRALE+DXDLLLE+DXDRLLE,"Weighted with WTMEC2YR. DXA metrics require DXAEXSTS=1 and region invalidity flags where applicable. US population reference; use for scale, not as an athlete-specific ideal."
nhanes-2017-2018-female-18-59-appendicular_lean_mass_kg-p10,NHANES 2017-2018,https://wwwn.cdc.gov/Nchs/Data/Nhanes/Public/2017/DataFiles/DXX_J.htm,2017-2018,female,18,59,appendicular_lean_mass_kg,10,13.7959,kg,1290,61633601.0467,DXX_J,DXDLALE+DXDRALE+DXDLLLE+DXDRLLE,"Weighted with WTMEC2YR. DXA metrics require DXAEXSTS=1 and region invalidity flags where applicable. US population reference; use for scale, not as an athlete-specific ideal."
nhanes-2017-2018-female-18-59-appendicular_lean_mass_kg-p25,NHANES 2017-2018,https://wwwn.cdc.gov/Nchs/Data/Nhanes/Public/2017/DataFiles/DXX_J.htm,2017-2018,female,18,59,appendicular_lean_mass_kg,25,15.4886,kg,1290,61633601.0467,DXX_J,DXDLALE+DXDRALE+DXDLLLE+DXDRLLE,"Weighted with WTMEC2YR. DXA metrics require DXAEXSTS=1 and region invalidity flags where applicable. US population reference; use for scale, not as an athlete-specific ideal."
nhanes-2017-2018-female-18-59-appendicular_lean_mass_kg-p50,NHANES 2017-2018,https://wwwn.cdc.gov/Nchs/Data/Nhanes/Public/2017/DataFiles/DXX_J.htm,2017-2018,female,18,59,appendicular_lean_mass_kg,50,17.8277,kg,1290,61633601.0467,DXX_J,DXDLALE+DXDRALE+DXDLLLE+DXDRLLE,"Weighted with WTMEC2YR. DXA metrics require DXAEXSTS=1 and region invalidity flags where applicable. US population reference; use for scale, not as an athlete-specific ideal."
nhanes-2017-2018-female-18-59-appendicular_lean_mass_kg-p75,NHANES 2017-2018,https://wwwn.cdc.gov/Nchs/Data/Nhanes/Public/2017/DataFiles/DXX_J.htm,2017-2018,female,18,59,appendicular_lean_mass_kg,75,20.5183,kg,1290,61633601.0467,DXX_J,DXDLALE+DXDRALE+DXDLLLE+DXDRLLE,"Weighted with WTMEC2YR. DXA metrics require DXAEXSTS=1 and region invalidity flags where applicable. US population reference; use for scale, not as an athlete-specific ideal."
nhanes-2017-2018-female-18-59-appendicular_lean_mass_kg-p90,NHANES 2017-2018,https://wwwn.cdc.gov/Nchs/Data/Nhanes/Public/2017/DataFiles/DXX_J.htm,2017-2018,female,18,59,appendicular_lean_mass_kg,90,23.6277,kg,1290,61633601.0467,DXX_J,DXDLALE+DXDRALE+DXDLLLE+DXDRLLE,"Weighted with WTMEC2YR. DXA metrics require DXAEXSTS=1 and region invalidity flags where applicable. US population reference; use for scale, not as an athlete-specific ideal."
nhanes-2017-2018-female-18-59-appendicular_lean_mass_kg-p95,NHANES 2017-2018,https://wwwn.cdc.gov/Nchs/Data/Nhanes/Public/2017/DataFiles/DXX_J.htm,2017-2018,female,18,59,appendicular_lean_mass_kg,95,25.8367,kg,1290,61633601.0467,DXX_J,DXDLALE+DXDRALE+DXDLLLE+DXDRLLE,"Weighted with WTMEC2YR. DXA metrics require DXAEXSTS=1 and region invalidity flags where applicable. US population reference; use for scale, not as an athlete-specific ideal."
nhanes-2017-2018-male-18-29-appendicular_lean_index-p5,NHANES 2017-2018,https://wwwn.cdc.gov/Nchs/Data/Nhanes/Public/2017/DataFiles/DXX_J.htm,2017-2018,male,18,29,appendicular_lean_index,5,6.3352,kg/m2,372,19172887.784,DXX_J,(DXDLALE+DXDRALE+DXDLLLE+DXDRLLE)/height^2,"Weighted with WTMEC2YR. DXA metrics require DXAEXSTS=1 and region invalidity flags where applicable. US population reference; use for scale, not as an athlete-specific ideal."
nhanes-2017-2018-male-18-29-appendicular_lean_index-p10,NHANES 2017-2018,https://wwwn.cdc.gov/Nchs/Data/Nhanes/Public/2017/DataFiles/DXX_J.htm,2017-2018,male,18,29,appendicular_lean_index,10,6.8104,kg/m2,372,19172887.784,DXX_J,(DXDLALE+DXDRALE+DXDLLLE+DXDRLLE)/height^2,"Weighted with WTMEC2YR. DXA metrics require DXAEXSTS=1 and region invalidity flags where applicable. US population reference; use for scale, not as an athlete-specific ideal."
nhanes-2017-2018-male-18-29-appendicular_lean_index-p25,NHANES 2017-2018,https://wwwn.cdc.gov/Nchs/Data/Nhanes/Public/2017/DataFiles/DXX_J.htm,2017-2018,male,18,29,appendicular_lean_index,25,7.557,kg/m2,372,19172887.784,DXX_J,(DXDLALE+DXDRALE+DXDLLLE+DXDRLLE)/height^2,"Weighted with WTMEC2YR. DXA metrics require DXAEXSTS=1 and region invalidity flags where applicable. US population reference; use for scale, not as an athlete-specific ideal."
nhanes-2017-2018-male-18-29-appendicular_lean_index-p50,NHANES 2017-2018,https://wwwn.cdc.gov/Nchs/Data/Nhanes/Public/2017/DataFiles/DXX_J.htm,2017-2018,male,18,29,appendicular_lean_index,50,8.5864,kg/m2,372,19172887.784,DXX_J,(DXDLALE+DXDRALE+DXDLLLE+DXDRLLE)/height^2,"Weighted with WTMEC2YR. DXA metrics require DXAEXSTS=1 and region invalidity flags where applicable. US population reference; use for scale, not as an athlete-specific ideal."
nhanes-2017-2018-male-18-29-appendicular_lean_index-p75,NHANES 2017-2018,https://wwwn.cdc.gov/Nchs/Data/Nhanes/Public/2017/DataFiles/DXX_J.htm,2017-2018,male,18,29,appendicular_lean_index,75,9.5832,kg/m2,372,19172887.784,DXX_J,(DXDLALE+DXDRALE+DXDLLLE+DXDRLLE)/height^2,"Weighted with WTMEC2YR. DXA metrics require DXAEXSTS=1 and region invalidity flags where applicable. US population reference; use for scale, not as an athlete-specific ideal."
nhanes-2017-2018-male-18-29-appendicular_lean_index-p90,NHANES 2017-2018,https://wwwn.cdc.gov/Nchs/Data/Nhanes/Public/2017/DataFiles/DXX_J.htm,2017-2018,male,18,29,appendicular_lean_index,90,10.5389,kg/m2,372,19172887.784,DXX_J,(DXDLALE+DXDRALE+DXDLLLE+DXDRLLE)/height^2,"Weighted with WTMEC2YR. DXA metrics require DXAEXSTS=1 and region invalidity flags where applicable. US population reference; use for scale, not as an athlete-specific ideal."
nhanes-2017-2018-male-18-29-appendicular_lean_index-p95,NHANES 2017-2018,https://wwwn.cdc.gov/Nchs/Data/Nhanes/Public/2017/DataFiles/DXX_J.htm,2017-2018,male,18,29,appendicular_lean_index,95,11.1866,kg/m2,372,19172887.784,DXX_J,(DXDLALE+DXDRALE+DXDLLLE+DXDRLLE)/height^2,"Weighted with WTMEC2YR. DXA metrics require DXAEXSTS=1 and region invalidity flags where applicable. US population reference; use for scale, not as an athlete-specific ideal."
nhanes-2017-2018-male-30-39-appendicular_lean_index-p5,NHANES 2017-2018,https://wwwn.cdc.gov/Nchs/Data/Nhanes/Public/2017/DataFiles/DXX_J.htm,2017-2018,male,30,39,appendicular_lean_index,5,7.2335,kg/m2,249,13784139.5563,DXX_J,(DXDLALE+DXDRALE+DXDLLLE+DXDRLLE)/height^2,"Weighted with WTMEC2YR. DXA metrics require DXAEXSTS=1 and region invalidity flags where applicable. US population reference; use for scale, not as an athlete-specific ideal."
nhanes-2017-2018-male-30-39-appendicular_lean_index-p10,NHANES 2017-2018,https://wwwn.cdc.gov/Nchs/Data/Nhanes/Public/2017/DataFiles/DXX_J.htm,2017-2018,male,30,39,appendicular_lean_index,10,7.5108,kg/m2,249,13784139.5563,DXX_J,(DXDLALE+DXDRALE+DXDLLLE+DXDRLLE)/height^2,"Weighted with WTMEC2YR. DXA metrics require DXAEXSTS=1 and region invalidity flags where applicable. US population reference; use for scale, not as an athlete-specific ideal."
nhanes-2017-2018-male-30-39-appendicular_lean_index-p25,NHANES 2017-2018,https://wwwn.cdc.gov/Nchs/Data/Nhanes/Public/2017/DataFiles/DXX_J.htm,2017-2018,male,30,39,appendicular_lean_index,25,8.1951,kg/m2,249,13784139.5563,DXX_J,(DXDLALE+DXDRALE+DXDLLLE+DXDRLLE)/height^2,"Weighted with WTMEC2YR. DXA metrics require DXAEXSTS=1 and region invalidity flags where applicable. US population reference; use for scale, not as an athlete-specific ideal."
nhanes-2017-2018-male-30-39-appendicular_lean_index-p50,NHANES 2017-2018,https://wwwn.cdc.gov/Nchs/Data/Nhanes/Public/2017/DataFiles/DXX_J.htm,2017-2018,male,30,39,appendicular_lean_index,50,9.0719,kg/m2,249,13784139.5563,DXX_J,(DXDLALE+DXDRALE+DXDLLLE+DXDRLLE)/height^2,"Weighted with WTMEC2YR. DXA metrics require DXAEXSTS=1 and region invalidity flags where applicable. US population reference; use for scale, not as an athlete-specific ideal."
nhanes-2017-2018-male-30-39-appendicular_lean_index-p75,NHANES 2017-2018,https://wwwn.cdc.gov/Nchs/Data/Nhanes/Public/2017/DataFiles/DXX_J.htm,2017-2018,male,30,39,appendicular_lean_index,75,9.8762,kg/m2,249,13784139.5563,DXX_J,(DXDLALE+DXDRALE+DXDLLLE+DXDRLLE)/height^2,"Weighted with WTMEC2YR. DXA metrics require DXAEXSTS=1 and region invalidity flags where applicable. US population reference; use for scale, not as an athlete-specific ideal."
nhanes-2017-2018-male-30-39-appendicular_lean_index-p90,NHANES 2017-2018,https://wwwn.cdc.gov/Nchs/Data/Nhanes/Public/2017/DataFiles/DXX_J.htm,2017-2018,male,30,39,appendicular_lean_index,90,10.7817,kg/m2,249,13784139.5563,DXX_J,(DXDLALE+DXDRALE+DXDLLLE+DXDRLLE)/height^2,"Weighted with WTMEC2YR. DXA metrics require DXAEXSTS=1 and region invalidity flags where applicable. US population reference; use for scale, not as an athlete-specific ideal."
nhanes-2017-2018-male-30-39-appendicular_lean_index-p95,NHANES 2017-2018,https://wwwn.cdc.gov/Nchs/Data/Nhanes/Public/2017/DataFiles/DXX_J.htm,2017-2018,male,30,39,appendicular_lean_index,95,11.4292,kg/m2,249,13784139.5563,DXX_J,(DXDLALE+DXDRALE+DXDLLLE+DXDRLLE)/height^2,"Weighted with WTMEC2YR. DXA metrics require DXAEXSTS=1 and region invalidity flags where applicable. US population reference; use for scale, not as an athlete-specific ideal."
nhanes-2017-2018-male-40-49-appendicular_lean_index-p5,NHANES 2017-2018,https://wwwn.cdc.gov/Nchs/Data/Nhanes/Public/2017/DataFiles/DXX_J.htm,2017-2018,male,40,49,appendicular_lean_index,5,6.9774,kg/m2,260,12960800.1904,DXX_J,(DXDLALE+DXDRALE+DXDLLLE+DXDRLLE)/height^2,"Weighted with WTMEC2YR. DXA metrics require DXAEXSTS=1 and region invalidity flags where applicable. US population reference; use for scale, not as an athlete-specific ideal."
nhanes-2017-2018-male-40-49-appendicular_lean_index-p10,NHANES 2017-2018,https://wwwn.cdc.gov/Nchs/Data/Nhanes/Public/2017/DataFiles/DXX_J.htm,2017-2018,male,40,49,appendicular_lean_index,10,7.6001,kg/m2,260,12960800.1904,DXX_J,(DXDLALE+DXDRALE+DXDLLLE+DXDRLLE)/height^2,"Weighted with WTMEC2YR. DXA metrics require DXAEXSTS=1 and region invalidity flags where applicable. US population reference; use for scale, not as an athlete-specific ideal."
nhanes-2017-2018-male-40-49-appendicular_lean_index-p25,NHANES 2017-2018,https://wwwn.cdc.gov/Nchs/Data/Nhanes/Public/2017/DataFiles/DXX_J.htm,2017-2018,male,40,49,appendicular_lean_index,25,8.3584,kg/m2,260,12960800.1904,DXX_J,(DXDLALE+DXDRALE+DXDLLLE+DXDRLLE)/height^2,"Weighted with WTMEC2YR. DXA metrics require DXAEXSTS=1 and region invalidity flags where applicable. US population reference; use for scale, not as an athlete-specific ideal."
nhanes-2017-2018-male-40-49-appendicular_lean_index-p50,NHANES 2017-2018,https://wwwn.cdc.gov/Nchs/Data/Nhanes/Public/2017/DataFiles/DXX_J.htm,2017-2018,male,40,49,appendicular_lean_index,50,9.1574,kg/m2,260,12960800.1904,DXX_J,(DXDLALE+DXDRALE+DXDLLLE+DXDRLLE)/height^2,"Weighted with WTMEC2YR. DXA metrics require DXAEXSTS=1 and region invalidity flags where applicable. US population reference; use for scale, not as an athlete-specific ideal."
nhanes-2017-2018-male-40-49-appendicular_lean_index-p75,NHANES 2017-2018,https://wwwn.cdc.gov/Nchs/Data/Nhanes/Public/2017/DataFiles/DXX_J.htm,2017-2018,male,40,49,appendicular_lean_index,75,10.1777,kg/m2,260,12960800.1904,DXX_J,(DXDLALE+DXDRALE+DXDLLLE+DXDRLLE)/height^2,"Weighted with WTMEC2YR. DXA metrics require DXAEXSTS=1 and region invalidity flags where applicable. US population reference; use for scale, not as an athlete-specific ideal."
nhanes-2017-2018-male-40-49-appendicular_lean_index-p90,NHANES 2017-2018,https://wwwn.cdc.gov/Nchs/Data/Nhanes/Public/2017/DataFiles/DXX_J.htm,2017-2018,male,40,49,appendicular_lean_index,90,10.9193,kg/m2,260,12960800.1904,DXX_J,(DXDLALE+DXDRALE+DXDLLLE+DXDRLLE)/height^2,"Weighted with WTMEC2YR. DXA metrics require DXAEXSTS=1 and region invalidity flags where applicable. US population reference; use for scale, not as an athlete-specific ideal."
nhanes-2017-2018-male-40-49-appendicular_lean_index-p95,NHANES 2017-2018,https://wwwn.cdc.gov/Nchs/Data/Nhanes/Public/2017/DataFiles/DXX_J.htm,2017-2018,male,40,49,appendicular_lean_index,95,11.4166,kg/m2,260,12960800.1904,DXX_J,(DXDLALE+DXDRALE+DXDLLLE+DXDRLLE)/height^2,"Weighted with WTMEC2YR. DXA metrics require DXAEXSTS=1 and region invalidity flags where applicable. US population reference; use for scale, not as an athlete-specific ideal."
nhanes-2017-2018-male-50-59-appendicular_lean_index-p5,NHANES 2017-2018,https://wwwn.cdc.gov/Nchs/Data/Nhanes/Public/2017/DataFiles/DXX_J.htm,2017-2018,male,50,59,appendicular_lean_index,5,6.8154,kg/m2,276,13786917.295,DXX_J,(DXDLALE+DXDRALE+DXDLLLE+DXDRLLE)/height^2,"Weighted with WTMEC2YR. DXA metrics require DXAEXSTS=1 and region invalidity flags where applicable. US population reference; use for scale, not as an athlete-specific ideal."
nhanes-2017-2018-male-50-59-appendicular_lean_index-p10,NHANES 2017-2018,https://wwwn.cdc.gov/Nchs/Data/Nhanes/Public/2017/DataFiles/DXX_J.htm,2017-2018,male,50,59,appendicular_lean_index,10,7.128,kg/m2,276,13786917.295,DXX_J,(DXDLALE+DXDRALE+DXDLLLE+DXDRLLE)/height^2,"Weighted with WTMEC2YR. DXA metrics require DXAEXSTS=1 and region invalidity flags where applicable. US population reference; use for scale, not as an athlete-specific ideal."
nhanes-2017-2018-male-50-59-appendicular_lean_index-p25,NHANES 2017-2018,https://wwwn.cdc.gov/Nchs/Data/Nhanes/Public/2017/DataFiles/DXX_J.htm,2017-2018,male,50,59,appendicular_lean_index,25,8.0334,kg/m2,276,13786917.295,DXX_J,(DXDLALE+DXDRALE+DXDLLLE+DXDRLLE)/height^2,"Weighted with WTMEC2YR. DXA metrics require DXAEXSTS=1 and region invalidity flags where applicable. US population reference; use for scale, not as an athlete-specific ideal."
nhanes-2017-2018-male-50-59-appendicular_lean_index-p50,NHANES 2017-2018,https://wwwn.cdc.gov/Nchs/Data/Nhanes/Public/2017/DataFiles/DXX_J.htm,2017-2018,male,50,59,appendicular_lean_index,50,8.9887,kg/m2,276,13786917.295,DXX_J,(DXDLALE+DXDRALE+DXDLLLE+DXDRLLE)/height^2,"Weighted with WTMEC2YR. DXA metrics require DXAEXSTS=1 and region invalidity flags where applicable. US population reference; use for scale, not as an athlete-specific ideal."
nhanes-2017-2018-male-50-59-appendicular_lean_index-p75,NHANES 2017-2018,https://wwwn.cdc.gov/Nchs/Data/Nhanes/Public/2017/DataFiles/DXX_J.htm,2017-2018,male,50,59,appendicular_lean_index,75,9.7796,kg/m2,276,13786917.295,DXX_J,(DXDLALE+DXDRALE+DXDLLLE+DXDRLLE)/height^2,"Weighted with WTMEC2YR. DXA metrics require DXAEXSTS=1 and region invalidity flags where applicable. US population reference; use for scale, not as an athlete-specific ideal."
nhanes-2017-2018-male-50-59-appendicular_lean_index-p90,NHANES 2017-2018,https://wwwn.cdc.gov/Nchs/Data/Nhanes/Public/2017/DataFiles/DXX_J.htm,2017-2018,male,50,59,appendicular_lean_index,90,10.5997,kg/m2,276,13786917.295,DXX_J,(DXDLALE+DXDRALE+DXDLLLE+DXDRLLE)/height^2,"Weighted with WTMEC2YR. DXA metrics require DXAEXSTS=1 and region invalidity flags where applicable. US population reference; use for scale, not as an athlete-specific ideal."
nhanes-2017-2018-male-50-59-appendicular_lean_index-p95,NHANES 2017-2018,https://wwwn.cdc.gov/Nchs/Data/Nhanes/Public/2017/DataFiles/DXX_J.htm,2017-2018,male,50,59,appendicular_lean_index,95,11.2641,kg/m2,276,13786917.295,DXX_J,(DXDLALE+DXDRALE+DXDLLLE+DXDRLLE)/height^2,"Weighted with WTMEC2YR. DXA metrics require DXAEXSTS=1 and region invalidity flags where applicable. US population reference; use for scale, not as an athlete-specific ideal."
nhanes-2017-2018-male-18-59-appendicular_lean_index-p5,NHANES 2017-2018,https://wwwn.cdc.gov/Nchs/Data/Nhanes/Public/2017/DataFiles/DXX_J.htm,2017-2018,male,18,59,appendicular_lean_index,5,6.7979,kg/m2,1157,59704744.8257,DXX_J,(DXDLALE+DXDRALE+DXDLLLE+DXDRLLE)/height^2,"Weighted with WTMEC2YR. DXA metrics require DXAEXSTS=1 and region invalidity flags where applicable. US population reference; use for scale, not as an athlete-specific ideal."
nhanes-2017-2018-male-18-59-appendicular_lean_index-p10,NHANES 2017-2018,https://wwwn.cdc.gov/Nchs/Data/Nhanes/Public/2017/DataFiles/DXX_J.htm,2017-2018,male,18,59,appendicular_lean_index,10,7.1562,kg/m2,1157,59704744.8257,DXX_J,(DXDLALE+DXDRALE+DXDLLLE+DXDRLLE)/height^2,"Weighted with WTMEC2YR. DXA metrics require DXAEXSTS=1 and region invalidity flags where applicable. US population reference; use for scale, not as an athlete-specific ideal."
nhanes-2017-2018-male-18-59-appendicular_lean_index-p25,NHANES 2017-2018,https://wwwn.cdc.gov/Nchs/Data/Nhanes/Public/2017/DataFiles/DXX_J.htm,2017-2018,male,18,59,appendicular_lean_index,25,8.007,kg/m2,1157,59704744.8257,DXX_J,(DXDLALE+DXDRALE+DXDLLLE+DXDRLLE)/height^2,"Weighted with WTMEC2YR. DXA metrics require DXAEXSTS=1 and region invalidity flags where applicable. US population reference; use for scale, not as an athlete-specific ideal."
nhanes-2017-2018-male-18-59-appendicular_lean_index-p50,NHANES 2017-2018,https://wwwn.cdc.gov/Nchs/Data/Nhanes/Public/2017/DataFiles/DXX_J.htm,2017-2018,male,18,59,appendicular_lean_index,50,8.9068,kg/m2,1157,59704744.8257,DXX_J,(DXDLALE+DXDRALE+DXDLLLE+DXDRLLE)/height^2,"Weighted with WTMEC2YR. DXA metrics require DXAEXSTS=1 and region invalidity flags where applicable. US population reference; use for scale, not as an athlete-specific ideal."
nhanes-2017-2018-male-18-59-appendicular_lean_index-p75,NHANES 2017-2018,https://wwwn.cdc.gov/Nchs/Data/Nhanes/Public/2017/DataFiles/DXX_J.htm,2017-2018,male,18,59,appendicular_lean_index,75,9.8304,kg/m2,1157,59704744.8257,DXX_J,(DXDLALE+DXDRALE+DXDLLLE+DXDRLLE)/height^2,"Weighted with WTMEC2YR. DXA metrics require DXAEXSTS=1 and region invalidity flags where applicable. US population reference; use for scale, not as an athlete-specific ideal."
nhanes-2017-2018-male-18-59-appendicular_lean_index-p90,NHANES 2017-2018,https://wwwn.cdc.gov/Nchs/Data/Nhanes/Public/2017/DataFiles/DXX_J.htm,2017-2018,male,18,59,appendicular_lean_index,90,10.7141,kg/m2,1157,59704744.8257,DXX_J,(DXDLALE+DXDRALE+DXDLLLE+DXDRLLE)/height^2,"Weighted with WTMEC2YR. DXA metrics require DXAEXSTS=1 and region invalidity flags where applicable. US population reference; use for scale, not as an athlete-specific ideal."
nhanes-2017-2018-male-18-59-appendicular_lean_index-p95,NHANES 2017-2018,https://wwwn.cdc.gov/Nchs/Data/Nhanes/Public/2017/DataFiles/DXX_J.htm,2017-2018,male,18,59,appendicular_lean_index,95,11.267,kg/m2,1157,59704744.8257,DXX_J,(DXDLALE+DXDRALE+DXDLLLE+DXDRLLE)/height^2,"Weighted with WTMEC2YR. DXA metrics require DXAEXSTS=1 and region invalidity flags where applicable. US population reference; use for scale, not as an athlete-specific ideal."
nhanes-2017-2018-female-18-29-appendicular_lean_index-p5,NHANES 2017-2018,https://wwwn.cdc.gov/Nchs/Data/Nhanes/Public/2017/DataFiles/DXX_J.htm,2017-2018,female,18,29,appendicular_lean_index,5,5.2013,kg/m2,388,19313030.885,DXX_J,(DXDLALE+DXDRALE+DXDLLLE+DXDRLLE)/height^2,"Weighted with WTMEC2YR. DXA metrics require DXAEXSTS=1 and region invalidity flags where applicable. US population reference; use for scale, not as an athlete-specific ideal."
nhanes-2017-2018-female-18-29-appendicular_lean_index-p10,NHANES 2017-2018,https://wwwn.cdc.gov/Nchs/Data/Nhanes/Public/2017/DataFiles/DXX_J.htm,2017-2018,female,18,29,appendicular_lean_index,10,5.5016,kg/m2,388,19313030.885,DXX_J,(DXDLALE+DXDRALE+DXDLLLE+DXDRLLE)/height^2,"Weighted with WTMEC2YR. DXA metrics require DXAEXSTS=1 and region invalidity flags where applicable. US population reference; use for scale, not as an athlete-specific ideal."
nhanes-2017-2018-female-18-29-appendicular_lean_index-p25,NHANES 2017-2018,https://wwwn.cdc.gov/Nchs/Data/Nhanes/Public/2017/DataFiles/DXX_J.htm,2017-2018,female,18,29,appendicular_lean_index,25,6.0421,kg/m2,388,19313030.885,DXX_J,(DXDLALE+DXDRALE+DXDLLLE+DXDRLLE)/height^2,"Weighted with WTMEC2YR. DXA metrics require DXAEXSTS=1 and region invalidity flags where applicable. US population reference; use for scale, not as an athlete-specific ideal."
nhanes-2017-2018-female-18-29-appendicular_lean_index-p50,NHANES 2017-2018,https://wwwn.cdc.gov/Nchs/Data/Nhanes/Public/2017/DataFiles/DXX_J.htm,2017-2018,female,18,29,appendicular_lean_index,50,6.8626,kg/m2,388,19313030.885,DXX_J,(DXDLALE+DXDRALE+DXDLLLE+DXDRLLE)/height^2,"Weighted with WTMEC2YR. DXA metrics require DXAEXSTS=1 and region invalidity flags where applicable. US population reference; use for scale, not as an athlete-specific ideal."
nhanes-2017-2018-female-18-29-appendicular_lean_index-p75,NHANES 2017-2018,https://wwwn.cdc.gov/Nchs/Data/Nhanes/Public/2017/DataFiles/DXX_J.htm,2017-2018,female,18,29,appendicular_lean_index,75,7.9927,kg/m2,388,19313030.885,DXX_J,(DXDLALE+DXDRALE+DXDLLLE+DXDRLLE)/height^2,"Weighted with WTMEC2YR. DXA metrics require DXAEXSTS=1 and region invalidity flags where applicable. US population reference; use for scale, not as an athlete-specific ideal."
nhanes-2017-2018-female-18-29-appendicular_lean_index-p90,NHANES 2017-2018,https://wwwn.cdc.gov/Nchs/Data/Nhanes/Public/2017/DataFiles/DXX_J.htm,2017-2018,female,18,29,appendicular_lean_index,90,8.8679,kg/m2,388,19313030.885,DXX_J,(DXDLALE+DXDRALE+DXDLLLE+DXDRLLE)/height^2,"Weighted with WTMEC2YR. DXA metrics require DXAEXSTS=1 and region invalidity flags where applicable. US population reference; use for scale, not as an athlete-specific ideal."
nhanes-2017-2018-female-18-29-appendicular_lean_index-p95,NHANES 2017-2018,https://wwwn.cdc.gov/Nchs/Data/Nhanes/Public/2017/DataFiles/DXX_J.htm,2017-2018,female,18,29,appendicular_lean_index,95,9.7093,kg/m2,388,19313030.885,DXX_J,(DXDLALE+DXDRALE+DXDLLLE+DXDRLLE)/height^2,"Weighted with WTMEC2YR. DXA metrics require DXAEXSTS=1 and region invalidity flags where applicable. US population reference; use for scale, not as an athlete-specific ideal."
nhanes-2017-2018-female-30-39-appendicular_lean_index-p5,NHANES 2017-2018,https://wwwn.cdc.gov/Nchs/Data/Nhanes/Public/2017/DataFiles/DXX_J.htm,2017-2018,female,30,39,appendicular_lean_index,5,5.3174,kg/m2,295,14260010.8405,DXX_J,(DXDLALE+DXDRALE+DXDLLLE+DXDRLLE)/height^2,"Weighted with WTMEC2YR. DXA metrics require DXAEXSTS=1 and region invalidity flags where applicable. US population reference; use for scale, not as an athlete-specific ideal."
nhanes-2017-2018-female-30-39-appendicular_lean_index-p10,NHANES 2017-2018,https://wwwn.cdc.gov/Nchs/Data/Nhanes/Public/2017/DataFiles/DXX_J.htm,2017-2018,female,30,39,appendicular_lean_index,10,5.5761,kg/m2,295,14260010.8405,DXX_J,(DXDLALE+DXDRALE+DXDLLLE+DXDRLLE)/height^2,"Weighted with WTMEC2YR. DXA metrics require DXAEXSTS=1 and region invalidity flags where applicable. US population reference; use for scale, not as an athlete-specific ideal."
nhanes-2017-2018-female-30-39-appendicular_lean_index-p25,NHANES 2017-2018,https://wwwn.cdc.gov/Nchs/Data/Nhanes/Public/2017/DataFiles/DXX_J.htm,2017-2018,female,30,39,appendicular_lean_index,25,6.08,kg/m2,295,14260010.8405,DXX_J,(DXDLALE+DXDRALE+DXDLLLE+DXDRLLE)/height^2,"Weighted with WTMEC2YR. DXA metrics require DXAEXSTS=1 and region invalidity flags where applicable. US population reference; use for scale, not as an athlete-specific ideal."
nhanes-2017-2018-female-30-39-appendicular_lean_index-p50,NHANES 2017-2018,https://wwwn.cdc.gov/Nchs/Data/Nhanes/Public/2017/DataFiles/DXX_J.htm,2017-2018,female,30,39,appendicular_lean_index,50,6.8365,kg/m2,295,14260010.8405,DXX_J,(DXDLALE+DXDRALE+DXDLLLE+DXDRLLE)/height^2,"Weighted with WTMEC2YR. DXA metrics require DXAEXSTS=1 and region invalidity flags where applicable. US population reference; use for scale, not as an athlete-specific ideal."
nhanes-2017-2018-female-30-39-appendicular_lean_index-p75,NHANES 2017-2018,https://wwwn.cdc.gov/Nchs/Data/Nhanes/Public/2017/DataFiles/DXX_J.htm,2017-2018,female,30,39,appendicular_lean_index,75,7.9901,kg/m2,295,14260010.8405,DXX_J,(DXDLALE+DXDRALE+DXDLLLE+DXDRLLE)/height^2,"Weighted with WTMEC2YR. DXA metrics require DXAEXSTS=1 and region invalidity flags where applicable. US population reference; use for scale, not as an athlete-specific ideal."
nhanes-2017-2018-female-30-39-appendicular_lean_index-p90,NHANES 2017-2018,https://wwwn.cdc.gov/Nchs/Data/Nhanes/Public/2017/DataFiles/DXX_J.htm,2017-2018,female,30,39,appendicular_lean_index,90,8.957,kg/m2,295,14260010.8405,DXX_J,(DXDLALE+DXDRALE+DXDLLLE+DXDRLLE)/height^2,"Weighted with WTMEC2YR. DXA metrics require DXAEXSTS=1 and region invalidity flags where applicable. US population reference; use for scale, not as an athlete-specific ideal."
nhanes-2017-2018-female-30-39-appendicular_lean_index-p95,NHANES 2017-2018,https://wwwn.cdc.gov/Nchs/Data/Nhanes/Public/2017/DataFiles/DXX_J.htm,2017-2018,female,30,39,appendicular_lean_index,95,9.6473,kg/m2,295,14260010.8405,DXX_J,(DXDLALE+DXDRALE+DXDLLLE+DXDRLLE)/height^2,"Weighted with WTMEC2YR. DXA metrics require DXAEXSTS=1 and region invalidity flags where applicable. US population reference; use for scale, not as an athlete-specific ideal."
nhanes-2017-2018-female-40-49-appendicular_lean_index-p5,NHANES 2017-2018,https://wwwn.cdc.gov/Nchs/Data/Nhanes/Public/2017/DataFiles/DXX_J.htm,2017-2018,female,40,49,appendicular_lean_index,5,5.2572,kg/m2,281,13291768.3614,DXX_J,(DXDLALE+DXDRALE+DXDLLLE+DXDRLLE)/height^2,"Weighted with WTMEC2YR. DXA metrics require DXAEXSTS=1 and region invalidity flags where applicable. US population reference; use for scale, not as an athlete-specific ideal."
nhanes-2017-2018-female-40-49-appendicular_lean_index-p10,NHANES 2017-2018,https://wwwn.cdc.gov/Nchs/Data/Nhanes/Public/2017/DataFiles/DXX_J.htm,2017-2018,female,40,49,appendicular_lean_index,10,5.691,kg/m2,281,13291768.3614,DXX_J,(DXDLALE+DXDRALE+DXDLLLE+DXDRLLE)/height^2,"Weighted with WTMEC2YR. DXA metrics require DXAEXSTS=1 and region invalidity flags where applicable. US population reference; use for scale, not as an athlete-specific ideal."
nhanes-2017-2018-female-40-49-appendicular_lean_index-p25,NHANES 2017-2018,https://wwwn.cdc.gov/Nchs/Data/Nhanes/Public/2017/DataFiles/DXX_J.htm,2017-2018,female,40,49,appendicular_lean_index,25,6.1413,kg/m2,281,13291768.3614,DXX_J,(DXDLALE+DXDRALE+DXDLLLE+DXDRLLE)/height^2,"Weighted with WTMEC2YR. DXA metrics require DXAEXSTS=1 and region invalidity flags where applicable. US population reference; use for scale, not as an athlete-specific ideal."
nhanes-2017-2018-female-40-49-appendicular_lean_index-p50,NHANES 2017-2018,https://wwwn.cdc.gov/Nchs/Data/Nhanes/Public/2017/DataFiles/DXX_J.htm,2017-2018,female,40,49,appendicular_lean_index,50,6.7144,kg/m2,281,13291768.3614,DXX_J,(DXDLALE+DXDRALE+DXDLLLE+DXDRLLE)/height^2,"Weighted with WTMEC2YR. DXA metrics require DXAEXSTS=1 and region invalidity flags where applicable. US population reference; use for scale, not as an athlete-specific ideal."
nhanes-2017-2018-female-40-49-appendicular_lean_index-p75,NHANES 2017-2018,https://wwwn.cdc.gov/Nchs/Data/Nhanes/Public/2017/DataFiles/DXX_J.htm,2017-2018,female,40,49,appendicular_lean_index,75,7.5954,kg/m2,281,13291768.3614,DXX_J,(DXDLALE+DXDRALE+DXDLLLE+DXDRLLE)/height^2,"Weighted with WTMEC2YR. DXA metrics require DXAEXSTS=1 and region invalidity flags where applicable. US population reference; use for scale, not as an athlete-specific ideal."
nhanes-2017-2018-female-40-49-appendicular_lean_index-p90,NHANES 2017-2018,https://wwwn.cdc.gov/Nchs/Data/Nhanes/Public/2017/DataFiles/DXX_J.htm,2017-2018,female,40,49,appendicular_lean_index,90,8.9478,kg/m2,281,13291768.3614,DXX_J,(DXDLALE+DXDRALE+DXDLLLE+DXDRLLE)/height^2,"Weighted with WTMEC2YR. DXA metrics require DXAEXSTS=1 and region invalidity flags where applicable. US population reference; use for scale, not as an athlete-specific ideal."
nhanes-2017-2018-female-40-49-appendicular_lean_index-p95,NHANES 2017-2018,https://wwwn.cdc.gov/Nchs/Data/Nhanes/Public/2017/DataFiles/DXX_J.htm,2017-2018,female,40,49,appendicular_lean_index,95,9.9859,kg/m2,281,13291768.3614,DXX_J,(DXDLALE+DXDRALE+DXDLLLE+DXDRLLE)/height^2,"Weighted with WTMEC2YR. DXA metrics require DXAEXSTS=1 and region invalidity flags where applicable. US population reference; use for scale, not as an athlete-specific ideal."
nhanes-2017-2018-female-50-59-appendicular_lean_index-p5,NHANES 2017-2018,https://wwwn.cdc.gov/Nchs/Data/Nhanes/Public/2017/DataFiles/DXX_J.htm,2017-2018,female,50,59,appendicular_lean_index,5,4.6522,kg/m2,322,14664265.7462,DXX_J,(DXDLALE+DXDRALE+DXDLLLE+DXDRLLE)/height^2,"Weighted with WTMEC2YR. DXA metrics require DXAEXSTS=1 and region invalidity flags where applicable. US population reference; use for scale, not as an athlete-specific ideal."
nhanes-2017-2018-female-50-59-appendicular_lean_index-p10,NHANES 2017-2018,https://wwwn.cdc.gov/Nchs/Data/Nhanes/Public/2017/DataFiles/DXX_J.htm,2017-2018,female,50,59,appendicular_lean_index,10,5.2119,kg/m2,322,14664265.7462,DXX_J,(DXDLALE+DXDRALE+DXDLLLE+DXDRLLE)/height^2,"Weighted with WTMEC2YR. DXA metrics require DXAEXSTS=1 and region invalidity flags where applicable. US population reference; use for scale, not as an athlete-specific ideal."
nhanes-2017-2018-female-50-59-appendicular_lean_index-p25,NHANES 2017-2018,https://wwwn.cdc.gov/Nchs/Data/Nhanes/Public/2017/DataFiles/DXX_J.htm,2017-2018,female,50,59,appendicular_lean_index,25,5.6637,kg/m2,322,14664265.7462,DXX_J,(DXDLALE+DXDRALE+DXDLLLE+DXDRLLE)/height^2,"Weighted with WTMEC2YR. DXA metrics require DXAEXSTS=1 and region invalidity flags where applicable. US population reference; use for scale, not as an athlete-specific ideal."
nhanes-2017-2018-female-50-59-appendicular_lean_index-p50,NHANES 2017-2018,https://wwwn.cdc.gov/Nchs/Data/Nhanes/Public/2017/DataFiles/DXX_J.htm,2017-2018,female,50,59,appendicular_lean_index,50,6.4639,kg/m2,322,14664265.7462,DXX_J,(DXDLALE+DXDRALE+DXDLLLE+DXDRLLE)/height^2,"Weighted with WTMEC2YR. DXA metrics require DXAEXSTS=1 and region invalidity flags where applicable. US population reference; use for scale, not as an athlete-specific ideal."
nhanes-2017-2018-female-50-59-appendicular_lean_index-p75,NHANES 2017-2018,https://wwwn.cdc.gov/Nchs/Data/Nhanes/Public/2017/DataFiles/DXX_J.htm,2017-2018,female,50,59,appendicular_lean_index,75,7.4929,kg/m2,322,14664265.7462,DXX_J,(DXDLALE+DXDRALE+DXDLLLE+DXDRLLE)/height^2,"Weighted with WTMEC2YR. DXA metrics require DXAEXSTS=1 and region invalidity flags where applicable. US population reference; use for scale, not as an athlete-specific ideal."
nhanes-2017-2018-female-50-59-appendicular_lean_index-p90,NHANES 2017-2018,https://wwwn.cdc.gov/Nchs/Data/Nhanes/Public/2017/DataFiles/DXX_J.htm,2017-2018,female,50,59,appendicular_lean_index,90,8.4892,kg/m2,322,14664265.7462,DXX_J,(DXDLALE+DXDRALE+DXDLLLE+DXDRLLE)/height^2,"Weighted with WTMEC2YR. DXA metrics require DXAEXSTS=1 and region invalidity flags where applicable. US population reference; use for scale, not as an athlete-specific ideal."
nhanes-2017-2018-female-50-59-appendicular_lean_index-p95,NHANES 2017-2018,https://wwwn.cdc.gov/Nchs/Data/Nhanes/Public/2017/DataFiles/DXX_J.htm,2017-2018,female,50,59,appendicular_lean_index,95,9.3316,kg/m2,322,14664265.7462,DXX_J,(DXDLALE+DXDRALE+DXDLLLE+DXDRLLE)/height^2,"Weighted with WTMEC2YR. DXA metrics require DXAEXSTS=1 and region invalidity flags where applicable. US population reference; use for scale, not as an athlete-specific ideal."
nhanes-2017-2018-female-18-59-appendicular_lean_index-p5,NHANES 2017-2018,https://wwwn.cdc.gov/Nchs/Data/Nhanes/Public/2017/DataFiles/DXX_J.htm,2017-2018,female,18,59,appendicular_lean_index,5,5.1941,kg/m2,1286,61529075.8331,DXX_J,(DXDLALE+DXDRALE+DXDLLLE+DXDRLLE)/height^2,"Weighted with WTMEC2YR. DXA metrics require DXAEXSTS=1 and region invalidity flags where applicable. US population reference; use for scale, not as an athlete-specific ideal."
nhanes-2017-2018-female-18-59-appendicular_lean_index-p10,NHANES 2017-2018,https://wwwn.cdc.gov/Nchs/Data/Nhanes/Public/2017/DataFiles/DXX_J.htm,2017-2018,female,18,59,appendicular_lean_index,10,5.4171,kg/m2,1286,61529075.8331,DXX_J,(DXDLALE+DXDRALE+DXDLLLE+DXDRLLE)/height^2,"Weighted with WTMEC2YR. DXA metrics require DXAEXSTS=1 and region invalidity flags where applicable. US population reference; use for scale, not as an athlete-specific ideal."
nhanes-2017-2018-female-18-59-appendicular_lean_index-p25,NHANES 2017-2018,https://wwwn.cdc.gov/Nchs/Data/Nhanes/Public/2017/DataFiles/DXX_J.htm,2017-2018,female,18,59,appendicular_lean_index,25,6.0041,kg/m2,1286,61529075.8331,DXX_J,(DXDLALE+DXDRALE+DXDLLLE+DXDRLLE)/height^2,"Weighted with WTMEC2YR. DXA metrics require DXAEXSTS=1 and region invalidity flags where applicable. US population reference; use for scale, not as an athlete-specific ideal."
nhanes-2017-2018-female-18-59-appendicular_lean_index-p50,NHANES 2017-2018,https://wwwn.cdc.gov/Nchs/Data/Nhanes/Public/2017/DataFiles/DXX_J.htm,2017-2018,female,18,59,appendicular_lean_index,50,6.7137,kg/m2,1286,61529075.8331,DXX_J,(DXDLALE+DXDRALE+DXDLLLE+DXDRLLE)/height^2,"Weighted with WTMEC2YR. DXA metrics require DXAEXSTS=1 and region invalidity flags where applicable. US population reference; use for scale, not as an athlete-specific ideal."
nhanes-2017-2018-female-18-59-appendicular_lean_index-p75,NHANES 2017-2018,https://wwwn.cdc.gov/Nchs/Data/Nhanes/Public/2017/DataFiles/DXX_J.htm,2017-2018,female,18,59,appendicular_lean_index,75,7.7648,kg/m2,1286,61529075.8331,DXX_J,(DXDLALE+DXDRALE+DXDLLLE+DXDRLLE)/height^2,"Weighted with WTMEC2YR. DXA metrics require DXAEXSTS=1 and region invalidity flags where applicable. US population reference; use for scale, not as an athlete-specific ideal."
nhanes-2017-2018-female-18-59-appendicular_lean_index-p90,NHANES 2017-2018,https://wwwn.cdc.gov/Nchs/Data/Nhanes/Public/2017/DataFiles/DXX_J.htm,2017-2018,female,18,59,appendicular_lean_index,90,8.8094,kg/m2,1286,61529075.8331,DXX_J,(DXDLALE+DXDRALE+DXDLLLE+DXDRLLE)/height^2,"Weighted with WTMEC2YR. DXA metrics require DXAEXSTS=1 and region invalidity flags where applicable. US population reference; use for scale, not as an athlete-specific ideal."
nhanes-2017-2018-female-18-59-appendicular_lean_index-p95,NHANES 2017-2018,https://wwwn.cdc.gov/Nchs/Data/Nhanes/Public/2017/DataFiles/DXX_J.htm,2017-2018,female,18,59,appendicular_lean_index,95,9.6775,kg/m2,1286,61529075.8331,DXX_J,(DXDLALE+DXDRALE+DXDLLLE+DXDRLLE)/height^2,"Weighted with WTMEC2YR. DXA metrics require DXAEXSTS=1 and region invalidity flags where applicable. US population reference; use for scale, not as an athlete-specific ideal."
nhanes-2017-2018-male-18-29-lean_mass_index-p5,NHANES 2017-2018,https://wwwn.cdc.gov/Nchs/Data/Nhanes/Public/2017/DataFiles/DXX_J.htm,2017-2018,male,18,29,lean_mass_index,5,14.6354,kg/m2,380,19484837.0313,DXX_J,DXDTOLE/height^2,"Weighted with WTMEC2YR. DXA metrics require DXAEXSTS=1 and region invalidity flags where applicable. US population reference; use for scale, not as an athlete-specific ideal."
nhanes-2017-2018-male-18-29-lean_mass_index-p10,NHANES 2017-2018,https://wwwn.cdc.gov/Nchs/Data/Nhanes/Public/2017/DataFiles/DXX_J.htm,2017-2018,male,18,29,lean_mass_index,10,15.1588,kg/m2,380,19484837.0313,DXX_J,DXDTOLE/height^2,"Weighted with WTMEC2YR. DXA metrics require DXAEXSTS=1 and region invalidity flags where applicable. US population reference; use for scale, not as an athlete-specific ideal."
nhanes-2017-2018-male-18-29-lean_mass_index-p25,NHANES 2017-2018,https://wwwn.cdc.gov/Nchs/Data/Nhanes/Public/2017/DataFiles/DXX_J.htm,2017-2018,male,18,29,lean_mass_index,25,16.8257,kg/m2,380,19484837.0313,DXX_J,DXDTOLE/height^2,"Weighted with WTMEC2YR. DXA metrics require DXAEXSTS=1 and region invalidity flags where applicable. US population reference; use for scale, not as an athlete-specific ideal."
nhanes-2017-2018-male-18-29-lean_mass_index-p50,NHANES 2017-2018,https://wwwn.cdc.gov/Nchs/Data/Nhanes/Public/2017/DataFiles/DXX_J.htm,2017-2018,male,18,29,lean_mass_index,50,18.721,kg/m2,380,19484837.0313,DXX_J,DXDTOLE/height^2,"Weighted with WTMEC2YR. DXA metrics require DXAEXSTS=1 and region invalidity flags where applicable. US population reference; use for scale, not as an athlete-specific ideal."
nhanes-2017-2018-male-18-29-lean_mass_index-p75,NHANES 2017-2018,https://wwwn.cdc.gov/Nchs/Data/Nhanes/Public/2017/DataFiles/DXX_J.htm,2017-2018,male,18,29,lean_mass_index,75,20.9231,kg/m2,380,19484837.0313,DXX_J,DXDTOLE/height^2,"Weighted with WTMEC2YR. DXA metrics require DXAEXSTS=1 and region invalidity flags where applicable. US population reference; use for scale, not as an athlete-specific ideal."
nhanes-2017-2018-male-18-29-lean_mass_index-p90,NHANES 2017-2018,https://wwwn.cdc.gov/Nchs/Data/Nhanes/Public/2017/DataFiles/DXX_J.htm,2017-2018,male,18,29,lean_mass_index,90,22.9722,kg/m2,380,19484837.0313,DXX_J,DXDTOLE/height^2,"Weighted with WTMEC2YR. DXA metrics require DXAEXSTS=1 and region invalidity flags where applicable. US population reference; use for scale, not as an athlete-specific ideal."
nhanes-2017-2018-male-18-29-lean_mass_index-p95,NHANES 2017-2018,https://wwwn.cdc.gov/Nchs/Data/Nhanes/Public/2017/DataFiles/DXX_J.htm,2017-2018,male,18,29,lean_mass_index,95,24.4901,kg/m2,380,19484837.0313,DXX_J,DXDTOLE/height^2,"Weighted with WTMEC2YR. DXA metrics require DXAEXSTS=1 and region invalidity flags where applicable. US population reference; use for scale, not as an athlete-specific ideal."
nhanes-2017-2018-male-30-39-lean_mass_index-p5,NHANES 2017-2018,https://wwwn.cdc.gov/Nchs/Data/Nhanes/Public/2017/DataFiles/DXX_J.htm,2017-2018,male,30,39,lean_mass_index,5,16.4341,kg/m2,255,14048091.4418,DXX_J,DXDTOLE/height^2,"Weighted with WTMEC2YR. DXA metrics require DXAEXSTS=1 and region invalidity flags where applicable. US population reference; use for scale, not as an athlete-specific ideal."
nhanes-2017-2018-male-30-39-lean_mass_index-p10,NHANES 2017-2018,https://wwwn.cdc.gov/Nchs/Data/Nhanes/Public/2017/DataFiles/DXX_J.htm,2017-2018,male,30,39,lean_mass_index,10,16.8512,kg/m2,255,14048091.4418,DXX_J,DXDTOLE/height^2,"Weighted with WTMEC2YR. DXA metrics require DXAEXSTS=1 and region invalidity flags where applicable. US population reference; use for scale, not as an athlete-specific ideal."
nhanes-2017-2018-male-30-39-lean_mass_index-p25,NHANES 2017-2018,https://wwwn.cdc.gov/Nchs/Data/Nhanes/Public/2017/DataFiles/DXX_J.htm,2017-2018,male,30,39,lean_mass_index,25,18.0438,kg/m2,255,14048091.4418,DXX_J,DXDTOLE/height^2,"Weighted with WTMEC2YR. DXA metrics require DXAEXSTS=1 and region invalidity flags where applicable. US population reference; use for scale, not as an athlete-specific ideal."
nhanes-2017-2018-male-30-39-lean_mass_index-p50,NHANES 2017-2018,https://wwwn.cdc.gov/Nchs/Data/Nhanes/Public/2017/DataFiles/DXX_J.htm,2017-2018,male,30,39,lean_mass_index,50,20.0373,kg/m2,255,14048091.4418,DXX_J,DXDTOLE/height^2,"Weighted with WTMEC2YR. DXA metrics require DXAEXSTS=1 and region invalidity flags where applicable. US population reference; use for scale, not as an athlete-specific ideal."
nhanes-2017-2018-male-30-39-lean_mass_index-p75,NHANES 2017-2018,https://wwwn.cdc.gov/Nchs/Data/Nhanes/Public/2017/DataFiles/DXX_J.htm,2017-2018,male,30,39,lean_mass_index,75,21.9807,kg/m2,255,14048091.4418,DXX_J,DXDTOLE/height^2,"Weighted with WTMEC2YR. DXA metrics require DXAEXSTS=1 and region invalidity flags where applicable. US population reference; use for scale, not as an athlete-specific ideal."
nhanes-2017-2018-male-30-39-lean_mass_index-p90,NHANES 2017-2018,https://wwwn.cdc.gov/Nchs/Data/Nhanes/Public/2017/DataFiles/DXX_J.htm,2017-2018,male,30,39,lean_mass_index,90,23.4753,kg/m2,255,14048091.4418,DXX_J,DXDTOLE/height^2,"Weighted with WTMEC2YR. DXA metrics require DXAEXSTS=1 and region invalidity flags where applicable. US population reference; use for scale, not as an athlete-specific ideal."
nhanes-2017-2018-male-30-39-lean_mass_index-p95,NHANES 2017-2018,https://wwwn.cdc.gov/Nchs/Data/Nhanes/Public/2017/DataFiles/DXX_J.htm,2017-2018,male,30,39,lean_mass_index,95,25.4762,kg/m2,255,14048091.4418,DXX_J,DXDTOLE/height^2,"Weighted with WTMEC2YR. DXA metrics require DXAEXSTS=1 and region invalidity flags where applicable. US population reference; use for scale, not as an athlete-specific ideal."
nhanes-2017-2018-male-40-49-lean_mass_index-p5,NHANES 2017-2018,https://wwwn.cdc.gov/Nchs/Data/Nhanes/Public/2017/DataFiles/DXX_J.htm,2017-2018,male,40,49,lean_mass_index,5,16.0707,kg/m2,271,13340733.4102,DXX_J,DXDTOLE/height^2,"Weighted with WTMEC2YR. DXA metrics require DXAEXSTS=1 and region invalidity flags where applicable. US population reference; use for scale, not as an athlete-specific ideal."
nhanes-2017-2018-male-40-49-lean_mass_index-p10,NHANES 2017-2018,https://wwwn.cdc.gov/Nchs/Data/Nhanes/Public/2017/DataFiles/DXX_J.htm,2017-2018,male,40,49,lean_mass_index,10,17.2026,kg/m2,271,13340733.4102,DXX_J,DXDTOLE/height^2,"Weighted with WTMEC2YR. DXA metrics require DXAEXSTS=1 and region invalidity flags where applicable. US population reference; use for scale, not as an athlete-specific ideal."
nhanes-2017-2018-male-40-49-lean_mass_index-p25,NHANES 2017-2018,https://wwwn.cdc.gov/Nchs/Data/Nhanes/Public/2017/DataFiles/DXX_J.htm,2017-2018,male,40,49,lean_mass_index,25,18.4321,kg/m2,271,13340733.4102,DXX_J,DXDTOLE/height^2,"Weighted with WTMEC2YR. DXA metrics require DXAEXSTS=1 and region invalidity flags where applicable. US population reference; use for scale, not as an athlete-specific ideal."
nhanes-2017-2018-male-40-49-lean_mass_index-p50,NHANES 2017-2018,https://wwwn.cdc.gov/Nchs/Data/Nhanes/Public/2017/DataFiles/DXX_J.htm,2017-2018,male,40,49,lean_mass_index,50,20.2443,kg/m2,271,13340733.4102,DXX_J,DXDTOLE/height^2,"Weighted with WTMEC2YR. DXA metrics require DXAEXSTS=1 and region invalidity flags where applicable. US population reference; use for scale, not as an athlete-specific ideal."
nhanes-2017-2018-male-40-49-lean_mass_index-p75,NHANES 2017-2018,https://wwwn.cdc.gov/Nchs/Data/Nhanes/Public/2017/DataFiles/DXX_J.htm,2017-2018,male,40,49,lean_mass_index,75,22.3678,kg/m2,271,13340733.4102,DXX_J,DXDTOLE/height^2,"Weighted with WTMEC2YR. DXA metrics require DXAEXSTS=1 and region invalidity flags where applicable. US population reference; use for scale, not as an athlete-specific ideal."
nhanes-2017-2018-male-40-49-lean_mass_index-p90,NHANES 2017-2018,https://wwwn.cdc.gov/Nchs/Data/Nhanes/Public/2017/DataFiles/DXX_J.htm,2017-2018,male,40,49,lean_mass_index,90,24.1995,kg/m2,271,13340733.4102,DXX_J,DXDTOLE/height^2,"Weighted with WTMEC2YR. DXA metrics require DXAEXSTS=1 and region invalidity flags where applicable. US population reference; use for scale, not as an athlete-specific ideal."
nhanes-2017-2018-male-40-49-lean_mass_index-p95,NHANES 2017-2018,https://wwwn.cdc.gov/Nchs/Data/Nhanes/Public/2017/DataFiles/DXX_J.htm,2017-2018,male,40,49,lean_mass_index,95,25.8112,kg/m2,271,13340733.4102,DXX_J,DXDTOLE/height^2,"Weighted with WTMEC2YR. DXA metrics require DXAEXSTS=1 and region invalidity flags where applicable. US population reference; use for scale, not as an athlete-specific ideal."
nhanes-2017-2018-male-50-59-lean_mass_index-p5,NHANES 2017-2018,https://wwwn.cdc.gov/Nchs/Data/Nhanes/Public/2017/DataFiles/DXX_J.htm,2017-2018,male,50,59,lean_mass_index,5,16.2777,kg/m2,287,14402624.6653,DXX_J,DXDTOLE/height^2,"Weighted with WTMEC2YR. DXA metrics require DXAEXSTS=1 and region invalidity flags where applicable. US population reference; use for scale, not as an athlete-specific ideal."
nhanes-2017-2018-male-50-59-lean_mass_index-p10,NHANES 2017-2018,https://wwwn.cdc.gov/Nchs/Data/Nhanes/Public/2017/DataFiles/DXX_J.htm,2017-2018,male,50,59,lean_mass_index,10,16.7217,kg/m2,287,14402624.6653,DXX_J,DXDTOLE/height^2,"Weighted with WTMEC2YR. DXA metrics require DXAEXSTS=1 and region invalidity flags where applicable. US population reference; use for scale, not as an athlete-specific ideal."
nhanes-2017-2018-male-50-59-lean_mass_index-p25,NHANES 2017-2018,https://wwwn.cdc.gov/Nchs/Data/Nhanes/Public/2017/DataFiles/DXX_J.htm,2017-2018,male,50,59,lean_mass_index,25,18.1349,kg/m2,287,14402624.6653,DXX_J,DXDTOLE/height^2,"Weighted with WTMEC2YR. DXA metrics require DXAEXSTS=1 and region invalidity flags where applicable. US population reference; use for scale, not as an athlete-specific ideal."
nhanes-2017-2018-male-50-59-lean_mass_index-p50,NHANES 2017-2018,https://wwwn.cdc.gov/Nchs/Data/Nhanes/Public/2017/DataFiles/DXX_J.htm,2017-2018,male,50,59,lean_mass_index,50,20.2085,kg/m2,287,14402624.6653,DXX_J,DXDTOLE/height^2,"Weighted with WTMEC2YR. DXA metrics require DXAEXSTS=1 and region invalidity flags where applicable. US population reference; use for scale, not as an athlete-specific ideal."
nhanes-2017-2018-male-50-59-lean_mass_index-p75,NHANES 2017-2018,https://wwwn.cdc.gov/Nchs/Data/Nhanes/Public/2017/DataFiles/DXX_J.htm,2017-2018,male,50,59,lean_mass_index,75,22.103,kg/m2,287,14402624.6653,DXX_J,DXDTOLE/height^2,"Weighted with WTMEC2YR. DXA metrics require DXAEXSTS=1 and region invalidity flags where applicable. US population reference; use for scale, not as an athlete-specific ideal."
nhanes-2017-2018-male-50-59-lean_mass_index-p90,NHANES 2017-2018,https://wwwn.cdc.gov/Nchs/Data/Nhanes/Public/2017/DataFiles/DXX_J.htm,2017-2018,male,50,59,lean_mass_index,90,24.1039,kg/m2,287,14402624.6653,DXX_J,DXDTOLE/height^2,"Weighted with WTMEC2YR. DXA metrics require DXAEXSTS=1 and region invalidity flags where applicable. US population reference; use for scale, not as an athlete-specific ideal."
nhanes-2017-2018-male-50-59-lean_mass_index-p95,NHANES 2017-2018,https://wwwn.cdc.gov/Nchs/Data/Nhanes/Public/2017/DataFiles/DXX_J.htm,2017-2018,male,50,59,lean_mass_index,95,25.7679,kg/m2,287,14402624.6653,DXX_J,DXDTOLE/height^2,"Weighted with WTMEC2YR. DXA metrics require DXAEXSTS=1 and region invalidity flags where applicable. US population reference; use for scale, not as an athlete-specific ideal."
nhanes-2017-2018-male-18-59-lean_mass_index-p5,NHANES 2017-2018,https://wwwn.cdc.gov/Nchs/Data/Nhanes/Public/2017/DataFiles/DXX_J.htm,2017-2018,male,18,59,lean_mass_index,5,15.3053,kg/m2,1193,61276286.5485,DXX_J,DXDTOLE/height^2,"Weighted with WTMEC2YR. DXA metrics require DXAEXSTS=1 and region invalidity flags where applicable. US population reference; use for scale, not as an athlete-specific ideal."
nhanes-2017-2018-male-18-59-lean_mass_index-p10,NHANES 2017-2018,https://wwwn.cdc.gov/Nchs/Data/Nhanes/Public/2017/DataFiles/DXX_J.htm,2017-2018,male,18,59,lean_mass_index,10,16.3001,kg/m2,1193,61276286.5485,DXX_J,DXDTOLE/height^2,"Weighted with WTMEC2YR. DXA metrics require DXAEXSTS=1 and region invalidity flags where applicable. US population reference; use for scale, not as an athlete-specific ideal."
nhanes-2017-2018-male-18-59-lean_mass_index-p25,NHANES 2017-2018,https://wwwn.cdc.gov/Nchs/Data/Nhanes/Public/2017/DataFiles/DXX_J.htm,2017-2018,male,18,59,lean_mass_index,25,17.7947,kg/m2,1193,61276286.5485,DXX_J,DXDTOLE/height^2,"Weighted with WTMEC2YR. DXA metrics require DXAEXSTS=1 and region invalidity flags where applicable. US population reference; use for scale, not as an athlete-specific ideal."
nhanes-2017-2018-male-18-59-lean_mass_index-p50,NHANES 2017-2018,https://wwwn.cdc.gov/Nchs/Data/Nhanes/Public/2017/DataFiles/DXX_J.htm,2017-2018,male,18,59,lean_mass_index,50,19.8468,kg/m2,1193,61276286.5485,DXX_J,DXDTOLE/height^2,"Weighted with WTMEC2YR. DXA metrics require DXAEXSTS=1 and region invalidity flags where applicable. US population reference; use for scale, not as an athlete-specific ideal."
nhanes-2017-2018-male-18-59-lean_mass_index-p75,NHANES 2017-2018,https://wwwn.cdc.gov/Nchs/Data/Nhanes/Public/2017/DataFiles/DXX_J.htm,2017-2018,male,18,59,lean_mass_index,75,21.7254,kg/m2,1193,61276286.5485,DXX_J,DXDTOLE/height^2,"Weighted with WTMEC2YR. DXA metrics require DXAEXSTS=1 and region invalidity flags where applicable. US population reference; use for scale, not as an athlete-specific ideal."
nhanes-2017-2018-male-18-59-lean_mass_index-p90,NHANES 2017-2018,https://wwwn.cdc.gov/Nchs/Data/Nhanes/Public/2017/DataFiles/DXX_J.htm,2017-2018,male,18,59,lean_mass_index,90,23.8084,kg/m2,1193,61276286.5485,DXX_J,DXDTOLE/height^2,"Weighted with WTMEC2YR. DXA metrics require DXAEXSTS=1 and region invalidity flags where applicable. US population reference; use for scale, not as an athlete-specific ideal."
nhanes-2017-2018-male-18-59-lean_mass_index-p95,NHANES 2017-2018,https://wwwn.cdc.gov/Nchs/Data/Nhanes/Public/2017/DataFiles/DXX_J.htm,2017-2018,male,18,59,lean_mass_index,95,25.0322,kg/m2,1193,61276286.5485,DXX_J,DXDTOLE/height^2,"Weighted with WTMEC2YR. DXA metrics require DXAEXSTS=1 and region invalidity flags where applicable. US population reference; use for scale, not as an athlete-specific ideal."
nhanes-2017-2018-female-18-29-lean_mass_index-p5,NHANES 2017-2018,https://wwwn.cdc.gov/Nchs/Data/Nhanes/Public/2017/DataFiles/DXX_J.htm,2017-2018,female,18,29,lean_mass_index,5,12.369,kg/m2,396,19620013.1526,DXX_J,DXDTOLE/height^2,"Weighted with WTMEC2YR. DXA metrics require DXAEXSTS=1 and region invalidity flags where applicable. US population reference; use for scale, not as an athlete-specific ideal."
nhanes-2017-2018-female-18-29-lean_mass_index-p10,NHANES 2017-2018,https://wwwn.cdc.gov/Nchs/Data/Nhanes/Public/2017/DataFiles/DXX_J.htm,2017-2018,female,18,29,lean_mass_index,10,13.3352,kg/m2,396,19620013.1526,DXX_J,DXDTOLE/height^2,"Weighted with WTMEC2YR. DXA metrics require DXAEXSTS=1 and region invalidity flags where applicable. US population reference; use for scale, not as an athlete-specific ideal."
nhanes-2017-2018-female-18-29-lean_mass_index-p25,NHANES 2017-2018,https://wwwn.cdc.gov/Nchs/Data/Nhanes/Public/2017/DataFiles/DXX_J.htm,2017-2018,female,18,29,lean_mass_index,25,14.2601,kg/m2,396,19620013.1526,DXX_J,DXDTOLE/height^2,"Weighted with WTMEC2YR. DXA metrics require DXAEXSTS=1 and region invalidity flags where applicable. US population reference; use for scale, not as an athlete-specific ideal."
nhanes-2017-2018-female-18-29-lean_mass_index-p50,NHANES 2017-2018,https://wwwn.cdc.gov/Nchs/Data/Nhanes/Public/2017/DataFiles/DXX_J.htm,2017-2018,female,18,29,lean_mass_index,50,15.9246,kg/m2,396,19620013.1526,DXX_J,DXDTOLE/height^2,"Weighted with WTMEC2YR. DXA metrics require DXAEXSTS=1 and region invalidity flags where applicable. US population reference; use for scale, not as an athlete-specific ideal."
nhanes-2017-2018-female-18-29-lean_mass_index-p75,NHANES 2017-2018,https://wwwn.cdc.gov/Nchs/Data/Nhanes/Public/2017/DataFiles/DXX_J.htm,2017-2018,female,18,29,lean_mass_index,75,18.2501,kg/m2,396,19620013.1526,DXX_J,DXDTOLE/height^2,"Weighted with WTMEC2YR. DXA metrics require DXAEXSTS=1 and region invalidity flags where applicable. US population reference; use for scale, not as an athlete-specific ideal."
nhanes-2017-2018-female-18-29-lean_mass_index-p90,NHANES 2017-2018,https://wwwn.cdc.gov/Nchs/Data/Nhanes/Public/2017/DataFiles/DXX_J.htm,2017-2018,female,18,29,lean_mass_index,90,20.6352,kg/m2,396,19620013.1526,DXX_J,DXDTOLE/height^2,"Weighted with WTMEC2YR. DXA metrics require DXAEXSTS=1 and region invalidity flags where applicable. US population reference; use for scale, not as an athlete-specific ideal."
nhanes-2017-2018-female-18-29-lean_mass_index-p95,NHANES 2017-2018,https://wwwn.cdc.gov/Nchs/Data/Nhanes/Public/2017/DataFiles/DXX_J.htm,2017-2018,female,18,29,lean_mass_index,95,22.2256,kg/m2,396,19620013.1526,DXX_J,DXDTOLE/height^2,"Weighted with WTMEC2YR. DXA metrics require DXAEXSTS=1 and region invalidity flags where applicable. US population reference; use for scale, not as an athlete-specific ideal."
nhanes-2017-2018-female-30-39-lean_mass_index-p5,NHANES 2017-2018,https://wwwn.cdc.gov/Nchs/Data/Nhanes/Public/2017/DataFiles/DXX_J.htm,2017-2018,female,30,39,lean_mass_index,5,12.9805,kg/m2,313,14856899.4481,DXX_J,DXDTOLE/height^2,"Weighted with WTMEC2YR. DXA metrics require DXAEXSTS=1 and region invalidity flags where applicable. US population reference; use for scale, not as an athlete-specific ideal."
nhanes-2017-2018-female-30-39-lean_mass_index-p10,NHANES 2017-2018,https://wwwn.cdc.gov/Nchs/Data/Nhanes/Public/2017/DataFiles/DXX_J.htm,2017-2018,female,30,39,lean_mass_index,10,13.4467,kg/m2,313,14856899.4481,DXX_J,DXDTOLE/height^2,"Weighted with WTMEC2YR. DXA metrics require DXAEXSTS=1 and region invalidity flags where applicable. US population reference; use for scale, not as an athlete-specific ideal."
nhanes-2017-2018-female-30-39-lean_mass_index-p25,NHANES 2017-2018,https://wwwn.cdc.gov/Nchs/Data/Nhanes/Public/2017/DataFiles/DXX_J.htm,2017-2018,female,30,39,lean_mass_index,25,14.5417,kg/m2,313,14856899.4481,DXX_J,DXDTOLE/height^2,"Weighted with WTMEC2YR. DXA metrics require DXAEXSTS=1 and region invalidity flags where applicable. US population reference; use for scale, not as an athlete-specific ideal."
nhanes-2017-2018-female-30-39-lean_mass_index-p50,NHANES 2017-2018,https://wwwn.cdc.gov/Nchs/Data/Nhanes/Public/2017/DataFiles/DXX_J.htm,2017-2018,female,30,39,lean_mass_index,50,16.1281,kg/m2,313,14856899.4481,DXX_J,DXDTOLE/height^2,"Weighted with WTMEC2YR. DXA metrics require DXAEXSTS=1 and region invalidity flags where applicable. US population reference; use for scale, not as an athlete-specific ideal."
nhanes-2017-2018-female-30-39-lean_mass_index-p75,NHANES 2017-2018,https://wwwn.cdc.gov/Nchs/Data/Nhanes/Public/2017/DataFiles/DXX_J.htm,2017-2018,female,30,39,lean_mass_index,75,18.7951,kg/m2,313,14856899.4481,DXX_J,DXDTOLE/height^2,"Weighted with WTMEC2YR. DXA metrics require DXAEXSTS=1 and region invalidity flags where applicable. US population reference; use for scale, not as an athlete-specific ideal."
nhanes-2017-2018-female-30-39-lean_mass_index-p90,NHANES 2017-2018,https://wwwn.cdc.gov/Nchs/Data/Nhanes/Public/2017/DataFiles/DXX_J.htm,2017-2018,female,30,39,lean_mass_index,90,20.9669,kg/m2,313,14856899.4481,DXX_J,DXDTOLE/height^2,"Weighted with WTMEC2YR. DXA metrics require DXAEXSTS=1 and region invalidity flags where applicable. US population reference; use for scale, not as an athlete-specific ideal."
nhanes-2017-2018-female-30-39-lean_mass_index-p95,NHANES 2017-2018,https://wwwn.cdc.gov/Nchs/Data/Nhanes/Public/2017/DataFiles/DXX_J.htm,2017-2018,female,30,39,lean_mass_index,95,22.1329,kg/m2,313,14856899.4481,DXX_J,DXDTOLE/height^2,"Weighted with WTMEC2YR. DXA metrics require DXAEXSTS=1 and region invalidity flags where applicable. US population reference; use for scale, not as an athlete-specific ideal."
nhanes-2017-2018-female-40-49-lean_mass_index-p5,NHANES 2017-2018,https://wwwn.cdc.gov/Nchs/Data/Nhanes/Public/2017/DataFiles/DXX_J.htm,2017-2018,female,40,49,lean_mass_index,5,13.3934,kg/m2,306,14620843.549,DXX_J,DXDTOLE/height^2,"Weighted with WTMEC2YR. DXA metrics require DXAEXSTS=1 and region invalidity flags where applicable. US population reference; use for scale, not as an athlete-specific ideal."
nhanes-2017-2018-female-40-49-lean_mass_index-p10,NHANES 2017-2018,https://wwwn.cdc.gov/Nchs/Data/Nhanes/Public/2017/DataFiles/DXX_J.htm,2017-2018,female,40,49,lean_mass_index,10,13.5657,kg/m2,306,14620843.549,DXX_J,DXDTOLE/height^2,"Weighted with WTMEC2YR. DXA metrics require DXAEXSTS=1 and region invalidity flags where applicable. US population reference; use for scale, not as an athlete-specific ideal."
nhanes-2017-2018-female-40-49-lean_mass_index-p25,NHANES 2017-2018,https://wwwn.cdc.gov/Nchs/Data/Nhanes/Public/2017/DataFiles/DXX_J.htm,2017-2018,female,40,49,lean_mass_index,25,14.8377,kg/m2,306,14620843.549,DXX_J,DXDTOLE/height^2,"Weighted with WTMEC2YR. DXA metrics require DXAEXSTS=1 and region invalidity flags where applicable. US population reference; use for scale, not as an athlete-specific ideal."
nhanes-2017-2018-female-40-49-lean_mass_index-p50,NHANES 2017-2018,https://wwwn.cdc.gov/Nchs/Data/Nhanes/Public/2017/DataFiles/DXX_J.htm,2017-2018,female,40,49,lean_mass_index,50,16.2367,kg/m2,306,14620843.549,DXX_J,DXDTOLE/height^2,"Weighted with WTMEC2YR. DXA metrics require DXAEXSTS=1 and region invalidity flags where applicable. US population reference; use for scale, not as an athlete-specific ideal."
nhanes-2017-2018-female-40-49-lean_mass_index-p75,NHANES 2017-2018,https://wwwn.cdc.gov/Nchs/Data/Nhanes/Public/2017/DataFiles/DXX_J.htm,2017-2018,female,40,49,lean_mass_index,75,18.3912,kg/m2,306,14620843.549,DXX_J,DXDTOLE/height^2,"Weighted with WTMEC2YR. DXA metrics require DXAEXSTS=1 and region invalidity flags where applicable. US population reference; use for scale, not as an athlete-specific ideal."
nhanes-2017-2018-female-40-49-lean_mass_index-p90,NHANES 2017-2018,https://wwwn.cdc.gov/Nchs/Data/Nhanes/Public/2017/DataFiles/DXX_J.htm,2017-2018,female,40,49,lean_mass_index,90,21.3958,kg/m2,306,14620843.549,DXX_J,DXDTOLE/height^2,"Weighted with WTMEC2YR. DXA metrics require DXAEXSTS=1 and region invalidity flags where applicable. US population reference; use for scale, not as an athlete-specific ideal."
nhanes-2017-2018-female-40-49-lean_mass_index-p95,NHANES 2017-2018,https://wwwn.cdc.gov/Nchs/Data/Nhanes/Public/2017/DataFiles/DXX_J.htm,2017-2018,female,40,49,lean_mass_index,95,23.014,kg/m2,306,14620843.549,DXX_J,DXDTOLE/height^2,"Weighted with WTMEC2YR. DXA metrics require DXAEXSTS=1 and region invalidity flags where applicable. US population reference; use for scale, not as an athlete-specific ideal."
nhanes-2017-2018-female-50-59-lean_mass_index-p5,NHANES 2017-2018,https://wwwn.cdc.gov/Nchs/Data/Nhanes/Public/2017/DataFiles/DXX_J.htm,2017-2018,female,50,59,lean_mass_index,5,12.5417,kg/m2,336,15378561.3988,DXX_J,DXDTOLE/height^2,"Weighted with WTMEC2YR. DXA metrics require DXAEXSTS=1 and region invalidity flags where applicable. US population reference; use for scale, not as an athlete-specific ideal."
nhanes-2017-2018-female-50-59-lean_mass_index-p10,NHANES 2017-2018,https://wwwn.cdc.gov/Nchs/Data/Nhanes/Public/2017/DataFiles/DXX_J.htm,2017-2018,female,50,59,lean_mass_index,10,12.738,kg/m2,336,15378561.3988,DXX_J,DXDTOLE/height^2,"Weighted with WTMEC2YR. DXA metrics require DXAEXSTS=1 and region invalidity flags where applicable. US population reference; use for scale, not as an athlete-specific ideal."
nhanes-2017-2018-female-50-59-lean_mass_index-p25,NHANES 2017-2018,https://wwwn.cdc.gov/Nchs/Data/Nhanes/Public/2017/DataFiles/DXX_J.htm,2017-2018,female,50,59,lean_mass_index,25,13.9753,kg/m2,336,15378561.3988,DXX_J,DXDTOLE/height^2,"Weighted with WTMEC2YR. DXA metrics require DXAEXSTS=1 and region invalidity flags where applicable. US population reference; use for scale, not as an athlete-specific ideal."
nhanes-2017-2018-female-50-59-lean_mass_index-p50,NHANES 2017-2018,https://wwwn.cdc.gov/Nchs/Data/Nhanes/Public/2017/DataFiles/DXX_J.htm,2017-2018,female,50,59,lean_mass_index,50,15.9294,kg/m2,336,15378561.3988,DXX_J,DXDTOLE/height^2,"Weighted with WTMEC2YR. DXA metrics require DXAEXSTS=1 and region invalidity flags where applicable. US population reference; use for scale, not as an athlete-specific ideal."
nhanes-2017-2018-female-50-59-lean_mass_index-p75,NHANES 2017-2018,https://wwwn.cdc.gov/Nchs/Data/Nhanes/Public/2017/DataFiles/DXX_J.htm,2017-2018,female,50,59,lean_mass_index,75,18.0179,kg/m2,336,15378561.3988,DXX_J,DXDTOLE/height^2,"Weighted with WTMEC2YR. DXA metrics require DXAEXSTS=1 and region invalidity flags where applicable. US population reference; use for scale, not as an athlete-specific ideal."
nhanes-2017-2018-female-50-59-lean_mass_index-p90,NHANES 2017-2018,https://wwwn.cdc.gov/Nchs/Data/Nhanes/Public/2017/DataFiles/DXX_J.htm,2017-2018,female,50,59,lean_mass_index,90,20.3978,kg/m2,336,15378561.3988,DXX_J,DXDTOLE/height^2,"Weighted with WTMEC2YR. DXA metrics require DXAEXSTS=1 and region invalidity flags where applicable. US population reference; use for scale, not as an athlete-specific ideal."
nhanes-2017-2018-female-50-59-lean_mass_index-p95,NHANES 2017-2018,https://wwwn.cdc.gov/Nchs/Data/Nhanes/Public/2017/DataFiles/DXX_J.htm,2017-2018,female,50,59,lean_mass_index,95,21.4284,kg/m2,336,15378561.3988,DXX_J,DXDTOLE/height^2,"Weighted with WTMEC2YR. DXA metrics require DXAEXSTS=1 and region invalidity flags where applicable. US population reference; use for scale, not as an athlete-specific ideal."
nhanes-2017-2018-female-18-59-lean_mass_index-p5,NHANES 2017-2018,https://wwwn.cdc.gov/Nchs/Data/Nhanes/Public/2017/DataFiles/DXX_J.htm,2017-2018,female,18,59,lean_mass_index,5,12.6921,kg/m2,1351,64476317.5485,DXX_J,DXDTOLE/height^2,"Weighted with WTMEC2YR. DXA metrics require DXAEXSTS=1 and region invalidity flags where applicable. US population reference; use for scale, not as an athlete-specific ideal."
nhanes-2017-2018-female-18-59-lean_mass_index-p10,NHANES 2017-2018,https://wwwn.cdc.gov/Nchs/Data/Nhanes/Public/2017/DataFiles/DXX_J.htm,2017-2018,female,18,59,lean_mass_index,10,13.4078,kg/m2,1351,64476317.5485,DXX_J,DXDTOLE/height^2,"Weighted with WTMEC2YR. DXA metrics require DXAEXSTS=1 and region invalidity flags where applicable. US population reference; use for scale, not as an athlete-specific ideal."
nhanes-2017-2018-female-18-59-lean_mass_index-p25,NHANES 2017-2018,https://wwwn.cdc.gov/Nchs/Data/Nhanes/Public/2017/DataFiles/DXX_J.htm,2017-2018,female,18,59,lean_mass_index,25,14.3926,kg/m2,1351,64476317.5485,DXX_J,DXDTOLE/height^2,"Weighted with WTMEC2YR. DXA metrics require DXAEXSTS=1 and region invalidity flags where applicable. US population reference; use for scale, not as an athlete-specific ideal."
nhanes-2017-2018-female-18-59-lean_mass_index-p50,NHANES 2017-2018,https://wwwn.cdc.gov/Nchs/Data/Nhanes/Public/2017/DataFiles/DXX_J.htm,2017-2018,female,18,59,lean_mass_index,50,16.1193,kg/m2,1351,64476317.5485,DXX_J,DXDTOLE/height^2,"Weighted with WTMEC2YR. DXA metrics require DXAEXSTS=1 and region invalidity flags where applicable. US population reference; use for scale, not as an athlete-specific ideal."
nhanes-2017-2018-female-18-59-lean_mass_index-p75,NHANES 2017-2018,https://wwwn.cdc.gov/Nchs/Data/Nhanes/Public/2017/DataFiles/DXX_J.htm,2017-2018,female,18,59,lean_mass_index,75,18.3296,kg/m2,1351,64476317.5485,DXX_J,DXDTOLE/height^2,"Weighted with WTMEC2YR. DXA metrics require DXAEXSTS=1 and region invalidity flags where applicable. US population reference; use for scale, not as an athlete-specific ideal."
nhanes-2017-2018-female-18-59-lean_mass_index-p90,NHANES 2017-2018,https://wwwn.cdc.gov/Nchs/Data/Nhanes/Public/2017/DataFiles/DXX_J.htm,2017-2018,female,18,59,lean_mass_index,90,20.7719,kg/m2,1351,64476317.5485,DXX_J,DXDTOLE/height^2,"Weighted with WTMEC2YR. DXA metrics require DXAEXSTS=1 and region invalidity flags where applicable. US population reference; use for scale, not as an athlete-specific ideal."
nhanes-2017-2018-female-18-59-lean_mass_index-p95,NHANES 2017-2018,https://wwwn.cdc.gov/Nchs/Data/Nhanes/Public/2017/DataFiles/DXX_J.htm,2017-2018,female,18,59,lean_mass_index,95,22.1329,kg/m2,1351,64476317.5485,DXX_J,DXDTOLE/height^2,"Weighted with WTMEC2YR. DXA metrics require DXAEXSTS=1 and region invalidity flags where applicable. US population reference; use for scale, not as an athlete-specific ideal."
nhanes-2017-2018-male-18-29-fat_mass_index-p5,NHANES 2017-2018,https://wwwn.cdc.gov/Nchs/Data/Nhanes/Public/2017/DataFiles/DXX_J.htm,2017-2018,male,18,29,fat_mass_index,5,2.8796,kg/m2,377,19423792.435,DXX_J,DXDTOFAT/height^2,"Weighted with WTMEC2YR. DXA metrics require DXAEXSTS=1 and region invalidity flags where applicable. US population reference; use for scale, not as an athlete-specific ideal."
nhanes-2017-2018-male-18-29-fat_mass_index-p10,NHANES 2017-2018,https://wwwn.cdc.gov/Nchs/Data/Nhanes/Public/2017/DataFiles/DXX_J.htm,2017-2018,male,18,29,fat_mass_index,10,3.2248,kg/m2,377,19423792.435,DXX_J,DXDTOFAT/height^2,"Weighted with WTMEC2YR. DXA metrics require DXAEXSTS=1 and region invalidity flags where applicable. US population reference; use for scale, not as an athlete-specific ideal."
nhanes-2017-2018-male-18-29-fat_mass_index-p25,NHANES 2017-2018,https://wwwn.cdc.gov/Nchs/Data/Nhanes/Public/2017/DataFiles/DXX_J.htm,2017-2018,male,18,29,fat_mass_index,25,4.3359,kg/m2,377,19423792.435,DXX_J,DXDTOFAT/height^2,"Weighted with WTMEC2YR. DXA metrics require DXAEXSTS=1 and region invalidity flags where applicable. US population reference; use for scale, not as an athlete-specific ideal."
nhanes-2017-2018-male-18-29-fat_mass_index-p50,NHANES 2017-2018,https://wwwn.cdc.gov/Nchs/Data/Nhanes/Public/2017/DataFiles/DXX_J.htm,2017-2018,male,18,29,fat_mass_index,50,6.6091,kg/m2,377,19423792.435,DXX_J,DXDTOFAT/height^2,"Weighted with WTMEC2YR. DXA metrics require DXAEXSTS=1 and region invalidity flags where applicable. US population reference; use for scale, not as an athlete-specific ideal."
nhanes-2017-2018-male-18-29-fat_mass_index-p75,NHANES 2017-2018,https://wwwn.cdc.gov/Nchs/Data/Nhanes/Public/2017/DataFiles/DXX_J.htm,2017-2018,male,18,29,fat_mass_index,75,9.4285,kg/m2,377,19423792.435,DXX_J,DXDTOFAT/height^2,"Weighted with WTMEC2YR. DXA metrics require DXAEXSTS=1 and region invalidity flags where applicable. US population reference; use for scale, not as an athlete-specific ideal."
nhanes-2017-2018-male-18-29-fat_mass_index-p90,NHANES 2017-2018,https://wwwn.cdc.gov/Nchs/Data/Nhanes/Public/2017/DataFiles/DXX_J.htm,2017-2018,male,18,29,fat_mass_index,90,11.4777,kg/m2,377,19423792.435,DXX_J,DXDTOFAT/height^2,"Weighted with WTMEC2YR. DXA metrics require DXAEXSTS=1 and region invalidity flags where applicable. US population reference; use for scale, not as an athlete-specific ideal."
nhanes-2017-2018-male-18-29-fat_mass_index-p95,NHANES 2017-2018,https://wwwn.cdc.gov/Nchs/Data/Nhanes/Public/2017/DataFiles/DXX_J.htm,2017-2018,male,18,29,fat_mass_index,95,13.6083,kg/m2,377,19423792.435,DXX_J,DXDTOFAT/height^2,"Weighted with WTMEC2YR. DXA metrics require DXAEXSTS=1 and region invalidity flags where applicable. US population reference; use for scale, not as an athlete-specific ideal."
nhanes-2017-2018-male-30-39-fat_mass_index-p5,NHANES 2017-2018,https://wwwn.cdc.gov/Nchs/Data/Nhanes/Public/2017/DataFiles/DXX_J.htm,2017-2018,male,30,39,fat_mass_index,5,4.0076,kg/m2,249,13708436.4728,DXX_J,DXDTOFAT/height^2,"Weighted with WTMEC2YR. DXA metrics require DXAEXSTS=1 and region invalidity flags where applicable. US population reference; use for scale, not as an athlete-specific ideal."
nhanes-2017-2018-male-30-39-fat_mass_index-p10,NHANES 2017-2018,https://wwwn.cdc.gov/Nchs/Data/Nhanes/Public/2017/DataFiles/DXX_J.htm,2017-2018,male,30,39,fat_mass_index,10,4.7325,kg/m2,249,13708436.4728,DXX_J,DXDTOFAT/height^2,"Weighted with WTMEC2YR. DXA metrics require DXAEXSTS=1 and region invalidity flags where applicable. US population reference; use for scale, not as an athlete-specific ideal."
nhanes-2017-2018-male-30-39-fat_mass_index-p25,NHANES 2017-2018,https://wwwn.cdc.gov/Nchs/Data/Nhanes/Public/2017/DataFiles/DXX_J.htm,2017-2018,male,30,39,fat_mass_index,25,6.2258,kg/m2,249,13708436.4728,DXX_J,DXDTOFAT/height^2,"Weighted with WTMEC2YR. DXA metrics require DXAEXSTS=1 and region invalidity flags where applicable. US population reference; use for scale, not as an athlete-specific ideal."
nhanes-2017-2018-male-30-39-fat_mass_index-p50,NHANES 2017-2018,https://wwwn.cdc.gov/Nchs/Data/Nhanes/Public/2017/DataFiles/DXX_J.htm,2017-2018,male,30,39,fat_mass_index,50,7.8856,kg/m2,249,13708436.4728,DXX_J,DXDTOFAT/height^2,"Weighted with WTMEC2YR. DXA metrics require DXAEXSTS=1 and region invalidity flags where applicable. US population reference; use for scale, not as an athlete-specific ideal."
nhanes-2017-2018-male-30-39-fat_mass_index-p75,NHANES 2017-2018,https://wwwn.cdc.gov/Nchs/Data/Nhanes/Public/2017/DataFiles/DXX_J.htm,2017-2018,male,30,39,fat_mass_index,75,9.7515,kg/m2,249,13708436.4728,DXX_J,DXDTOFAT/height^2,"Weighted with WTMEC2YR. DXA metrics require DXAEXSTS=1 and region invalidity flags where applicable. US population reference; use for scale, not as an athlete-specific ideal."
nhanes-2017-2018-male-30-39-fat_mass_index-p90,NHANES 2017-2018,https://wwwn.cdc.gov/Nchs/Data/Nhanes/Public/2017/DataFiles/DXX_J.htm,2017-2018,male,30,39,fat_mass_index,90,12.5466,kg/m2,249,13708436.4728,DXX_J,DXDTOFAT/height^2,"Weighted with WTMEC2YR. DXA metrics require DXAEXSTS=1 and region invalidity flags where applicable. US population reference; use for scale, not as an athlete-specific ideal."
nhanes-2017-2018-male-30-39-fat_mass_index-p95,NHANES 2017-2018,https://wwwn.cdc.gov/Nchs/Data/Nhanes/Public/2017/DataFiles/DXX_J.htm,2017-2018,male,30,39,fat_mass_index,95,14.0852,kg/m2,249,13708436.4728,DXX_J,DXDTOFAT/height^2,"Weighted with WTMEC2YR. DXA metrics require DXAEXSTS=1 and region invalidity flags where applicable. US population reference; use for scale, not as an athlete-specific ideal."
nhanes-2017-2018-male-40-49-fat_mass_index-p5,NHANES 2017-2018,https://wwwn.cdc.gov/Nchs/Data/Nhanes/Public/2017/DataFiles/DXX_J.htm,2017-2018,male,40,49,fat_mass_index,5,4.4906,kg/m2,263,13076911.9572,DXX_J,DXDTOFAT/height^2,"Weighted with WTMEC2YR. DXA metrics require DXAEXSTS=1 and region invalidity flags where applicable. US population reference; use for scale, not as an athlete-specific ideal."
nhanes-2017-2018-male-40-49-fat_mass_index-p10,NHANES 2017-2018,https://wwwn.cdc.gov/Nchs/Data/Nhanes/Public/2017/DataFiles/DXX_J.htm,2017-2018,male,40,49,fat_mass_index,10,5.3741,kg/m2,263,13076911.9572,DXX_J,DXDTOFAT/height^2,"Weighted with WTMEC2YR. DXA metrics require DXAEXSTS=1 and region invalidity flags where applicable. US population reference; use for scale, not as an athlete-specific ideal."
nhanes-2017-2018-male-40-49-fat_mass_index-p25,NHANES 2017-2018,https://wwwn.cdc.gov/Nchs/Data/Nhanes/Public/2017/DataFiles/DXX_J.htm,2017-2018,male,40,49,fat_mass_index,25,6.9513,kg/m2,263,13076911.9572,DXX_J,DXDTOFAT/height^2,"Weighted with WTMEC2YR. DXA metrics require DXAEXSTS=1 and region invalidity flags where applicable. US population reference; use for scale, not as an athlete-specific ideal."
nhanes-2017-2018-male-40-49-fat_mass_index-p50,NHANES 2017-2018,https://wwwn.cdc.gov/Nchs/Data/Nhanes/Public/2017/DataFiles/DXX_J.htm,2017-2018,male,40,49,fat_mass_index,50,8.4462,kg/m2,263,13076911.9572,DXX_J,DXDTOFAT/height^2,"Weighted with WTMEC2YR. DXA metrics require DXAEXSTS=1 and region invalidity flags where applicable. US population reference; use for scale, not as an athlete-specific ideal."
nhanes-2017-2018-male-40-49-fat_mass_index-p75,NHANES 2017-2018,https://wwwn.cdc.gov/Nchs/Data/Nhanes/Public/2017/DataFiles/DXX_J.htm,2017-2018,male,40,49,fat_mass_index,75,10.7065,kg/m2,263,13076911.9572,DXX_J,DXDTOFAT/height^2,"Weighted with WTMEC2YR. DXA metrics require DXAEXSTS=1 and region invalidity flags where applicable. US population reference; use for scale, not as an athlete-specific ideal."
nhanes-2017-2018-male-40-49-fat_mass_index-p90,NHANES 2017-2018,https://wwwn.cdc.gov/Nchs/Data/Nhanes/Public/2017/DataFiles/DXX_J.htm,2017-2018,male,40,49,fat_mass_index,90,13.9085,kg/m2,263,13076911.9572,DXX_J,DXDTOFAT/height^2,"Weighted with WTMEC2YR. DXA metrics require DXAEXSTS=1 and region invalidity flags where applicable. US population reference; use for scale, not as an athlete-specific ideal."
nhanes-2017-2018-male-40-49-fat_mass_index-p95,NHANES 2017-2018,https://wwwn.cdc.gov/Nchs/Data/Nhanes/Public/2017/DataFiles/DXX_J.htm,2017-2018,male,40,49,fat_mass_index,95,14.824,kg/m2,263,13076911.9572,DXX_J,DXDTOFAT/height^2,"Weighted with WTMEC2YR. DXA metrics require DXAEXSTS=1 and region invalidity flags where applicable. US population reference; use for scale, not as an athlete-specific ideal."
nhanes-2017-2018-male-50-59-fat_mass_index-p5,NHANES 2017-2018,https://wwwn.cdc.gov/Nchs/Data/Nhanes/Public/2017/DataFiles/DXX_J.htm,2017-2018,male,50,59,fat_mass_index,5,4.1938,kg/m2,281,14028891.4563,DXX_J,DXDTOFAT/height^2,"Weighted with WTMEC2YR. DXA metrics require DXAEXSTS=1 and region invalidity flags where applicable. US population reference; use for scale, not as an athlete-specific ideal."
nhanes-2017-2018-male-50-59-fat_mass_index-p10,NHANES 2017-2018,https://wwwn.cdc.gov/Nchs/Data/Nhanes/Public/2017/DataFiles/DXX_J.htm,2017-2018,male,50,59,fat_mass_index,10,5.2689,kg/m2,281,14028891.4563,DXX_J,DXDTOFAT/height^2,"Weighted with WTMEC2YR. DXA metrics require DXAEXSTS=1 and region invalidity flags where applicable. US population reference; use for scale, not as an athlete-specific ideal."
nhanes-2017-2018-male-50-59-fat_mass_index-p25,NHANES 2017-2018,https://wwwn.cdc.gov/Nchs/Data/Nhanes/Public/2017/DataFiles/DXX_J.htm,2017-2018,male,50,59,fat_mass_index,25,6.5547,kg/m2,281,14028891.4563,DXX_J,DXDTOFAT/height^2,"Weighted with WTMEC2YR. DXA metrics require DXAEXSTS=1 and region invalidity flags where applicable. US population reference; use for scale, not as an athlete-specific ideal."
nhanes-2017-2018-male-50-59-fat_mass_index-p50,NHANES 2017-2018,https://wwwn.cdc.gov/Nchs/Data/Nhanes/Public/2017/DataFiles/DXX_J.htm,2017-2018,male,50,59,fat_mass_index,50,8.017,kg/m2,281,14028891.4563,DXX_J,DXDTOFAT/height^2,"Weighted with WTMEC2YR. DXA metrics require DXAEXSTS=1 and region invalidity flags where applicable. US population reference; use for scale, not as an athlete-specific ideal."
nhanes-2017-2018-male-50-59-fat_mass_index-p75,NHANES 2017-2018,https://wwwn.cdc.gov/Nchs/Data/Nhanes/Public/2017/DataFiles/DXX_J.htm,2017-2018,male,50,59,fat_mass_index,75,9.9338,kg/m2,281,14028891.4563,DXX_J,DXDTOFAT/height^2,"Weighted with WTMEC2YR. DXA metrics require DXAEXSTS=1 and region invalidity flags where applicable. US population reference; use for scale, not as an athlete-specific ideal."
nhanes-2017-2018-male-50-59-fat_mass_index-p90,NHANES 2017-2018,https://wwwn.cdc.gov/Nchs/Data/Nhanes/Public/2017/DataFiles/DXX_J.htm,2017-2018,male,50,59,fat_mass_index,90,12.2182,kg/m2,281,14028891.4563,DXX_J,DXDTOFAT/height^2,"Weighted with WTMEC2YR. DXA metrics require DXAEXSTS=1 and region invalidity flags where applicable. US population reference; use for scale, not as an athlete-specific ideal."
nhanes-2017-2018-male-50-59-fat_mass_index-p95,NHANES 2017-2018,https://wwwn.cdc.gov/Nchs/Data/Nhanes/Public/2017/DataFiles/DXX_J.htm,2017-2018,male,50,59,fat_mass_index,95,15.9462,kg/m2,281,14028891.4563,DXX_J,DXDTOFAT/height^2,"Weighted with WTMEC2YR. DXA metrics require DXAEXSTS=1 and region invalidity flags where applicable. US population reference; use for scale, not as an athlete-specific ideal."
nhanes-2017-2018-male-18-59-fat_mass_index-p5,NHANES 2017-2018,https://wwwn.cdc.gov/Nchs/Data/Nhanes/Public/2017/DataFiles/DXX_J.htm,2017-2018,male,18,59,fat_mass_index,5,3.4716,kg/m2,1170,60238032.3213,DXX_J,DXDTOFAT/height^2,"Weighted with WTMEC2YR. DXA metrics require DXAEXSTS=1 and region invalidity flags where applicable. US population reference; use for scale, not as an athlete-specific ideal."
nhanes-2017-2018-male-18-59-fat_mass_index-p10,NHANES 2017-2018,https://wwwn.cdc.gov/Nchs/Data/Nhanes/Public/2017/DataFiles/DXX_J.htm,2017-2018,male,18,59,fat_mass_index,10,4.1051,kg/m2,1170,60238032.3213,DXX_J,DXDTOFAT/height^2,"Weighted with WTMEC2YR. DXA metrics require DXAEXSTS=1 and region invalidity flags where applicable. US population reference; use for scale, not as an athlete-specific ideal."
nhanes-2017-2018-male-18-59-fat_mass_index-p25,NHANES 2017-2018,https://wwwn.cdc.gov/Nchs/Data/Nhanes/Public/2017/DataFiles/DXX_J.htm,2017-2018,male,18,59,fat_mass_index,25,5.8361,kg/m2,1170,60238032.3213,DXX_J,DXDTOFAT/height^2,"Weighted with WTMEC2YR. DXA metrics require DXAEXSTS=1 and region invalidity flags where applicable. US population reference; use for scale, not as an athlete-specific ideal."
nhanes-2017-2018-male-18-59-fat_mass_index-p50,NHANES 2017-2018,https://wwwn.cdc.gov/Nchs/Data/Nhanes/Public/2017/DataFiles/DXX_J.htm,2017-2018,male,18,59,fat_mass_index,50,7.7367,kg/m2,1170,60238032.3213,DXX_J,DXDTOFAT/height^2,"Weighted with WTMEC2YR. DXA metrics require DXAEXSTS=1 and region invalidity flags where applicable. US population reference; use for scale, not as an athlete-specific ideal."
nhanes-2017-2018-male-18-59-fat_mass_index-p75,NHANES 2017-2018,https://wwwn.cdc.gov/Nchs/Data/Nhanes/Public/2017/DataFiles/DXX_J.htm,2017-2018,male,18,59,fat_mass_index,75,9.9852,kg/m2,1170,60238032.3213,DXX_J,DXDTOFAT/height^2,"Weighted with WTMEC2YR. DXA metrics require DXAEXSTS=1 and region invalidity flags where applicable. US population reference; use for scale, not as an athlete-specific ideal."
nhanes-2017-2018-male-18-59-fat_mass_index-p90,NHANES 2017-2018,https://wwwn.cdc.gov/Nchs/Data/Nhanes/Public/2017/DataFiles/DXX_J.htm,2017-2018,male,18,59,fat_mass_index,90,12.3509,kg/m2,1170,60238032.3213,DXX_J,DXDTOFAT/height^2,"Weighted with WTMEC2YR. DXA metrics require DXAEXSTS=1 and region invalidity flags where applicable. US population reference; use for scale, not as an athlete-specific ideal."
nhanes-2017-2018-male-18-59-fat_mass_index-p95,NHANES 2017-2018,https://wwwn.cdc.gov/Nchs/Data/Nhanes/Public/2017/DataFiles/DXX_J.htm,2017-2018,male,18,59,fat_mass_index,95,14.824,kg/m2,1170,60238032.3213,DXX_J,DXDTOFAT/height^2,"Weighted with WTMEC2YR. DXA metrics require DXAEXSTS=1 and region invalidity flags where applicable. US population reference; use for scale, not as an athlete-specific ideal."
nhanes-2017-2018-female-18-29-fat_mass_index-p5,NHANES 2017-2018,https://wwwn.cdc.gov/Nchs/Data/Nhanes/Public/2017/DataFiles/DXX_J.htm,2017-2018,female,18,29,fat_mass_index,5,4.8088,kg/m2,370,18589693.6296,DXX_J,DXDTOFAT/height^2,"Weighted with WTMEC2YR. DXA metrics require DXAEXSTS=1 and region invalidity flags where applicable. US population reference; use for scale, not as an athlete-specific ideal."
nhanes-2017-2018-female-18-29-fat_mass_index-p10,NHANES 2017-2018,https://wwwn.cdc.gov/Nchs/Data/Nhanes/Public/2017/DataFiles/DXX_J.htm,2017-2018,female,18,29,fat_mass_index,10,5.4849,kg/m2,370,18589693.6296,DXX_J,DXDTOFAT/height^2,"Weighted with WTMEC2YR. DXA metrics require DXAEXSTS=1 and region invalidity flags where applicable. US population reference; use for scale, not as an athlete-specific ideal."
nhanes-2017-2018-female-18-29-fat_mass_index-p25,NHANES 2017-2018,https://wwwn.cdc.gov/Nchs/Data/Nhanes/Public/2017/DataFiles/DXX_J.htm,2017-2018,female,18,29,fat_mass_index,25,6.8614,kg/m2,370,18589693.6296,DXX_J,DXDTOFAT/height^2,"Weighted with WTMEC2YR. DXA metrics require DXAEXSTS=1 and region invalidity flags where applicable. US population reference; use for scale, not as an athlete-specific ideal."
nhanes-2017-2018-female-18-29-fat_mass_index-p50,NHANES 2017-2018,https://wwwn.cdc.gov/Nchs/Data/Nhanes/Public/2017/DataFiles/DXX_J.htm,2017-2018,female,18,29,fat_mass_index,50,9.9643,kg/m2,370,18589693.6296,DXX_J,DXDTOFAT/height^2,"Weighted with WTMEC2YR. DXA metrics require DXAEXSTS=1 and region invalidity flags where applicable. US population reference; use for scale, not as an athlete-specific ideal."
nhanes-2017-2018-female-18-29-fat_mass_index-p75,NHANES 2017-2018,https://wwwn.cdc.gov/Nchs/Data/Nhanes/Public/2017/DataFiles/DXX_J.htm,2017-2018,female,18,29,fat_mass_index,75,13.6011,kg/m2,370,18589693.6296,DXX_J,DXDTOFAT/height^2,"Weighted with WTMEC2YR. DXA metrics require DXAEXSTS=1 and region invalidity flags where applicable. US population reference; use for scale, not as an athlete-specific ideal."
nhanes-2017-2018-female-18-29-fat_mass_index-p90,NHANES 2017-2018,https://wwwn.cdc.gov/Nchs/Data/Nhanes/Public/2017/DataFiles/DXX_J.htm,2017-2018,female,18,29,fat_mass_index,90,17.7259,kg/m2,370,18589693.6296,DXX_J,DXDTOFAT/height^2,"Weighted with WTMEC2YR. DXA metrics require DXAEXSTS=1 and region invalidity flags where applicable. US population reference; use for scale, not as an athlete-specific ideal."
nhanes-2017-2018-female-18-29-fat_mass_index-p95,NHANES 2017-2018,https://wwwn.cdc.gov/Nchs/Data/Nhanes/Public/2017/DataFiles/DXX_J.htm,2017-2018,female,18,29,fat_mass_index,95,19.6383,kg/m2,370,18589693.6296,DXX_J,DXDTOFAT/height^2,"Weighted with WTMEC2YR. DXA metrics require DXAEXSTS=1 and region invalidity flags where applicable. US population reference; use for scale, not as an athlete-specific ideal."
nhanes-2017-2018-female-30-39-fat_mass_index-p5,NHANES 2017-2018,https://wwwn.cdc.gov/Nchs/Data/Nhanes/Public/2017/DataFiles/DXX_J.htm,2017-2018,female,30,39,fat_mass_index,5,5.593,kg/m2,293,14187658.6457,DXX_J,DXDTOFAT/height^2,"Weighted with WTMEC2YR. DXA metrics require DXAEXSTS=1 and region invalidity flags where applicable. US population reference; use for scale, not as an athlete-specific ideal."
nhanes-2017-2018-female-30-39-fat_mass_index-p10,NHANES 2017-2018,https://wwwn.cdc.gov/Nchs/Data/Nhanes/Public/2017/DataFiles/DXX_J.htm,2017-2018,female,30,39,fat_mass_index,10,6.4793,kg/m2,293,14187658.6457,DXX_J,DXDTOFAT/height^2,"Weighted with WTMEC2YR. DXA metrics require DXAEXSTS=1 and region invalidity flags where applicable. US population reference; use for scale, not as an athlete-specific ideal."
nhanes-2017-2018-female-30-39-fat_mass_index-p25,NHANES 2017-2018,https://wwwn.cdc.gov/Nchs/Data/Nhanes/Public/2017/DataFiles/DXX_J.htm,2017-2018,female,30,39,fat_mass_index,25,7.7196,kg/m2,293,14187658.6457,DXX_J,DXDTOFAT/height^2,"Weighted with WTMEC2YR. DXA metrics require DXAEXSTS=1 and region invalidity flags where applicable. US population reference; use for scale, not as an athlete-specific ideal."
nhanes-2017-2018-female-30-39-fat_mass_index-p50,NHANES 2017-2018,https://wwwn.cdc.gov/Nchs/Data/Nhanes/Public/2017/DataFiles/DXX_J.htm,2017-2018,female,30,39,fat_mass_index,50,10.4945,kg/m2,293,14187658.6457,DXX_J,DXDTOFAT/height^2,"Weighted with WTMEC2YR. DXA metrics require DXAEXSTS=1 and region invalidity flags where applicable. US population reference; use for scale, not as an athlete-specific ideal."
nhanes-2017-2018-female-30-39-fat_mass_index-p75,NHANES 2017-2018,https://wwwn.cdc.gov/Nchs/Data/Nhanes/Public/2017/DataFiles/DXX_J.htm,2017-2018,female,30,39,fat_mass_index,75,14.2684,kg/m2,293,14187658.6457,DXX_J,DXDTOFAT/height^2,"Weighted with WTMEC2YR. DXA metrics require DXAEXSTS=1 and region invalidity flags where applicable. US population reference; use for scale, not as an athlete-specific ideal."
nhanes-2017-2018-female-30-39-fat_mass_index-p90,NHANES 2017-2018,https://wwwn.cdc.gov/Nchs/Data/Nhanes/Public/2017/DataFiles/DXX_J.htm,2017-2018,female,30,39,fat_mass_index,90,18.5264,kg/m2,293,14187658.6457,DXX_J,DXDTOFAT/height^2,"Weighted with WTMEC2YR. DXA metrics require DXAEXSTS=1 and region invalidity flags where applicable. US population reference; use for scale, not as an athlete-specific ideal."
nhanes-2017-2018-female-30-39-fat_mass_index-p95,NHANES 2017-2018,https://wwwn.cdc.gov/Nchs/Data/Nhanes/Public/2017/DataFiles/DXX_J.htm,2017-2018,female,30,39,fat_mass_index,95,20.5437,kg/m2,293,14187658.6457,DXX_J,DXDTOFAT/height^2,"Weighted with WTMEC2YR. DXA metrics require DXAEXSTS=1 and region invalidity flags where applicable. US population reference; use for scale, not as an athlete-specific ideal."
nhanes-2017-2018-female-40-49-fat_mass_index-p5,NHANES 2017-2018,https://wwwn.cdc.gov/Nchs/Data/Nhanes/Public/2017/DataFiles/DXX_J.htm,2017-2018,female,40,49,fat_mass_index,5,5.9154,kg/m2,288,14175963.9473,DXX_J,DXDTOFAT/height^2,"Weighted with WTMEC2YR. DXA metrics require DXAEXSTS=1 and region invalidity flags where applicable. US population reference; use for scale, not as an athlete-specific ideal."
nhanes-2017-2018-female-40-49-fat_mass_index-p10,NHANES 2017-2018,https://wwwn.cdc.gov/Nchs/Data/Nhanes/Public/2017/DataFiles/DXX_J.htm,2017-2018,female,40,49,fat_mass_index,10,6.8962,kg/m2,288,14175963.9473,DXX_J,DXDTOFAT/height^2,"Weighted with WTMEC2YR. DXA metrics require DXAEXSTS=1 and region invalidity flags where applicable. US population reference; use for scale, not as an athlete-specific ideal."
nhanes-2017-2018-female-40-49-fat_mass_index-p25,NHANES 2017-2018,https://wwwn.cdc.gov/Nchs/Data/Nhanes/Public/2017/DataFiles/DXX_J.htm,2017-2018,female,40,49,fat_mass_index,25,9.1217,kg/m2,288,14175963.9473,DXX_J,DXDTOFAT/height^2,"Weighted with WTMEC2YR. DXA metrics require DXAEXSTS=1 and region invalidity flags where applicable. US population reference; use for scale, not as an athlete-specific ideal."
nhanes-2017-2018-female-40-49-fat_mass_index-p50,NHANES 2017-2018,https://wwwn.cdc.gov/Nchs/Data/Nhanes/Public/2017/DataFiles/DXX_J.htm,2017-2018,female,40,49,fat_mass_index,50,11.3591,kg/m2,288,14175963.9473,DXX_J,DXDTOFAT/height^2,"Weighted with WTMEC2YR. DXA metrics require DXAEXSTS=1 and region invalidity flags where applicable. US population reference; use for scale, not as an athlete-specific ideal."
nhanes-2017-2018-female-40-49-fat_mass_index-p75,NHANES 2017-2018,https://wwwn.cdc.gov/Nchs/Data/Nhanes/Public/2017/DataFiles/DXX_J.htm,2017-2018,female,40,49,fat_mass_index,75,14.4273,kg/m2,288,14175963.9473,DXX_J,DXDTOFAT/height^2,"Weighted with WTMEC2YR. DXA metrics require DXAEXSTS=1 and region invalidity flags where applicable. US population reference; use for scale, not as an athlete-specific ideal."
nhanes-2017-2018-female-40-49-fat_mass_index-p90,NHANES 2017-2018,https://wwwn.cdc.gov/Nchs/Data/Nhanes/Public/2017/DataFiles/DXX_J.htm,2017-2018,female,40,49,fat_mass_index,90,19.0297,kg/m2,288,14175963.9473,DXX_J,DXDTOFAT/height^2,"Weighted with WTMEC2YR. DXA metrics require DXAEXSTS=1 and region invalidity flags where applicable. US population reference; use for scale, not as an athlete-specific ideal."
nhanes-2017-2018-female-40-49-fat_mass_index-p95,NHANES 2017-2018,https://wwwn.cdc.gov/Nchs/Data/Nhanes/Public/2017/DataFiles/DXX_J.htm,2017-2018,female,40,49,fat_mass_index,95,20.9584,kg/m2,288,14175963.9473,DXX_J,DXDTOFAT/height^2,"Weighted with WTMEC2YR. DXA metrics require DXAEXSTS=1 and region invalidity flags where applicable. US population reference; use for scale, not as an athlete-specific ideal."
nhanes-2017-2018-female-50-59-fat_mass_index-p5,NHANES 2017-2018,https://wwwn.cdc.gov/Nchs/Data/Nhanes/Public/2017/DataFiles/DXX_J.htm,2017-2018,female,50,59,fat_mass_index,5,5.4866,kg/m2,322,15002231.0089,DXX_J,DXDTOFAT/height^2,"Weighted with WTMEC2YR. DXA metrics require DXAEXSTS=1 and region invalidity flags where applicable. US population reference; use for scale, not as an athlete-specific ideal."
nhanes-2017-2018-female-50-59-fat_mass_index-p10,NHANES 2017-2018,https://wwwn.cdc.gov/Nchs/Data/Nhanes/Public/2017/DataFiles/DXX_J.htm,2017-2018,female,50,59,fat_mass_index,10,6.2606,kg/m2,322,15002231.0089,DXX_J,DXDTOFAT/height^2,"Weighted with WTMEC2YR. DXA metrics require DXAEXSTS=1 and region invalidity flags where applicable. US population reference; use for scale, not as an athlete-specific ideal."
nhanes-2017-2018-female-50-59-fat_mass_index-p25,NHANES 2017-2018,https://wwwn.cdc.gov/Nchs/Data/Nhanes/Public/2017/DataFiles/DXX_J.htm,2017-2018,female,50,59,fat_mass_index,25,8.2699,kg/m2,322,15002231.0089,DXX_J,DXDTOFAT/height^2,"Weighted with WTMEC2YR. DXA metrics require DXAEXSTS=1 and region invalidity flags where applicable. US population reference; use for scale, not as an athlete-specific ideal."
nhanes-2017-2018-female-50-59-fat_mass_index-p50,NHANES 2017-2018,https://wwwn.cdc.gov/Nchs/Data/Nhanes/Public/2017/DataFiles/DXX_J.htm,2017-2018,female,50,59,fat_mass_index,50,11.1973,kg/m2,322,15002231.0089,DXX_J,DXDTOFAT/height^2,"Weighted with WTMEC2YR. DXA metrics require DXAEXSTS=1 and region invalidity flags where applicable. US population reference; use for scale, not as an athlete-specific ideal."
nhanes-2017-2018-female-50-59-fat_mass_index-p75,NHANES 2017-2018,https://wwwn.cdc.gov/Nchs/Data/Nhanes/Public/2017/DataFiles/DXX_J.htm,2017-2018,female,50,59,fat_mass_index,75,14.2763,kg/m2,322,15002231.0089,DXX_J,DXDTOFAT/height^2,"Weighted with WTMEC2YR. DXA metrics require DXAEXSTS=1 and region invalidity flags where applicable. US population reference; use for scale, not as an athlete-specific ideal."
nhanes-2017-2018-female-50-59-fat_mass_index-p90,NHANES 2017-2018,https://wwwn.cdc.gov/Nchs/Data/Nhanes/Public/2017/DataFiles/DXX_J.htm,2017-2018,female,50,59,fat_mass_index,90,16.5529,kg/m2,322,15002231.0089,DXX_J,DXDTOFAT/height^2,"Weighted with WTMEC2YR. DXA metrics require DXAEXSTS=1 and region invalidity flags where applicable. US population reference; use for scale, not as an athlete-specific ideal."
nhanes-2017-2018-female-50-59-fat_mass_index-p95,NHANES 2017-2018,https://wwwn.cdc.gov/Nchs/Data/Nhanes/Public/2017/DataFiles/DXX_J.htm,2017-2018,female,50,59,fat_mass_index,95,20.255,kg/m2,322,15002231.0089,DXX_J,DXDTOFAT/height^2,"Weighted with WTMEC2YR. DXA metrics require DXAEXSTS=1 and region invalidity flags where applicable. US population reference; use for scale, not as an athlete-specific ideal."
nhanes-2017-2018-female-18-59-fat_mass_index-p5,NHANES 2017-2018,https://wwwn.cdc.gov/Nchs/Data/Nhanes/Public/2017/DataFiles/DXX_J.htm,2017-2018,female,18,59,fat_mass_index,5,5.3473,kg/m2,1273,61955547.2315,DXX_J,DXDTOFAT/height^2,"Weighted with WTMEC2YR. DXA metrics require DXAEXSTS=1 and region invalidity flags where applicable. US population reference; use for scale, not as an athlete-specific ideal."
nhanes-2017-2018-female-18-59-fat_mass_index-p10,NHANES 2017-2018,https://wwwn.cdc.gov/Nchs/Data/Nhanes/Public/2017/DataFiles/DXX_J.htm,2017-2018,female,18,59,fat_mass_index,10,5.944,kg/m2,1273,61955547.2315,DXX_J,DXDTOFAT/height^2,"Weighted with WTMEC2YR. DXA metrics require DXAEXSTS=1 and region invalidity flags where applicable. US population reference; use for scale, not as an athlete-specific ideal."
nhanes-2017-2018-female-18-59-fat_mass_index-p25,NHANES 2017-2018,https://wwwn.cdc.gov/Nchs/Data/Nhanes/Public/2017/DataFiles/DXX_J.htm,2017-2018,female,18,59,fat_mass_index,25,7.8372,kg/m2,1273,61955547.2315,DXX_J,DXDTOFAT/height^2,"Weighted with WTMEC2YR. DXA metrics require DXAEXSTS=1 and region invalidity flags where applicable. US population reference; use for scale, not as an athlete-specific ideal."
nhanes-2017-2018-female-18-59-fat_mass_index-p50,NHANES 2017-2018,https://wwwn.cdc.gov/Nchs/Data/Nhanes/Public/2017/DataFiles/DXX_J.htm,2017-2018,female,18,59,fat_mass_index,50,10.7422,kg/m2,1273,61955547.2315,DXX_J,DXDTOFAT/height^2,"Weighted with WTMEC2YR. DXA metrics require DXAEXSTS=1 and region invalidity flags where applicable. US population reference; use for scale, not as an athlete-specific ideal."
nhanes-2017-2018-female-18-59-fat_mass_index-p75,NHANES 2017-2018,https://wwwn.cdc.gov/Nchs/Data/Nhanes/Public/2017/DataFiles/DXX_J.htm,2017-2018,female,18,59,fat_mass_index,75,14.2246,kg/m2,1273,61955547.2315,DXX_J,DXDTOFAT/height^2,"Weighted with WTMEC2YR. DXA metrics require DXAEXSTS=1 and region invalidity flags where applicable. US population reference; use for scale, not as an athlete-specific ideal."
nhanes-2017-2018-female-18-59-fat_mass_index-p90,NHANES 2017-2018,https://wwwn.cdc.gov/Nchs/Data/Nhanes/Public/2017/DataFiles/DXX_J.htm,2017-2018,female,18,59,fat_mass_index,90,17.8571,kg/m2,1273,61955547.2315,DXX_J,DXDTOFAT/height^2,"Weighted with WTMEC2YR. DXA metrics require DXAEXSTS=1 and region invalidity flags where applicable. US population reference; use for scale, not as an athlete-specific ideal."
nhanes-2017-2018-female-18-59-fat_mass_index-p95,NHANES 2017-2018,https://wwwn.cdc.gov/Nchs/Data/Nhanes/Public/2017/DataFiles/DXX_J.htm,2017-2018,female,18,59,fat_mass_index,95,20.5437,kg/m2,1273,61955547.2315,DXX_J,DXDTOFAT/height^2,"Weighted with WTMEC2YR. DXA metrics require DXAEXSTS=1 and region invalidity flags where applicable. US population reference; use for scale, not as an athlete-specific ideal."
